2026-03-24 09:59:50.299	[INFO] [START] Script
2026-03-24 09:59:50.324	[INFO] [START] Initialize-Modules
2026-03-24 09:59:50.344	[INFO] [START] Script
2026-03-24 09:59:50.400	[INFO] [START] Initialize-Modules
2026-03-24 10:00:34.607	[INFO] [END] Initialize-Modules
2026-03-24 10:00:34.651	[INFO] [START] Ensure-AzSession
2026-03-24 10:00:36.437	[INFO] [END] Ensure-AzSession
2026-03-24 10:00:36.540	[INFO] [START] Validate-Inputs

2026-03-24 10:00:36.592	[INFO] [START] Ensure-AzSession
2026-03-24 10:00:37.332	[INFO] Excel 시트 로드: KV
2026-03-24 10:00:38.280	[INFO] Excel 시트 로드: KV
2026-03-24 10:00:38.376	[INFO] [START] Validate-Inputs
2026-03-24 10:00:38.732	[INFO] Excel 시트 로드: DES
2026-03-24 10:00:38.892	[INFO] Excel 시트 로드: DES
2026-03-24 10:00:39.113	[INFO] Excel 시트 로드: VM_PRD
2026-03-24 10:00:39.348	[INFO] [END] Validate-Inputs
2026-03-24 10:00:39.385	[INFO] [START] Deploy-KeyVaults
2026-03-24 10:00:39.558	[INFO] Excel 시트 로드: KV
2026-03-24 10:00:39.628	[INFO] Excel 시트 로드: KV
2026-03-24 10:00:40.075	[INFO] [DryRun] 리소스 그룹 생성 예정: PRD-NW-RG (koreacentral)
2026-03-24 10:00:40.114	[INFO] [DryRun] Key Vault 배포 예정: diskencryption-kv, Key=testkey1
2026-03-24 10:00:40.163	[INFO] [END] Deploy-KeyVaults
2026-03-24 10:00:40.204	[INFO] [END] Script
2026-03-24 10:00:40.296	[INFO] Excel 시트 로드: DES
2026-03-24 10:00:41.312	[INFO] Excel 시트 로드: VM_PRD
2026-03-24 10:00:41.880	[INFO] [END] Validate-Inputs
2026-03-24 10:00:41.958	[INFO] [START] Deploy-DiskEncryptionSets
2026-03-24 10:00:42.372	[INFO] Excel 시트 로드: DES
2026-03-24 10:00:42.792	[INFO] [DryRun] 리소스 그룹 생성 예정: PRD-NW-RG (koreacentral)
2026-03-24 10:00:42.828	[INFO] [DryRun] DES 배포 예정: prd-test-des (KV=diskencryption-kv, Key=testkey1)
2026-03-24 10:00:42.892	[INFO] [END] Deploy-DiskEncryptionSets
2026-03-24 10:00:42.941	[INFO] [END] Script
2026-03-24 10:05:09.028	[INFO] [START] Script
2026-03-24 10:05:09.053	[INFO] [START] Initialize-Modules
2026-03-24 10:05:23.194	[INFO] [END] Initialize-Modules
2026-03-24 10:05:23.234	[ERR] 치명적 오류: Excel 파일을 찾을 수 없습니다: .\서버정보\배포파일.xlsx
2026-03-24 10:05:58.467	[INFO] [START] Script
2026-03-24 10:05:58.498	[INFO] [START] Initialize-Modules
2026-03-24 10:05:59.689	[INFO] [END] Initialize-Modules
2026-03-24 10:05:59.713	[INFO] [START] Ensure-AzSession
2026-03-24 10:06:00.098	[INFO] [END] Ensure-AzSession
2026-03-24 10:06:00.137	[INFO] [START] Validate-Inputs
2026-03-24 10:06:00.527	[INFO] Excel 시트 로드: RG
2026-03-24 10:06:01.110	[INFO] Excel 시트 로드: VNET
2026-03-24 10:06:01.554	[INFO] Excel 시트 로드: Storage
2026-03-24 10:06:01.964	[INFO] Excel 시트 로드: KV
2026-03-24 10:06:02.438	[INFO] Excel 시트 로드: DES
2026-03-24 10:06:02.888	[INFO] Excel 시트 로드: NSG
2026-03-24 10:06:03.306	[INFO] Excel 시트 로드: VM_PRD
2026-03-24 10:06:03.724	[INFO] Excel 시트 로드: KV
2026-03-24 10:06:04.140	[INFO] Excel 시트 로드: DES
2026-03-24 10:06:04.596	[INFO] Excel 시트 로드: VM_PRD
2026-03-24 10:06:04.847	[INFO] [END] Validate-Inputs
2026-03-24 10:06:04.879	[INFO] [START] Deploy-ResourceGroups
2026-03-24 10:06:05.137	[INFO] Excel 시트 로드: RG
2026-03-24 10:06:05.834	[ERR] 치명적 오류: Your Azure credentials have not been set up or have expired, please run Connect-AzAccount to set up your Azure credentials.
A task was canceled.
2026-03-24 10:08:52.920	[INFO] [START] Script
2026-03-24 10:08:52.925	[INFO] [START] Initialize-Modules
2026-03-24 10:08:54.249	[INFO] [END] Initialize-Modules
2026-03-24 10:08:54.275	[INFO] [START] Ensure-AzSession
2026-03-24 10:08:54.717	[WARN] Azure 세션이 만료되어 재로그인을 시도합니다.
2026-03-24 10:09:21.740	[INFO] [END] Ensure-AzSession
2026-03-24 10:09:21.789	[INFO] [START] Validate-Inputs
2026-03-24 10:09:22.175	[INFO] Excel 시트 로드: RG
2026-03-24 10:09:22.763	[INFO] Excel 시트 로드: VNET
2026-03-24 10:09:23.413	[INFO] Excel 시트 로드: Storage
2026-03-24 10:09:24.041	[INFO] Excel 시트 로드: KV
2026-03-24 10:09:24.721	[INFO] Excel 시트 로드: DES
2026-03-24 10:09:25.360	[INFO] Excel 시트 로드: NSG
2026-03-24 10:09:25.800	[INFO] Excel 시트 로드: VM_PRD
2026-03-24 10:09:26.232	[INFO] Excel 시트 로드: KV
2026-03-24 10:09:26.639	[INFO] Excel 시트 로드: DES
2026-03-24 10:09:27.104	[INFO] Excel 시트 로드: VM_PRD
2026-03-24 10:09:27.421	[INFO] [END] Validate-Inputs
2026-03-24 10:09:27.453	[INFO] [START] Deploy-ResourceGroups
2026-03-24 10:09:27.748	[INFO] Excel 시트 로드: RG
2026-03-24 10:09:31.196	[INFO] 리소스 그룹 생성 완료: PRD-NW-RG
2026-03-24 10:09:34.799	[INFO] 리소스 그룹 생성 완료: PRG-WEB-RG
2026-03-24 10:09:37.154	[INFO] 리소스 그룹 생성 완료: PRD-APP-RG
2026-03-24 10:09:39.150	[INFO] 리소스 그룹 생성 완료: STG-NW-RG
2026-03-24 10:09:41.420	[INFO] 리소스 그룹 생성 완료: STG-WEB-RG
2026-03-24 10:09:43.801	[INFO] 리소스 그룹 생성 완료: STG-APP-RG
2026-03-24 10:09:46.542	[INFO] 리소스 그룹 생성 완료: DEV-NW-RG
2026-03-24 10:09:49.432	[INFO] 리소스 그룹 생성 완료: DEV-WEB-RG
2026-03-24 10:09:51.492	[INFO] 리소스 그룹 생성 완료: DEV-APP-RG
2026-03-24 10:09:51.512	[INFO] [END] Deploy-ResourceGroups
2026-03-24 10:09:51.551	[INFO] [START] Deploy-Vnets
2026-03-24 10:09:51.814	[INFO] Excel 시트 로드: VNET
2026-03-24 10:09:52.563	[INFO] 리소스 그룹 유지: PRD-NW-RG
2026-03-24 10:10:03.863	[INFO] VNet 생성 완료: testprdnwvnet
2026-03-24 10:10:04.298	[INFO] 리소스 그룹 유지: STG-NW-RG
2026-03-24 10:10:14.054	[INFO] VNet 생성 완료: teststgnwvnet
2026-03-24 10:10:14.562	[INFO] 리소스 그룹 유지: DEV-NW-RG
2026-03-24 10:10:23.807	[INFO] VNet 생성 완료: testdevnwvnet
2026-03-24 10:10:23.826	[INFO] [END] Deploy-Vnets
2026-03-24 10:10:23.848	[INFO] [START] Deploy-Storages
2026-03-24 10:10:24.089	[INFO] Excel 시트 로드: Storage
2026-03-24 10:10:24.979	[INFO] 리소스 그룹 유지: PRD-NW-RG
2026-03-24 10:11:18.232	[INFO] 스토리지 생성 완료: testprdstrboot
2026-03-24 10:11:18.722	[INFO] 리소스 그룹 유지: STG-NW-RG
2026-03-24 10:12:13.750	[INFO] 스토리지 생성 완료: teststgstrboot
2026-03-24 10:12:14.145	[INFO] 리소스 그룹 유지: DEV-NW-RG
2026-03-24 10:13:09.477	[INFO] 스토리지 생성 완료: testdevstrboot
2026-03-24 10:13:09.497	[INFO] [END] Deploy-Storages
2026-03-24 10:13:09.519	[INFO] [START] Deploy-KeyVaults
2026-03-24 10:13:09.766	[INFO] Excel 시트 로드: KV
2026-03-24 10:13:10.368	[INFO] 리소스 그룹 유지: PRD-NW-RG
2026-03-24 10:13:12.659	[ERR] 치명적 오류: The vault name 'diskencryption-kv' is already in use. Vault names are globally unique so it is possible that the name is already taken. If you are sure that the vault name was not taken then it is possible that a vault with the same name was recently deleted but not purged after being placed in a recoverable state. If the vault is in a recoverable state then the vault will need to be purged before reusing the name. For more information about VaultAlreadyExists, soft delete and purging a vault follow this link https://go.microsoft.com/fwlink/?linkid=2147740.
2026-03-24 10:24:44.288	[INFO] [START] Script
2026-03-24 10:24:44.292	[INFO] [START] Initialize-Modules
2026-03-24 10:24:45.567	[INFO] [END] Initialize-Modules
2026-03-24 10:24:45.601	[INFO] [START] Ensure-AzSession
2026-03-24 10:24:49.931	[INFO] [END] Ensure-AzSession
2026-03-24 10:24:49.976	[INFO] [START] Validate-Inputs
2026-03-24 10:24:50.255	[INFO] Excel 시트 로드: RG
2026-03-24 10:24:50.725	[INFO] Excel 시트 로드: VNET
2026-03-24 10:24:51.199	[INFO] Excel 시트 로드: Storage
2026-03-24 10:24:51.664	[INFO] Excel 시트 로드: KV
2026-03-24 10:24:52.126	[INFO] Excel 시트 로드: DES
2026-03-24 10:24:52.580	[INFO] Excel 시트 로드: NSG
2026-03-24 10:24:53.061	[INFO] Excel 시트 로드: VM_PRD
2026-03-24 10:24:53.641	[INFO] Excel 시트 로드: KV
2026-03-24 10:24:54.161	[INFO] Excel 시트 로드: DES
2026-03-24 10:24:54.665	[INFO] Excel 시트 로드: VM_PRD
2026-03-24 10:24:54.910	[INFO] [END] Validate-Inputs
2026-03-24 10:24:54.930	[INFO] [START] Deploy-ResourceGroups
2026-03-24 10:24:55.176	[INFO] Excel 시트 로드: RG
2026-03-24 10:24:57.370	[INFO] 리소스 그룹 생성 완료: PRD-NW-RG
2026-03-24 10:24:59.293	[INFO] 리소스 그룹 생성 완료: PRG-WEB-RG
2026-03-24 10:25:01.298	[INFO] 리소스 그룹 생성 완료: PRD-APP-RG
2026-03-24 10:25:03.285	[INFO] 리소스 그룹 생성 완료: STG-NW-RG
2026-03-24 10:25:05.457	[INFO] 리소스 그룹 생성 완료: STG-WEB-RG
2026-03-24 10:25:07.454	[INFO] 리소스 그룹 생성 완료: STG-APP-RG
2026-03-24 10:25:09.535	[INFO] 리소스 그룹 생성 완료: DEV-NW-RG
2026-03-24 10:25:11.721	[INFO] 리소스 그룹 생성 완료: DEV-WEB-RG
2026-03-24 10:25:13.569	[INFO] 리소스 그룹 생성 완료: DEV-APP-RG
2026-03-24 10:25:13.591	[INFO] [END] Deploy-ResourceGroups
2026-03-24 10:25:13.621	[INFO] [START] Deploy-Vnets
2026-03-24 10:25:13.937	[INFO] Excel 시트 로드: VNET
2026-03-24 10:25:14.507	[INFO] 리소스 그룹 유지: PRD-NW-RG
2026-03-24 10:25:23.070	[INFO] VNet 생성 완료: testprdnwvnet
2026-03-24 10:25:23.539	[INFO] 리소스 그룹 유지: STG-NW-RG
2026-03-24 10:25:32.188	[INFO] VNet 생성 완료: teststgnwvnet
2026-03-24 10:25:32.544	[INFO] 리소스 그룹 유지: DEV-NW-RG
2026-03-24 10:25:41.322	[INFO] VNet 생성 완료: testdevnwvnet
2026-03-24 10:25:41.344	[INFO] [END] Deploy-Vnets
2026-03-24 10:25:41.366	[INFO] [START] Deploy-Storages
2026-03-24 10:25:41.611	[INFO] Excel 시트 로드: Storage
2026-03-24 10:25:42.191	[INFO] 리소스 그룹 유지: PRD-NW-RG
2026-03-24 10:26:51.807	[INFO] 스토리지 생성 완료: testprdstrboot
2026-03-24 10:26:52.206	[INFO] 리소스 그룹 유지: STG-NW-RG
2026-03-24 10:27:53.816	[INFO] 스토리지 생성 완료: teststgstrboot
2026-03-24 10:27:54.359	[INFO] 리소스 그룹 유지: DEV-NW-RG
2026-03-24 10:33:57.702	[INFO] 스토리지 생성 완료: testdevstrboot
2026-03-24 10:33:57.724	[INFO] [END] Deploy-Storages
2026-03-24 10:33:57.746	[INFO] [START] Deploy-KeyVaults
2026-03-24 10:33:57.993	[INFO] Excel 시트 로드: KV
2026-03-24 10:33:58.734	[INFO] 리소스 그룹 유지: PRD-NW-RG
2026-03-24 10:34:36.967	[INFO] Key Vault 생성 완료: testdiskencryptionkv
2026-03-24 10:34:38.802	[ERR] 치명적 오류: Caller is not authorized to perform action on resource.
If role assignments, deny assignments or role definitions were changed recently, please observe propagation time.
Caller: appid=1950a258-227b-4e31-a9cf-717495945fc2;oid=26de60d8-d9ba-4d02-b910-b1644a4df4aa;iss=https://sts.windows.net/ff6c2b50-48ca-49ae-8a1b-54983ab23506/
Action: 'Microsoft.KeyVault/vaults/keys/create/action'
Resource: '/subscriptions/cd49c1cd-99b9-4c13-b58c-a42211770a52/resourcegroups/prd-nw-rg/providers/microsoft.keyvault/vaults/testdiskencryptionkv/keys/testkey1'
Assignment: (not found)
DenyAssignmentId: null
DecisionReason: null 
Vault: testdiskencryptionkv;location=koreacentral

Status: 403 (Forbidden)
ErrorCode: Forbidden

Content:
{"error":{"code":"Forbidden","message":"Caller is not authorized to perform action on resource.\r\nIf role assignments, deny assignments or role definitions were changed recently, please observe propagation time.\r\nCaller: appid=1950a258-227b-4e31-a9cf-717495945fc2;oid=26de60d8-d9ba-4d02-b910-b1644a4df4aa;iss=https://sts.windows.net/ff6c2b50-48ca-49ae-8a1b-54983ab23506/\r\nAction: 'Microsoft.KeyVault/vaults/keys/create/action'\r\nResource: '/subscriptions/cd49c1cd-99b9-4c13-b58c-a42211770a52/resourcegroups/prd-nw-rg/providers/microsoft.keyvault/vaults/testdiskencryptionkv/keys/testkey1'\r\nAssignment: (not found)\r\nDenyAssignmentId: null\r\nDecisionReason: null \r\nVault: testdiskencryptionkv;location=koreacentral\r\n","innererror":{"code":"ForbiddenByRbac"}}}

Headers:
Cache-Control: no-cache
Pragma: no-cache
x-ms-keyvault-region: koreacentral
x-ms-client-request-id: 0d7ccc7d-c33f-4606-b027-acc961c1e567
x-ms-request-id: a95abf00-c4d4-44e8-9432-5cae92e18e81
x-ms-keyvault-service-version: 1.9.3070.1
x-ms-keyvault-network-info: conn_type=Ipv4;addr=123.141.145.23;act_addr_fam=InterNetwork;
X-Content-Type-Options: REDACTED
Strict-Transport-Security: REDACTED
Date: Tue, 24 Mar 2026 01:34:38 GMT
Content-Type: application/json; charset=utf-8
Expires: -1
Content-Length: 772

2026-03-24 10:39:14.511	[INFO] [START] Script
2026-03-24 10:39:14.515	[INFO] [START] Initialize-Modules
2026-03-24 10:39:15.904	[INFO] [END] Initialize-Modules
2026-03-24 10:39:15.940	[INFO] [START] Ensure-AzSession
2026-03-24 10:39:21.523	[INFO] [END] Ensure-AzSession
2026-03-24 10:39:21.614	[INFO] [START] Validate-Inputs
2026-03-24 10:39:22.108	[INFO] Excel 시트 로드: KV
2026-03-24 10:39:22.825	[INFO] Excel 시트 로드: DES
2026-03-24 10:39:23.406	[INFO] Excel 시트 로드: NSG
2026-03-24 10:39:23.962	[INFO] Excel 시트 로드: VM_PRD
2026-03-24 10:39:24.553	[INFO] Excel 시트 로드: KV
2026-03-24 10:39:25.067	[INFO] Excel 시트 로드: DES
2026-03-24 10:39:25.544	[INFO] Excel 시트 로드: VM_PRD
2026-03-24 10:39:25.812	[INFO] [END] Validate-Inputs
2026-03-24 10:39:25.829	[INFO] [START] Deploy-KeyVaults
2026-03-24 10:39:26.142	[INFO] Excel 시트 로드: KV
2026-03-24 10:39:26.948	[INFO] 리소스 그룹 유지: PRD-NW-RG
2026-03-24 10:39:27.582	[INFO] Key Vault 유지: testdiskencryptionkv
2026-03-24 10:39:28.065	[ERR] 치명적 오류: Caller is not authorized to perform action on resource.
If role assignments, deny assignments or role definitions were changed recently, please observe propagation time.
Caller: appid=1950a258-227b-4e31-a9cf-717495945fc2;oid=26de60d8-d9ba-4d02-b910-b1644a4df4aa;iss=https://sts.windows.net/ff6c2b50-48ca-49ae-8a1b-54983ab23506/
Action: 'Microsoft.KeyVault/vaults/keys/create/action'
Resource: '/subscriptions/cd49c1cd-99b9-4c13-b58c-a42211770a52/resourcegroups/prd-nw-rg/providers/microsoft.keyvault/vaults/testdiskencryptionkv/keys/testkey1'
Assignment: (not found)
DenyAssignmentId: null
DecisionReason: null 
Vault: testdiskencryptionkv;location=koreacentral

Status: 403 (Forbidden)
ErrorCode: Forbidden

Content:
{"error":{"code":"Forbidden","message":"Caller is not authorized to perform action on resource.\r\nIf role assignments, deny assignments or role definitions were changed recently, please observe propagation time.\r\nCaller: appid=1950a258-227b-4e31-a9cf-717495945fc2;oid=26de60d8-d9ba-4d02-b910-b1644a4df4aa;iss=https://sts.windows.net/ff6c2b50-48ca-49ae-8a1b-54983ab23506/\r\nAction: 'Microsoft.KeyVault/vaults/keys/create/action'\r\nResource: '/subscriptions/cd49c1cd-99b9-4c13-b58c-a42211770a52/resourcegroups/prd-nw-rg/providers/microsoft.keyvault/vaults/testdiskencryptionkv/keys/testkey1'\r\nAssignment: (not found)\r\nDenyAssignmentId: null\r\nDecisionReason: null \r\nVault: testdiskencryptionkv;location=koreacentral\r\n","innererror":{"code":"ForbiddenByRbac"}}}

Headers:
Cache-Control: no-cache
Pragma: no-cache
x-ms-keyvault-region: koreacentral
x-ms-client-request-id: ada0bb3c-7abf-433c-b720-b45803a50314
x-ms-request-id: acdd5bbd-4f45-4d1d-b9b6-7b5ba52ae7f1
x-ms-keyvault-service-version: 1.9.3070.1
x-ms-keyvault-network-info: conn_type=Ipv4;addr=123.141.145.23;act_addr_fam=InterNetwork;
X-Content-Type-Options: REDACTED
Strict-Transport-Security: REDACTED
Date: Tue, 24 Mar 2026 01:39:27 GMT
Content-Type: application/json; charset=utf-8
Expires: -1
Content-Length: 772

2026-03-24 10:43:23.217	[INFO] [START] Script
2026-03-24 10:43:23.239	[INFO] [START] Initialize-Modules
2026-03-24 10:43:53.148	[INFO] [END] Initialize-Modules
2026-03-24 10:43:53.190	[INFO] [START] Ensure-AzSession
2026-03-24 10:43:58.554	[INFO] [END] Ensure-AzSession
2026-03-24 10:43:58.591	[INFO] [START] Validate-Inputs
2026-03-24 10:43:58.875	[INFO] Excel 시트 로드: KV
2026-03-24 10:43:59.336	[INFO] Excel 시트 로드: KV
2026-03-24 10:43:59.627	[INFO] Excel 시트 로드: DES
2026-03-24 10:43:59.857	[INFO] Excel 시트 로드: VM_PRD
2026-03-24 10:43:59.998	[INFO] [END] Validate-Inputs
2026-03-24 10:44:00.026	[INFO] [START] Deploy-KeyVaults
2026-03-24 10:44:00.146	[INFO] Excel 시트 로드: KV
2026-03-24 10:44:00.277	[INFO] [DryRun] 리소스 그룹 생성 예정: PRD-NW-RG (koreacentral)
2026-03-24 10:44:00.292	[INFO] [DryRun] Key Vault 배포 예정: testdiskencryptionkv, Key=testkey1
2026-03-24 10:44:00.311	[INFO] [END] Deploy-KeyVaults
2026-03-24 10:44:00.327	[INFO] [END] Script
2026-03-24 10:44:23.498	[INFO] [START] Script
2026-03-24 10:44:23.526	[INFO] [START] Initialize-Modules
2026-03-24 10:44:24.654	[INFO] [END] Initialize-Modules
2026-03-24 10:44:24.674	[INFO] [START] Ensure-AzSession
2026-03-24 10:44:28.192	[INFO] [END] Ensure-AzSession
2026-03-24 10:44:28.233	[INFO] [START] Validate-Inputs
2026-03-24 10:44:28.509	[INFO] Excel 시트 로드: KV
2026-03-24 10:44:28.963	[INFO] Excel 시트 로드: DES
2026-03-24 10:44:29.416	[INFO] Excel 시트 로드: NSG
2026-03-24 10:44:29.944	[INFO] Excel 시트 로드: VM_PRD
2026-03-24 10:44:30.443	[INFO] Excel 시트 로드: KV
2026-03-24 10:44:30.899	[INFO] Excel 시트 로드: DES
2026-03-24 10:44:31.352	[INFO] Excel 시트 로드: VM_PRD
2026-03-24 10:44:31.602	[INFO] [END] Validate-Inputs
2026-03-24 10:44:31.632	[INFO] [START] Deploy-KeyVaults
2026-03-24 10:44:31.871	[INFO] Excel 시트 로드: KV
2026-03-24 10:44:33.062	[ERR] 치명적 오류: 실행 계정의 ObjectId를 조회하지 못했습니다. AccountType=User, AccountId=skpaek@zenithcloud.com
2026-03-24 10:46:14.808	[INFO] [START] Script
2026-03-24 10:46:14.812	[INFO] [START] Initialize-Modules
2026-03-24 10:46:15.908	[INFO] [END] Initialize-Modules
2026-03-24 10:46:15.938	[INFO] [START] Ensure-AzSession
2026-03-24 10:46:17.017	[INFO] [END] Ensure-AzSession
2026-03-24 10:46:17.056	[INFO] [START] Validate-Inputs
2026-03-24 10:46:17.411	[INFO] Excel 시트 로드: KV
2026-03-24 10:46:17.885	[INFO] Excel 시트 로드: DES
2026-03-24 10:46:18.347	[INFO] Excel 시트 로드: NSG
2026-03-24 10:46:18.950	[INFO] Excel 시트 로드: VM_PRD
2026-03-24 10:46:19.881	[INFO] Excel 시트 로드: KV
2026-03-24 10:46:20.581	[INFO] Excel 시트 로드: DES
2026-03-24 10:46:21.104	[INFO] Excel 시트 로드: VM_PRD
2026-03-24 10:46:21.352	[INFO] [END] Validate-Inputs
2026-03-24 10:46:21.379	[INFO] [START] Deploy-KeyVaults
2026-03-24 10:46:21.628	[INFO] Excel 시트 로드: KV
2026-03-24 10:46:24.122	[INFO] 리소스 그룹 유지: PRD-NW-RG
2026-03-24 10:46:24.954	[INFO] Key Vault 유지: testdiskencryptionkv
2026-03-24 10:46:32.814	[INFO] 실행 계정 권한 할당 완료: Key Vault Crypto Officer
2026-03-24 10:46:33.783	[WARN] Key Vault RBAC 전파 대기 중... (1/8)
2026-03-24 10:46:49.351	[INFO] Key Vault Key 생성 완료: testdiskencryptionkv/testkey1
2026-03-24 10:46:49.371	[INFO] [END] Deploy-KeyVaults
2026-03-24 10:46:49.394	[INFO] [START] Deploy-DiskEncryptionSets
2026-03-24 10:46:49.664	[INFO] Excel 시트 로드: DES
2026-03-24 10:46:50.273	[INFO] 리소스 그룹 유지: PRD-NW-RG
2026-03-24 10:47:24.669	[INFO] DES 생성 완료: prd-test-des
2026-03-24 10:47:31.109	[INFO] DES 권한 할당 완료: Key Vault Crypto Service Encryption User
2026-03-24 10:47:31.127	[INFO] [END] Deploy-DiskEncryptionSets
2026-03-24 10:47:31.181	[INFO] [START] Deploy-Nsgs
2026-03-24 10:47:31.479	[INFO] Excel 시트 로드: NSG
2026-03-24 10:47:32.147	[INFO] Excel 시트 로드: NSG_Detail
2026-03-24 10:47:33.935	[ERR] 치명적 오류: Resource group 'TEST-Linux-RG' could not be found.
StatusCode: 404
ReasonPhrase: Not Found
ErrorCode: ResourceGroupNotFound
ErrorMessage: Resource group 'TEST-Linux-RG' could not be found.
OperationID : f9498f7e-14b8-4727-9f90-ca72d34a5742
2026-03-24 10:52:25.125	[INFO] [START] Script
2026-03-24 10:52:25.134	[INFO] [START] Initialize-Modules
2026-03-24 10:52:26.411	[INFO] [END] Initialize-Modules
2026-03-24 10:52:26.445	[INFO] [START] Ensure-AzSession
2026-03-24 10:52:30.947	[INFO] [END] Ensure-AzSession
2026-03-24 10:52:30.977	[INFO] [START] Validate-Inputs
2026-03-24 10:52:31.374	[INFO] Excel 시트 로드: NSG
2026-03-24 10:52:32.057	[INFO] Excel 시트 로드: VM_PRD
2026-03-24 10:52:32.697	[INFO] Excel 시트 로드: KV
2026-03-24 10:52:33.418	[INFO] Excel 시트 로드: DES
2026-03-24 10:52:34.122	[INFO] Excel 시트 로드: VM_PRD
2026-03-24 10:52:34.429	[INFO] [END] Validate-Inputs
2026-03-24 10:52:34.451	[INFO] [START] Deploy-Nsgs
2026-03-24 10:52:34.824	[INFO] Excel 시트 로드: NSG
2026-03-24 10:52:35.587	[INFO] Excel 시트 로드: NSG_Detail
2026-03-24 10:52:38.212	[ERR] 치명적 오류: Resource group 'PRD-WEB-RG' could not be found.
StatusCode: 404
ReasonPhrase: Not Found
ErrorCode: ResourceGroupNotFound
ErrorMessage: Resource group 'PRD-WEB-RG' could not be found.
OperationID : 82b0c66a-9604-4979-8221-81ef681e3878
2026-03-24 10:55:16.137	[INFO] [START] Script
2026-03-24 10:55:16.157	[INFO] [START] Initialize-Modules
2026-03-24 10:55:17.715	[INFO] [END] Initialize-Modules
2026-03-24 10:55:17.742	[INFO] [START] Ensure-AzSession
2026-03-24 10:55:22.932	[INFO] [END] Ensure-AzSession
2026-03-24 10:55:22.970	[INFO] [START] Validate-Inputs
2026-03-24 10:55:23.321	[INFO] Excel 시트 로드: NSG
2026-03-24 10:55:23.859	[INFO] Excel 시트 로드: VM_PRD
2026-03-24 10:55:24.479	[INFO] Excel 시트 로드: KV
2026-03-24 10:55:25.184	[INFO] Excel 시트 로드: DES
2026-03-24 10:55:25.879	[INFO] Excel 시트 로드: VM_PRD
2026-03-24 10:55:26.250	[INFO] [END] Validate-Inputs
2026-03-24 10:55:26.273	[INFO] [START] Deploy-Nsgs
2026-03-24 10:55:26.609	[INFO] Excel 시트 로드: NSG
2026-03-24 10:55:27.299	[INFO] Excel 시트 로드: NSG_Detail
2026-03-24 10:55:30.461	[INFO] NSG 생성 완료: Linux-001-nic-NSG
2026-03-24 10:55:31.606	[INFO] NSG Rule 추가: Linux-001-nic-NSG/Allow_SSH_from_Zenith_to_Linux-001
2026-03-24 10:55:31.875	[INFO] NSG Rule 추가: Linux-001-nic-NSG/Allow_HTTP_from_Any
2026-03-24 10:55:32.157	[INFO] NSG Rule 추가: Linux-001-nic-NSG/AllowAzureLoadBalancerInBound
2026-03-24 10:55:32.436	[INFO] NSG Rule 추가: Linux-001-nic-NSG/DenyVNetInbound
2026-03-24 10:55:32.709	[INFO] NSG Rule 추가: Linux-001-nic-NSG/Allow_Google
2026-03-24 10:55:32.946	[INFO] NSG Rule 추가: Linux-001-nic-NSG/DenyInternetOutbound
2026-03-24 10:55:37.595	[INFO] NSG 생성 완료: Linux-002-nic-NSG
2026-03-24 10:55:38.005	[ERR] 치명적 오류: Cannot validate argument on parameter 'Description'. The argument is null or empty. Provide an argument that is not null or empty, and then try the command again.
2026-03-24 11:01:04.132	[INFO] [START] Script
2026-03-24 11:01:04.137	[INFO] [START] Initialize-Modules
2026-03-24 11:01:05.737	[INFO] [END] Initialize-Modules
2026-03-24 11:01:05.773	[INFO] [START] Ensure-AzSession
2026-03-24 11:01:10.623	[INFO] [END] Ensure-AzSession
2026-03-24 11:01:10.656	[INFO] [START] Validate-Inputs
2026-03-24 11:01:11.018	[INFO] Excel 시트 로드: NSG
2026-03-24 11:01:11.682	[INFO] Excel 시트 로드: VM_PRD
2026-03-24 11:01:12.406	[INFO] Excel 시트 로드: KV
2026-03-24 11:01:13.102	[INFO] Excel 시트 로드: DES
2026-03-24 11:01:13.726	[INFO] Excel 시트 로드: VM_PRD
2026-03-24 11:01:14.010	[INFO] [END] Validate-Inputs
2026-03-24 11:01:14.036	[INFO] [START] Deploy-Nsgs
2026-03-24 11:01:14.309	[INFO] Excel 시트 로드: NSG
2026-03-24 11:01:14.880	[INFO] Excel 시트 로드: NSG_Detail
2026-03-24 11:01:16.117	[INFO] NSG 유지: Linux-001-nic-NSG
2026-03-24 11:01:18.382	[INFO] NSG 유지: Linux-002-nic-NSG
2026-03-24 11:01:19.398	[ERR] 치명적 오류: The term 'if' is not recognized as a name of a cmdlet, function, script file, or executable program.
Check the spelling of the name, or if a path was included, verify that the path is correct and try again.
2026-03-24 11:03:05.377	[INFO] [START] Script
2026-03-24 11:03:05.381	[INFO] [START] Initialize-Modules
2026-03-24 11:03:06.580	[INFO] [END] Initialize-Modules
2026-03-24 11:03:06.611	[INFO] [START] Ensure-AzSession
2026-03-24 11:03:08.349	[INFO] [END] Ensure-AzSession
2026-03-24 11:03:08.380	[INFO] [START] Validate-Inputs
2026-03-24 11:03:08.660	[INFO] Excel 시트 로드: NSG
2026-03-24 11:03:09.156	[INFO] Excel 시트 로드: VM_PRD
2026-03-24 11:03:09.662	[INFO] Excel 시트 로드: KV
2026-03-24 11:03:10.242	[INFO] Excel 시트 로드: DES
2026-03-24 11:03:10.767	[INFO] Excel 시트 로드: VM_PRD
2026-03-24 11:03:11.035	[INFO] [END] Validate-Inputs
2026-03-24 11:03:11.061	[INFO] [START] Deploy-Nsgs
2026-03-24 11:03:11.322	[INFO] Excel 시트 로드: NSG
2026-03-24 11:03:11.808	[INFO] Excel 시트 로드: NSG_Detail
2026-03-24 11:03:12.411	[INFO] NSG 유지: Linux-001-nic-NSG
2026-03-24 11:03:14.098	[INFO] NSG 유지: Linux-002-nic-NSG
2026-03-24 11:03:14.726	[INFO] NSG Rule 추가: Linux-002-nic-NSG/Allow_from_Zenith_to_Linux-002_for_SSH
2026-03-24 11:03:14.960	[INFO] NSG Rule 추가: Linux-002-nic-NSG/AllowAzureLoadBalancerInBound
2026-03-24 11:03:15.203	[INFO] NSG Rule 추가: Linux-002-nic-NSG/DenyVNetInbound
2026-03-24 11:03:15.447	[INFO] NSG Rule 추가: Linux-002-nic-NSG/DenyInternetOutbound
2026-03-24 11:03:21.481	[INFO] NSG 생성 완료: WEB2-Subnet-NSG
2026-03-24 11:03:22.172	[INFO] NSG Rule 추가: WEB2-Subnet-NSG/Allow_SSH_from_Zenith_to_Linux-001
2026-03-24 11:03:22.405	[INFO] NSG Rule 추가: WEB2-Subnet-NSG/Allow_from_Any_for_HTTP
2026-03-24 11:03:22.636	[INFO] NSG Rule 추가: WEB2-Subnet-NSG/AllowAzureLoadBalancerInBound
2026-03-24 11:03:22.875	[INFO] NSG Rule 추가: WEB2-Subnet-NSG/DenyVNetInbound
2026-03-24 11:03:23.113	[INFO] NSG Rule 추가: WEB2-Subnet-NSG/DenyInternetOutbound
2026-03-24 11:03:28.215	[INFO] NSG 생성 완료: WEB3-Subnet-NSG
2026-03-24 11:03:28.837	[INFO] NSG Rule 추가: WEB3-Subnet-NSG/AllowAzureLoadBalancerInBound
2026-03-24 11:03:29.129	[INFO] NSG Rule 추가: WEB3-Subnet-NSG/DenyVNetInbound
2026-03-24 11:03:29.393	[INFO] NSG Rule 추가: WEB3-Subnet-NSG/Allow_Google
2026-03-24 11:03:29.627	[INFO] NSG Rule 추가: WEB3-Subnet-NSG/DenyInternetOutbound
2026-03-24 11:03:34.532	[INFO] NSG 생성 완료: WEB4-Subnet-NSG
2026-03-24 11:03:35.760	[INFO] [END] Deploy-Nsgs
2026-03-24 11:03:35.781	[INFO] [START] Deploy-Vms
2026-03-24 11:03:36.055	[INFO] Excel 시트 로드: VM_PRD
2026-03-24 11:03:36.775	[INFO] 리소스 그룹 유지: PRD-WEB-RG
2026-03-24 11:07:17.189	[INFO] [START] Script
2026-03-24 11:07:17.210	[INFO] [START] Initialize-Modules
2026-03-24 11:07:18.322	[INFO] [END] Initialize-Modules
2026-03-24 11:07:18.344	[INFO] [START] Ensure-AzSession
2026-03-24 11:07:22.703	[INFO] [END] Ensure-AzSession
2026-03-24 11:07:22.724	[INFO] [START] Validate-Inputs
2026-03-24 11:07:23.056	[INFO] Excel 시트 로드: VM_PRD
2026-03-24 11:07:23.823	[INFO] Excel 시트 로드: KV
2026-03-24 11:07:24.446	[INFO] Excel 시트 로드: DES
2026-03-24 11:07:25.045	[INFO] Excel 시트 로드: VM_PRD
2026-03-24 11:07:25.373	[INFO] [END] Validate-Inputs
2026-03-24 11:07:25.396	[INFO] [START] Deploy-Vms
2026-03-24 11:07:25.715	[INFO] Excel 시트 로드: VM_PRD
2026-03-24 11:07:26.449	[INFO] 리소스 그룹 유지: PRD-WEB-RG
2026-03-24 11:07:28.004	[INFO] VM 유지: PRDWEB01
2026-03-24 11:07:28.455	[INFO] 리소스 그룹 유지: PRD-WEB-RG
2026-03-24 11:08:34.270	[INFO] [START] Script
2026-03-24 11:08:34.292	[INFO] [START] Initialize-Modules
2026-03-24 11:08:35.397	[INFO] [END] Initialize-Modules
2026-03-24 11:08:35.415	[INFO] [START] Ensure-AzSession
2026-03-24 11:08:36.831	[INFO] [END] Ensure-AzSession
2026-03-24 11:08:36.859	[INFO] [START] Validate-Inputs
2026-03-24 11:08:37.194	[INFO] Excel 시트 로드: VM_PRD
2026-03-24 11:08:37.789	[INFO] Excel 시트 로드: KV
2026-03-24 11:08:38.301	[INFO] Excel 시트 로드: DES
2026-03-24 11:08:38.814	[INFO] Excel 시트 로드: VM_PRD
2026-03-24 11:08:39.089	[INFO] [END] Validate-Inputs
2026-03-24 11:08:39.105	[INFO] [START] Deploy-Vms
2026-03-24 11:08:39.372	[INFO] Excel 시트 로드: VM_PRD
2026-03-24 11:08:39.950	[INFO] 리소스 그룹 유지: PRD-WEB-RG
2026-03-24 11:08:40.905	[INFO] VM 유지: PRDWEB01
2026-03-24 11:08:41.341	[INFO] 리소스 그룹 유지: PRD-WEB-RG
2026-03-24 11:08:42.110	[INFO] VM 유지: PRDWEB02
2026-03-24 11:08:42.449	[INFO] 리소스 그룹 유지: PRD-APP-RG
2026-03-24 11:09:37.717	[INFO] VM 배포 성공: PRDAPP01
2026-03-24 11:09:37.752	[INFO] [END] Deploy-Vms
2026-03-24 11:09:37.789	[INFO] [END] Script
2026-03-24 11:25:25.939	[INFO] [START] Script
2026-03-24 11:25:25.944	[INFO] [START] Initialize-Modules
2026-03-24 11:25:27.165	[INFO] [END] Initialize-Modules
2026-03-24 11:25:27.190	[INFO] [START] Ensure-AzSession
2026-03-24 11:25:32.678	[INFO] [END] Ensure-AzSession
2026-03-24 11:25:32.713	[INFO] [START] Validate-Inputs
2026-03-24 11:25:33.027	[INFO] Excel 시트 로드: NSG
2026-03-24 11:25:33.563	[INFO] Excel 시트 로드: VM_PRD
2026-03-24 11:25:34.202	[INFO] Excel 시트 로드: KV
2026-03-24 11:25:34.765	[INFO] Excel 시트 로드: DES
2026-03-24 11:25:35.290	[INFO] Excel 시트 로드: VM_PRD
2026-03-24 11:25:35.563	[INFO] [END] Validate-Inputs
2026-03-24 11:25:35.584	[INFO] [START] Deploy-Vms
2026-03-24 11:25:35.873	[INFO] Excel 시트 로드: VM_PRD
2026-03-24 11:25:36.870	[INFO] 리소스 그룹 유지: PRD-WEB-RG
2026-03-24 11:26:09.430	[INFO] VM 배포 성공: PRDWEB01
2026-03-24 11:26:09.776	[INFO] 리소스 그룹 유지: PRD-WEB-RG
2026-03-24 11:26:42.589	[INFO] VM 배포 성공: PRDWEB02
2026-03-24 11:26:42.999	[INFO] 리소스 그룹 유지: PRD-APP-RG
2026-03-24 11:27:15.930	[INFO] VM 배포 성공: PRDAPP01
2026-03-24 11:27:15.946	[INFO] [END] Deploy-Vms
2026-03-24 11:27:15.977	[INFO] [START] Deploy-Nsgs
2026-03-24 11:27:16.273	[INFO] Excel 시트 로드: NSG
2026-03-24 11:27:16.806	[INFO] Excel 시트 로드: NSG_Detail
2026-03-24 11:27:19.718	[INFO] NSG 생성 완료: Linux-001-nic-NSG
2026-03-24 11:27:20.270	[INFO] NSG Rule 추가: Linux-001-nic-NSG/Allow_SSH_from_Zenith_to_Linux-001
2026-03-24 11:27:20.505	[INFO] NSG Rule 추가: Linux-001-nic-NSG/Allow_HTTP_from_Any
2026-03-24 11:27:20.743	[INFO] NSG Rule 추가: Linux-001-nic-NSG/AllowAzureLoadBalancerInBound
2026-03-24 11:27:20.982	[INFO] NSG Rule 추가: Linux-001-nic-NSG/DenyVNetInbound
2026-03-24 11:27:21.225	[INFO] NSG Rule 추가: Linux-001-nic-NSG/Allow_Google
2026-03-24 11:27:21.464	[INFO] NSG Rule 추가: Linux-001-nic-NSG/DenyInternetOutbound
2026-03-24 11:27:25.528	[INFO] NSG 생성 완료: Linux-002-nic-NSG
2026-03-24 11:27:26.109	[INFO] NSG Rule 추가: Linux-002-nic-NSG/Allow_from_Zenith_to_Linux-002_for_SSH
2026-03-24 11:27:26.370	[INFO] NSG Rule 추가: Linux-002-nic-NSG/AllowAzureLoadBalancerInBound
2026-03-24 11:27:26.664	[INFO] NSG Rule 추가: Linux-002-nic-NSG/DenyVNetInbound
2026-03-24 11:27:26.961	[INFO] NSG Rule 추가: Linux-002-nic-NSG/DenyInternetOutbound
2026-03-24 11:27:31.127	[INFO] NSG 생성 완료: WEB2-Subnet-NSG
2026-03-24 11:27:31.663	[INFO] NSG Rule 추가: WEB2-Subnet-NSG/Allow_SSH_from_Zenith_to_Linux-001
2026-03-24 11:27:31.904	[INFO] NSG Rule 추가: WEB2-Subnet-NSG/Allow_from_Any_for_HTTP
2026-03-24 11:27:32.143	[INFO] NSG Rule 추가: WEB2-Subnet-NSG/AllowAzureLoadBalancerInBound
2026-03-24 11:27:32.384	[INFO] NSG Rule 추가: WEB2-Subnet-NSG/DenyVNetInbound
2026-03-24 11:27:32.620	[INFO] NSG Rule 추가: WEB2-Subnet-NSG/DenyInternetOutbound
2026-03-24 11:27:34.768	[INFO] NSG 유지: WEB3-Subnet-NSG
2026-03-24 11:27:36.384	[INFO] NSG 유지: WEB4-Subnet-NSG
2026-03-24 11:27:37.811	[INFO] [END] Deploy-Nsgs
2026-03-24 11:27:37.834	[INFO] [END] Script
2026-03-24 13:36:58.896	[INFO] [START] Script
2026-03-24 13:36:58.915	[INFO] [START] Initialize-Modules
2026-03-24 13:37:01.621	[INFO] [END] Initialize-Modules
2026-03-24 13:37:01.664	[INFO] [START] Ensure-AzSession
2026-03-24 13:37:07.074	[INFO] [END] Ensure-AzSession
2026-03-24 13:37:07.101	[INFO] [START] Validate-Inputs
2026-03-24 13:37:07.436	[INFO] Excel 시트 로드: NSG
2026-03-24 13:37:07.971	[INFO] Excel 시트 로드: KV
2026-03-24 13:37:08.536	[INFO] Excel 시트 로드: DES
2026-03-24 13:37:09.065	[INFO] Excel 시트 로드: VM_PRD
2026-03-24 13:37:09.397	[INFO] [END] Validate-Inputs
2026-03-24 13:37:09.435	[INFO] [START] Deploy-Nsgs
2026-03-24 13:37:09.772	[INFO] Excel 시트 로드: NSG
2026-03-24 13:37:10.326	[INFO] Excel 시트 로드: NSG_Detail
2026-03-24 13:37:13.516	[INFO] NSG 생성 완료: APPSubnet-NSG
2026-03-24 13:37:18.506	[INFO] NSG 생성 완료: PRDWEB01-nic-NSG
2026-03-24 13:37:21.955	[INFO] NIC-NSG 연결 완료: PRDWEB01-nic -> PRDWEB01-nic-NSG
2026-03-24 13:37:25.436	[INFO] NSG 생성 완료: PRDWEB02-nic-NSG
2026-03-24 13:37:28.536	[INFO] NIC-NSG 연결 완료: PRDWEB02-nic -> PRDWEB02-nic-NSG
2026-03-24 13:37:32.338	[INFO] NSG 생성 완료: WEBSubnet-NSG
2026-03-24 13:37:34.073	[INFO] [END] Deploy-Nsgs
2026-03-24 13:37:34.097	[INFO] [END] Script
2026-03-24 13:40:20.039	[INFO] [START] Script
2026-03-24 13:40:20.063	[INFO] [START] Initialize-Modules
2026-03-24 13:40:21.387	[INFO] [END] Initialize-Modules
2026-03-24 13:40:21.408	[INFO] [START] Ensure-AzSession
2026-03-24 13:40:27.958	[INFO] [END] Ensure-AzSession
2026-03-24 13:40:27.981	[INFO] [START] Validate-Inputs
2026-03-24 13:40:28.330	[INFO] Excel 시트 로드: NSG
2026-03-24 13:40:28.950	[INFO] Excel 시트 로드: KV
2026-03-24 13:40:29.563	[INFO] Excel 시트 로드: DES
2026-03-24 13:40:30.160	[INFO] Excel 시트 로드: VM_PRD
2026-03-24 13:40:30.527	[INFO] [END] Validate-Inputs
2026-03-24 13:40:30.563	[INFO] [START] Deploy-Nsgs
2026-03-24 13:40:30.913	[INFO] Excel 시트 로드: NSG
2026-03-24 13:40:31.528	[INFO] Excel 시트 로드: NSG_Detail
2026-03-24 13:40:34.422	[INFO] NSG 생성 완료: DEVAPPSubnet-NSG
2026-03-24 13:40:37.990	[INFO] NSG 생성 완료: PRDWEB01-nic-NSG
2026-03-24 13:40:40.704	[INFO] NIC-NSG 연결 완료: PRDWEB01-nic -> PRDWEB01-nic-NSG
2026-03-24 13:40:43.738	[INFO] NSG 생성 완료: PRDWEB02-nic-NSG
2026-03-24 13:40:46.332	[INFO] NIC-NSG 연결 완료: PRDWEB02-nic -> PRDWEB02-nic-NSG
2026-03-24 13:40:49.793	[INFO] NSG 생성 완료: PRDWEBSubnet-NSG
2026-03-24 13:40:53.638	[INFO] NSG 생성 완료: STGWEBSubnet-NSG
2026-03-24 13:40:55.150	[INFO] [END] Deploy-Nsgs
2026-03-24 13:40:55.168	[INFO] [END] Script
2026-03-24 13:46:41.543	[INFO] [START] Script
2026-03-24 13:46:41.564	[INFO] [START] Initialize-Modules
2026-03-24 13:46:42.701	[INFO] [END] Initialize-Modules
2026-03-24 13:46:42.723	[INFO] [START] Ensure-AzSession
2026-03-24 13:46:47.317	[INFO] [END] Ensure-AzSession
2026-03-24 13:46:47.355	[INFO] [START] Validate-Inputs
2026-03-24 13:46:47.683	[INFO] Excel 시트 로드: NSG
2026-03-24 13:46:48.254	[INFO] Excel 시트 로드: KV
2026-03-24 13:46:48.873	[INFO] Excel 시트 로드: DES
2026-03-24 13:46:49.489	[INFO] Excel 시트 로드: VM_PRD
2026-03-24 13:46:49.866	[INFO] [END] Validate-Inputs
2026-03-24 13:46:49.889	[INFO] [START] Deploy-Nsgs
2026-03-24 13:46:50.184	[INFO] Excel 시트 로드: NSG
2026-03-24 13:46:50.715	[INFO] Excel 시트 로드: NSG_Detail
2026-03-24 13:46:51.251	[INFO] Excel 시트 로드: VNET
2026-03-24 13:46:51.960	[INFO] NSG 유지: DEVAPPSubnet-NSG
2026-03-24 13:46:56.452	[INFO] Subnet-NSG 연결 완료: testdevnwvnet/APPSubnet -> DEVAPPSubnet-NSG
2026-03-24 13:46:58.202	[INFO] NSG 유지: PRDWEB01-nic-NSG
2026-03-24 13:46:59.524	[INFO] NIC-NSG 연결 완료: PRDWEB01-nic -> PRDWEB01-nic-NSG
2026-03-24 13:47:01.242	[INFO] NSG 유지: PRDWEB02-nic-NSG
2026-03-24 13:47:02.418	[INFO] NIC-NSG 연결 완료: PRDWEB02-nic -> PRDWEB02-nic-NSG
2026-03-24 13:47:03.667	[INFO] NSG 유지: PRDWEBSubnet-NSG
2026-03-24 13:47:08.473	[INFO] Subnet-NSG 연결 완료: testprdnwvnet/WEBSubnet -> PRDWEBSubnet-NSG
2026-03-24 13:47:10.761	[INFO] NSG 유지: STGWEBSubnet-NSG
2026-03-24 13:47:15.879	[INFO] Subnet-NSG 연결 완료: teststgnwvnet/WEBSubnet -> STGWEBSubnet-NSG
2026-03-24 13:47:16.609	[INFO] [END] Deploy-Nsgs
2026-03-24 13:47:16.631	[INFO] [END] Script
2026-03-24 14:14:30.835	[INFO] [START] Script
2026-03-24 14:14:30.867	[INFO] [START] Initialize-Modules
2026-03-24 14:14:32.267	[INFO] [END] Initialize-Modules
2026-03-24 14:14:32.290	[INFO] [START] Ensure-AzSession
2026-03-24 14:14:35.901	[INFO] [END] Ensure-AzSession
2026-03-24 14:14:35.917	[INFO] [START] Validate-Inputs
2026-03-24 14:14:36.221	[INFO] Excel 시트 로드: NSG
2026-03-24 14:14:36.768	[INFO] Excel 시트 로드: KV
2026-03-24 14:14:37.424	[INFO] Excel 시트 로드: DES
2026-03-24 14:14:38.047	[INFO] Excel 시트 로드: VM_PRD
2026-03-24 14:14:38.350	[INFO] [END] Validate-Inputs
2026-03-24 14:14:38.375	[INFO] [START] Deploy-Nsgs
2026-03-24 14:14:38.668	[INFO] Excel 시트 로드: NSG
2026-03-24 14:14:39.211	[INFO] Excel 시트 로드: NSG_Detail
2026-03-24 14:14:39.751	[INFO] Excel 시트 로드: VNET
2026-03-24 14:14:42.372	[INFO] NSG 생성 완료: DEVAPPSubnet-NSG
2026-03-24 14:14:46.210	[INFO] NSG 생성 완료: PRDWEB01-nic-NSG
2026-03-24 14:14:48.689	[INFO] NIC-NSG 연결 완료: PRDWEB01-nic -> PRDWEB01-nic-NSG
2026-03-24 14:14:51.554	[INFO] NSG 생성 완료: PRDWEB02-nic-NSG
2026-03-24 14:14:53.868	[INFO] NIC-NSG 연결 완료: PRDWEB02-nic -> PRDWEB02-nic-NSG
2026-03-24 14:14:56.848	[INFO] NSG 생성 완료: PRDWEBSubnet-NSG
2026-03-24 14:15:00.047	[INFO] NSG 생성 완료: STGWEBSubnet-NSG
2026-03-24 14:15:00.754	[INFO] [END] Deploy-Nsgs
2026-03-24 14:15:00.771	[INFO] [END] Script
2026-03-24 14:18:42.122	[INFO] [START] Script
2026-03-24 14:18:42.153	[INFO] [START] Initialize-Modules
2026-03-24 14:19:21.663	[INFO] [END] Initialize-Modules
2026-03-24 14:19:21.702	[INFO] [START] Ensure-AzSession
2026-03-24 14:19:27.131	[INFO] [END] Ensure-AzSession
2026-03-24 14:19:27.177	[INFO] [START] Validate-Inputs
2026-03-24 14:19:27.476	[INFO] Excel 시트 로드: NSG
2026-03-24 14:19:27.936	[INFO] Excel 시트 로드: NSG_Detail
2026-03-24 14:19:28.376	[INFO] Excel 시트 로드: KV
2026-03-24 14:19:28.738	[INFO] Excel 시트 로드: DES
2026-03-24 14:19:29.106	[INFO] Excel 시트 로드: VM_PRD
2026-03-24 14:19:29.321	[INFO] [END] Validate-Inputs
2026-03-24 14:19:29.408	[ERR] [NSG_Detail] Row=1, Name=Linux-001-nic-NSG, Field=NSGName: NSG 시트에 존재하지 않는 NSGName 입니다.
2026-03-24 14:22:42.711	[INFO] [START] Script
2026-03-24 14:22:42.750	[INFO] [START] Initialize-Modules
2026-03-24 14:23:01.948	[INFO] [END] Initialize-Modules
2026-03-24 14:23:01.989	[INFO] [START] Ensure-AzSession
2026-03-24 14:23:08.028	[INFO] [END] Ensure-AzSession
2026-03-24 14:23:08.097	[INFO] [START] Validate-Inputs
2026-03-24 14:23:08.434	[INFO] Excel 시트 로드: RG
2026-03-24 14:23:08.904	[INFO] Excel 시트 로드: VNET
2026-03-24 14:23:09.267	[INFO] Excel 시트 로드: Storage
2026-03-24 14:23:09.826	[INFO] Excel 시트 로드: KV
2026-03-24 14:23:10.383	[INFO] Excel 시트 로드: DES
2026-03-24 14:23:11.190	[INFO] Excel 시트 로드: NSG
2026-03-24 14:23:11.597	[INFO] Excel 시트 로드: NSG_Detail
2026-03-24 14:23:11.963	[INFO] Excel 시트 로드: VM_PRD
2026-03-24 14:23:12.335	[INFO] Excel 시트 로드: KV
2026-03-24 14:23:12.729	[INFO] Excel 시트 로드: DES
2026-03-24 14:23:13.201	[INFO] Excel 시트 로드: VM_PRD
2026-03-24 14:23:13.470	[INFO] [END] Validate-Inputs
2026-03-24 14:23:13.508	[INFO] [START] Deploy-ResourceGroups
2026-03-24 14:23:13.714	[INFO] Excel 시트 로드: RG
2026-03-24 14:23:13.934	[INFO] [DryRun] 리소스 그룹 생성 예정: PRD-NW-RG (koreacentral)
2026-03-24 14:23:13.965	[INFO] [DryRun] 리소스 그룹 생성 예정: PRD-WEB-RG (koreacentral)
2026-03-24 14:23:13.997	[INFO] [DryRun] 리소스 그룹 생성 예정: PRD-APP-RG (koreacentral)
2026-03-24 14:23:14.032	[INFO] [DryRun] 리소스 그룹 생성 예정: STG-NW-RG (koreacentral)
2026-03-24 14:23:14.063	[INFO] [DryRun] 리소스 그룹 생성 예정: STG-WEB-RG (koreacentral)
2026-03-24 14:23:14.095	[INFO] [DryRun] 리소스 그룹 생성 예정: STG-APP-RG (koreacentral)
2026-03-24 14:23:14.130	[INFO] [DryRun] 리소스 그룹 생성 예정: DEV-NW-RG (koreacentral)
2026-03-24 14:23:14.162	[INFO] [DryRun] 리소스 그룹 생성 예정: DEV-WEB-RG (koreacentral)
2026-03-24 14:23:14.198	[INFO] [DryRun] 리소스 그룹 생성 예정: DEV-APP-RG (koreacentral)
2026-03-24 14:23:14.223	[INFO] [END] Deploy-ResourceGroups
2026-03-24 14:23:14.262	[INFO] [START] Deploy-Vnets
2026-03-24 14:23:14.491	[INFO] Excel 시트 로드: VNET
2026-03-24 14:23:14.707	[INFO] [DryRun] 리소스 그룹 생성 예정: PRD-NW-RG (koreacentral)
2026-03-24 14:23:14.748	[INFO] [DryRun] VNet 배포 예정: testprdnwvnet
2026-03-24 14:23:14.777	[INFO] [DryRun] 리소스 그룹 생성 예정: STG-NW-RG (koreacentral)
2026-03-24 14:23:14.810	[INFO] [DryRun] VNet 배포 예정: teststgnwvnet
2026-03-24 14:23:14.836	[INFO] [DryRun] 리소스 그룹 생성 예정: DEV-NW-RG (koreacentral)
2026-03-24 14:23:14.868	[INFO] [DryRun] VNet 배포 예정: testdevnwvnet
2026-03-24 14:23:14.893	[INFO] [END] Deploy-Vnets
2026-03-24 14:23:14.935	[INFO] [START] Deploy-Storages
2026-03-24 14:23:15.148	[INFO] Excel 시트 로드: Storage
2026-03-24 14:23:15.356	[INFO] [DryRun] 리소스 그룹 생성 예정: PRD-NW-RG (koreacentral)
2026-03-24 14:23:15.379	[INFO] [DryRun] 스토리지 생성 예정: testprdstrboot
2026-03-24 14:23:15.405	[INFO] [DryRun] 리소스 그룹 생성 예정: STG-NW-RG (koreacentral)
2026-03-24 14:23:15.464	[INFO] [DryRun] 스토리지 생성 예정: teststgstrboot
2026-03-24 14:23:15.506	[INFO] [DryRun] 리소스 그룹 생성 예정: DEV-NW-RG (koreacentral)
2026-03-24 14:23:15.571	[INFO] [DryRun] 스토리지 생성 예정: testdevstrboot
2026-03-24 14:23:15.611	[INFO] [END] Deploy-Storages
2026-03-24 14:23:15.638	[INFO] [START] Deploy-KeyVaults
2026-03-24 14:23:15.808	[INFO] Excel 시트 로드: KV
2026-03-24 14:23:15.982	[INFO] [DryRun] 리소스 그룹 생성 예정: PRD-NW-RG (koreacentral)
2026-03-24 14:23:16.003	[INFO] [DryRun] Key Vault 배포 예정: testdiskencryptionkv, Key=testkey1
2026-03-24 14:23:16.027	[INFO] [END] Deploy-KeyVaults
2026-03-24 14:23:16.059	[INFO] [START] Deploy-DiskEncryptionSets
2026-03-24 14:23:16.239	[INFO] Excel 시트 로드: DES
2026-03-24 14:23:16.427	[INFO] [DryRun] 리소스 그룹 생성 예정: PRD-NW-RG (koreacentral)
2026-03-24 14:23:16.453	[INFO] [DryRun] DES 배포 예정: prd-test-des (KV=testdiskencryptionkv, Key=testkey1)
2026-03-24 14:23:16.474	[INFO] [END] Deploy-DiskEncryptionSets
2026-03-24 14:23:16.507	[INFO] [START] Deploy-Vms
2026-03-24 14:23:16.692	[INFO] Excel 시트 로드: VM_PRD
2026-03-24 14:23:16.874	[INFO] [DryRun] 리소스 그룹 생성 예정: PRD-WEB-RG (koreacentral)
2026-03-24 14:23:18.321	[INFO] [DryRun] VM 배포 예정: PRDWEB01 (Template=.\템플릿\VM\template-VM-LinuxZone_Image.json)
2026-03-24 14:23:18.354	[INFO] [DryRun] 리소스 그룹 생성 예정: PRD-WEB-RG (koreacentral)
2026-03-24 14:23:18.385	[INFO] [DryRun] VM 배포 예정: PRDWEB02 (Template=.\템플릿\VM\template-VM-LinuxZone_Image.json)
2026-03-24 14:23:18.416	[INFO] [DryRun] 리소스 그룹 생성 예정: PRD-APP-RG (koreacentral)
2026-03-24 14:23:18.562	[INFO] [DryRun] VM 배포 예정: PRDAPP01 (Template=.\템플릿\VM\template-VM-LinuxZone_Image.json)
2026-03-24 14:23:18.714	[INFO] [END] Deploy-Vms
2026-03-24 14:23:18.796	[INFO] [START] Deploy-Nsgs
2026-03-24 14:23:19.045	[INFO] Excel 시트 로드: NSG
2026-03-24 14:23:19.558	[INFO] Excel 시트 로드: NSG_Detail
2026-03-24 14:23:20.011	[INFO] Excel 시트 로드: VNET
2026-03-24 14:23:20.248	[INFO] [DryRun] NSG 배포 예정: DEVAPPSubnet-NSG (RG=DEV-WEB-RG)
2026-03-24 14:23:20.283	[INFO] [DryRun] Subnet-NSG 연결 예정: testdevnwvnet/APPSubnet -> DEVAPPSubnet-NSG
2026-03-24 14:23:20.317	[INFO] [DryRun] NSG 배포 예정: PRDWEB01-nic-NSG (RG=PRD-WEB-RG)
2026-03-24 14:23:20.346	[INFO] [DryRun] NIC-NSG 연결 예정: PRDWEB01-nic -> PRDWEB01-nic-NSG
2026-03-24 14:23:20.381	[INFO] [DryRun] NSG 배포 예정: PRDWEB02-nic-NSG (RG=PRD-WEB-RG)
2026-03-24 14:23:20.412	[INFO] [DryRun] NIC-NSG 연결 예정: PRDWEB02-nic -> PRDWEB02-nic-NSG
2026-03-24 14:23:20.442	[INFO] [DryRun] NSG 배포 예정: PRDWEBSubnet-NSG (RG=PRD-WEB-RG)
2026-03-24 14:23:20.469	[INFO] [DryRun] Subnet-NSG 연결 예정: testprdnwvnet/WEBSubnet -> PRDWEBSubnet-NSG
2026-03-24 14:23:20.500	[INFO] [DryRun] NSG 배포 예정: STGWEBSubnet-NSG (RG=STG-WEB-RG)
2026-03-24 14:23:20.532	[INFO] [DryRun] Subnet-NSG 연결 예정: teststgnwvnet/WEBSubnet -> STGWEBSubnet-NSG
2026-03-24 14:23:20.576	[INFO] [END] Deploy-Nsgs
2026-03-24 14:23:20.647	[INFO] [END] Script
2026-03-24 14:33:52.458	[INFO] [START] Script
2026-03-24 14:33:52.532	[INFO] [START] Initialize-Modules
2026-03-24 14:33:54.409	[INFO] [END] Initialize-Modules
2026-03-24 14:33:54.444	[INFO] [START] Ensure-AzSession
2026-03-24 14:33:58.210	[INFO] [END] Ensure-AzSession
2026-03-24 14:33:58.247	[INFO] [START] Validate-Inputs
2026-03-24 14:33:58.636	[INFO] Excel 시트 로드: NSG
2026-03-24 14:33:59.311	[INFO] Excel 시트 로드: NSG_Detail
2026-03-24 14:33:59.932	[INFO] Excel 시트 로드: KV
2026-03-24 14:34:00.549	[INFO] Excel 시트 로드: DES
2026-03-24 14:34:01.281	[INFO] Excel 시트 로드: VM_PRD
2026-03-24 14:34:01.759	[INFO] [END] Validate-Inputs
2026-03-24 14:34:01.828	[INFO] [START] Deploy-Nsgs
2026-03-24 14:34:02.213	[INFO] Excel 시트 로드: NSG
2026-03-24 14:34:02.900	[INFO] Excel 시트 로드: NSG_Detail
2026-03-24 14:34:03.650	[INFO] Excel 시트 로드: VNET
2026-03-24 14:34:06.426	[INFO] NSG 생성 완료: DEVAPPSubnet-NSG
2026-03-24 14:34:10.774	[INFO] Subnet-NSG 연결 완료: testdevnwvnet/APPSubnet -> DEVAPPSubnet-NSG
2026-03-24 14:34:13.848	[INFO] NSG 생성 완료: PRDWEB01-nic-NSG
2026-03-24 14:34:16.596	[INFO] NIC-NSG 연결 완료: PRDWEB01-nic -> PRDWEB01-nic-NSG
2026-03-24 14:34:16.971	[INFO] NSG Rule 추가: PRDWEB01-nic-NSG/Allow_SSH_from_Zenith_to_Linux-001
2026-03-24 14:34:17.344	[INFO] NSG Rule 추가: PRDWEB01-nic-NSG/Allow_HTTP_from_Any
2026-03-24 14:34:17.666	[INFO] NSG Rule 추가: PRDWEB01-nic-NSG/AllowAzureLoadBalancerInBound
2026-03-24 14:34:17.908	[INFO] NSG Rule 추가: PRDWEB01-nic-NSG/DenyVNetInbound
2026-03-24 14:34:18.154	[INFO] NSG Rule 추가: PRDWEB01-nic-NSG/Allow_Google
2026-03-24 14:34:18.394	[INFO] NSG Rule 추가: PRDWEB01-nic-NSG/DenyInternetOutbound
2026-03-24 14:34:22.855	[INFO] NSG 생성 완료: PRDWEB02-nic-NSG
2026-03-24 14:34:25.312	[INFO] NIC-NSG 연결 완료: PRDWEB02-nic -> PRDWEB02-nic-NSG
2026-03-24 14:34:25.591	[INFO] NSG Rule 추가: PRDWEB02-nic-NSG/Allow_from_Zenith_to_Linux-002_for_SSH
2026-03-24 14:34:25.838	[INFO] NSG Rule 추가: PRDWEB02-nic-NSG/AllowAzureLoadBalancerInBound
2026-03-24 14:34:26.081	[INFO] NSG Rule 추가: PRDWEB02-nic-NSG/DenyVNetInbound
2026-03-24 14:34:26.334	[INFO] NSG Rule 추가: PRDWEB02-nic-NSG/DenyInternetOutbound
2026-03-24 14:34:30.400	[INFO] NSG 생성 완료: PRDWEBSubnet-NSG
2026-03-24 14:34:34.620	[INFO] Subnet-NSG 연결 완료: testprdnwvnet/WEBSubnet -> PRDWEBSubnet-NSG
2026-03-24 14:34:34.886	[INFO] NSG Rule 추가: PRDWEBSubnet-NSG/Allow_SSH_from_Zenith_to_Linux-001
2026-03-24 14:34:35.148	[INFO] NSG Rule 추가: PRDWEBSubnet-NSG/Allow_from_Any_for_HTTP
2026-03-24 14:34:35.400	[INFO] NSG Rule 추가: PRDWEBSubnet-NSG/AllowAzureLoadBalancerInBound
2026-03-24 14:34:35.666	[INFO] NSG Rule 추가: PRDWEBSubnet-NSG/DenyVNetInbound
2026-03-24 14:34:35.929	[INFO] NSG Rule 추가: PRDWEBSubnet-NSG/DenyInternetOutbound
2026-03-24 14:34:39.851	[INFO] NSG 생성 완료: STGWEBSubnet-NSG
2026-03-24 14:34:44.285	[INFO] Subnet-NSG 연결 완료: teststgnwvnet/WEBSubnet -> STGWEBSubnet-NSG
2026-03-24 14:34:44.582	[INFO] NSG Rule 추가: STGWEBSubnet-NSG/AllowAzureLoadBalancerInBound
2026-03-24 14:34:44.829	[INFO] NSG Rule 추가: STGWEBSubnet-NSG/DenyVNetInbound
2026-03-24 14:34:45.105	[INFO] NSG Rule 추가: STGWEBSubnet-NSG/Allow_Google
2026-03-24 14:34:45.346	[INFO] NSG Rule 추가: STGWEBSubnet-NSG/DenyInternetOutbound
2026-03-24 14:34:47.441	[INFO] [END] Deploy-Nsgs
2026-03-24 14:34:47.461	[INFO] [END] Script
2026-03-24 17:09:54.477	[INFO] [START] Script
2026-03-24 17:09:54.506	[INFO] [START] Initialize-Modules
2026-03-24 17:10:18.722	[INFO] [END] Initialize-Modules
2026-03-24 17:10:18.747	[INFO] [START] Ensure-AzSession
2026-03-24 17:10:25.860	[INFO] [END] Ensure-AzSession
2026-03-24 17:10:25.935	[INFO] [START] Validate-Inputs
2026-03-24 17:10:26.260	[INFO] Excel 시트 로드: LB_PRD
2026-03-24 17:10:26.602	[INFO] Excel 시트 로드: LB_PRD_Probe
2026-03-24 17:10:26.847	[INFO] Excel 시트 로드: LB_PRD_Rule
2026-03-24 17:10:27.148	[INFO] Excel 시트 로드: KV_PRD
2026-03-24 17:10:27.376	[INFO] Excel 시트 로드: DES_PRD
2026-03-24 17:10:27.623	[INFO] Excel 시트 로드: VM_PRD
2026-03-24 17:10:27.782	[INFO] [END] Validate-Inputs
2026-03-24 17:10:27.827	[INFO] [START] Deploy-LoadBalancers
2026-03-24 17:10:27.951	[INFO] Excel 시트 로드: LB_PRD
2026-03-24 17:10:28.171	[INFO] Excel 시트 로드: LB_PRD_Probe
2026-03-24 17:10:28.385	[INFO] Excel 시트 로드: LB_PRD_Rule
2026-03-24 17:10:28.554	[INFO] [DryRun] 리소스 그룹 생성 예정: PRD-WEB-RG (koreacentral)
2026-03-24 17:10:28.577	[INFO] [DryRun] LB 배포 예정: PRDAPPLB (RG=PRD-WEB-RG, FE=app-fe-internal, Pool=be-pool-01)
2026-03-24 17:10:28.608	[INFO] [DryRun] 리소스 그룹 생성 예정: PRD-WEB-RG (koreacentral)
2026-03-24 17:10:28.651	[INFO] [DryRun] LB 배포 예정: PRDWEBLB (RG=PRD-WEB-RG, FE=web-fe-internal, Pool=be-pool-01)
2026-03-24 17:10:28.676	[INFO] [END] Deploy-LoadBalancers
2026-03-24 17:10:28.694	[INFO] [END] Script
2026-03-24 17:12:07.355	[INFO] [START] Script
2026-03-24 17:12:07.412	[INFO] [START] Initialize-Modules
2026-03-24 17:12:26.676	[INFO] [END] Initialize-Modules
2026-03-24 17:12:26.702	[INFO] [START] Ensure-AzSession
2026-03-24 17:12:32.770	[INFO] [END] Ensure-AzSession
2026-03-24 17:12:32.826	[INFO] [START] Validate-Inputs
2026-03-24 17:12:33.172	[INFO] Excel 시트 로드: LB_PRD
2026-03-24 17:12:33.583	[INFO] Excel 시트 로드: LB_PRD_Probe
2026-03-24 17:12:33.838	[INFO] Excel 시트 로드: LB_PRD_Rule
2026-03-24 17:12:34.237	[INFO] Excel 시트 로드: KV_PRD
2026-03-24 17:12:34.506	[INFO] Excel 시트 로드: DES_PRD
2026-03-24 17:12:34.738	[INFO] Excel 시트 로드: VM_PRD
2026-03-24 17:12:34.865	[INFO] [END] Validate-Inputs
2026-03-24 17:12:34.891	[INFO] [START] Deploy-LoadBalancers
2026-03-24 17:12:35.012	[INFO] Excel 시트 로드: LB_PRD
2026-03-24 17:12:35.220	[INFO] Excel 시트 로드: LB_PRD_Probe
2026-03-24 17:12:35.444	[INFO] Excel 시트 로드: LB_PRD_Rule
2026-03-24 17:12:35.591	[INFO] [DryRun] 리소스 그룹 생성 예정: PRD-WEB-RG (koreacentral)
2026-03-24 17:12:35.611	[INFO] [DryRun] LB 배포 예정: PRDAPPLB (RG=PRD-WEB-RG, FE=app-fe-internal, Pool=be-pool-01)
2026-03-24 17:12:35.629	[INFO] [DryRun] 리소스 그룹 생성 예정: PRD-WEB-RG (koreacentral)
2026-03-24 17:12:35.650	[INFO] [DryRun] LB 배포 예정: PRDWEBLB (RG=PRD-WEB-RG, FE=web-fe-internal, Pool=be-pool-01)
2026-03-24 17:12:35.676	[INFO] [END] Deploy-LoadBalancers
2026-03-24 17:12:35.703	[INFO] [END] Script
2026-03-24 17:20:50.117	[INFO] [START] Script
2026-03-24 17:20:50.147	[INFO] [START] Initialize-Modules
2026-03-24 17:20:51.640	[INFO] [END] Initialize-Modules
2026-03-24 17:20:51.679	[INFO] [START] Ensure-AzSession
2026-03-24 17:20:55.545	[INFO] [END] Ensure-AzSession
2026-03-24 17:20:55.630	[INFO] [START] Validate-Inputs
2026-03-24 17:20:56.485	[INFO] Excel 시트 로드: LB_PRD
2026-03-24 17:20:57.201	[INFO] Excel 시트 로드: LB_PRD_Probe
2026-03-24 17:20:58.147	[INFO] Excel 시트 로드: LB_PRD_Rule
2026-03-24 17:20:59.155	[INFO] Excel 시트 로드: KV_PRD
2026-03-24 17:21:00.186	[INFO] Excel 시트 로드: DES_PRD
2026-03-24 17:21:00.951	[INFO] Excel 시트 로드: VM_PRD
2026-03-24 17:21:01.292	[INFO] [END] Validate-Inputs
2026-03-24 17:21:01.342	[INFO] [START] Deploy-LoadBalancers
2026-03-24 17:21:01.660	[INFO] Excel 시트 로드: LB_PRD
2026-03-24 17:21:02.246	[INFO] Excel 시트 로드: LB_PRD_Probe
2026-03-24 17:21:02.840	[INFO] Excel 시트 로드: LB_PRD_Rule
2026-03-24 17:21:03.876	[INFO] 리소스 그룹 유지: PRD-WEB-RG
2026-03-24 17:21:04.586	[ERR] 치명적 오류: The Resource 'Microsoft.Network/virtualNetworks/testprdnwvnet' under resource group 'PRD-WEB-RG' was not found. For more details please go to https://aka.ms/ARMResourceNotFoundFix
StatusCode: 404
ReasonPhrase: Not Found
ErrorCode: ResourceNotFound
ErrorMessage: The Resource 'Microsoft.Network/virtualNetworks/testprdnwvnet' under resource group 'PRD-WEB-RG' was not found. For more details please go to https://aka.ms/ARMResourceNotFoundFix
OperationID : 20435aa8-0ee1-4333-86bb-972d2db94dcd
2026-03-24 17:21:55.722	[INFO] [START] Script
2026-03-24 17:21:55.813	[INFO] [START] Initialize-Modules
2026-03-24 17:22:24.446	[INFO] [END] Initialize-Modules
2026-03-24 17:22:24.528	[INFO] [START] Ensure-AzSession
2026-03-24 17:22:33.229	[INFO] [END] Ensure-AzSession
2026-03-24 17:22:33.318	[INFO] [START] Validate-Inputs
2026-03-24 17:22:33.674	[INFO] Excel 시트 로드: LB_PRD
2026-03-24 17:22:34.139	[INFO] Excel 시트 로드: LB_PRD_Probe
2026-03-24 17:22:34.428	[INFO] Excel 시트 로드: LB_PRD_Rule
2026-03-24 17:22:34.783	[INFO] Excel 시트 로드: KV_PRD
2026-03-24 17:22:35.066	[INFO] Excel 시트 로드: DES_PRD
2026-03-24 17:22:35.382	[INFO] Excel 시트 로드: VM_PRD
2026-03-24 17:22:35.555	[INFO] [END] Validate-Inputs
2026-03-24 17:22:35.597	[INFO] [START] Deploy-LoadBalancers
2026-03-24 17:22:35.752	[INFO] Excel 시트 로드: LB_PRD
2026-03-24 17:22:36.053	[INFO] Excel 시트 로드: LB_PRD_Probe
2026-03-24 17:22:36.418	[INFO] Excel 시트 로드: LB_PRD_Rule
2026-03-24 17:22:36.681	[INFO] [DryRun] 리소스 그룹 생성 예정: PRD-WEB-RG (koreacentral)
2026-03-24 17:22:36.738	[INFO] [DryRun] LB 배포 예정: PRDAPPLB (RG=PRD-WEB-RG, FE=app-fe-internal, Pool=be-pool-01)
2026-03-24 17:22:36.786	[INFO] [DryRun] 리소스 그룹 생성 예정: PRD-WEB-RG (koreacentral)
2026-03-24 17:22:36.820	[INFO] [DryRun] LB 배포 예정: PRDWEBLB (RG=PRD-WEB-RG, FE=web-fe-internal, Pool=be-pool-01)
2026-03-24 17:22:36.854	[INFO] [END] Deploy-LoadBalancers
2026-03-24 17:22:36.894	[INFO] [END] Script
2026-03-24 17:34:16.231	[INFO] [START] Script
2026-03-24 17:34:16.278	[INFO] [START] Initialize-Modules
2026-03-24 17:34:33.766	[INFO] [END] Initialize-Modules
2026-03-24 17:34:33.795	[INFO] [START] Ensure-AzSession
2026-03-24 17:34:39.671	[INFO] [END] Ensure-AzSession
2026-03-24 17:34:39.725	[INFO] [START] Validate-Inputs
2026-03-24 17:34:40.016	[INFO] Excel 시트 로드: LB_PRD
2026-03-24 17:34:40.346	[INFO] Excel 시트 로드: LB_PRD_Probe
2026-03-24 17:34:40.593	[INFO] Excel 시트 로드: LB_PRD_Rule
2026-03-24 17:34:40.863	[INFO] Excel 시트 로드: KV_PRD
2026-03-24 17:34:41.079	[INFO] Excel 시트 로드: DES_PRD
2026-03-24 17:34:41.295	[INFO] Excel 시트 로드: VM_PRD
2026-03-24 17:34:41.424	[INFO] [END] Validate-Inputs
2026-03-24 17:34:41.451	[INFO] [START] Deploy-LoadBalancers
2026-03-24 17:34:41.563	[INFO] Excel 시트 로드: LB_PRD
2026-03-24 17:34:41.775	[INFO] Excel 시트 로드: LB_PRD_Probe
2026-03-24 17:34:41.987	[INFO] Excel 시트 로드: LB_PRD_Rule
2026-03-24 17:34:42.135	[INFO] [DryRun] 리소스 그룹 생성 예정: PRD-WEB-RG (koreacentral)
2026-03-24 17:34:42.151	[INFO] [DryRun] LB 배포 예정: PRDAPPLB (RG=PRD-WEB-RG, FE=app-fe-internal, Pool=be-pool-01)
2026-03-24 17:34:42.173	[INFO] [DryRun] 리소스 그룹 생성 예정: PRD-WEB-RG (koreacentral)
2026-03-24 17:34:42.192	[INFO] [DryRun] LB 배포 예정: PRDWEBLB (RG=PRD-WEB-RG, FE=web-fe-internal, Pool=be-pool-01)
2026-03-24 17:34:42.212	[INFO] [END] Deploy-LoadBalancers
2026-03-24 17:34:42.234	[INFO] [END] Script
2026-03-24 17:37:06.256	[INFO] [START] Script
2026-03-24 17:37:06.310	[INFO] [START] Initialize-Modules
2026-03-24 17:37:24.617	[INFO] [END] Initialize-Modules
2026-03-24 17:37:24.644	[INFO] [START] Ensure-AzSession
2026-03-24 17:37:30.431	[INFO] [END] Ensure-AzSession
2026-03-24 17:37:30.489	[INFO] [START] Validate-Inputs
2026-03-24 17:37:30.729	[INFO] Excel 시트 로드: LB_PRD
2026-03-24 17:37:31.049	[INFO] Excel 시트 로드: LB_PRD_Probe
2026-03-24 17:37:31.271	[INFO] Excel 시트 로드: LB_PRD_Rule
2026-03-24 17:37:31.530	[INFO] Excel 시트 로드: KV_PRD
2026-03-24 17:37:31.736	[INFO] Excel 시트 로드: DES_PRD
2026-03-24 17:37:31.951	[INFO] Excel 시트 로드: VM_PRD
2026-03-24 17:37:32.076	[INFO] [END] Validate-Inputs
2026-03-24 17:37:32.104	[INFO] [START] Deploy-LoadBalancers
2026-03-24 17:37:32.216	[INFO] Excel 시트 로드: LB_PRD
2026-03-24 17:37:32.426	[INFO] Excel 시트 로드: LB_PRD_Probe
2026-03-24 17:37:32.633	[INFO] Excel 시트 로드: LB_PRD_Rule
2026-03-24 17:37:33.235	[INFO] 리소스 그룹 유지: PRD-WEB-RG
2026-03-24 17:37:40.897	[INFO] LB 생성 완료: PRDAPPLB
2026-03-24 17:37:41.247	[INFO] LB Probe 추가: PRDAPPLB/probe_80
2026-03-24 17:37:41.592	[INFO] LB Probe 추가: PRDAPPLB/probe_22
2026-03-24 17:37:41.936	[INFO] LB Probe 추가: PRDAPPLB/probe_HTTPS
2026-03-24 17:37:46.709	[ERR] 치명적 오류: The term 'if' is not recognized as a name of a cmdlet, function, script file, or executable program.
Check the spelling of the name, or if a path was included, verify that the path is correct and try again.
2026-03-24 17:40:16.772	[INFO] [START] Script
2026-03-24 17:40:16.800	[INFO] [START] Initialize-Modules
2026-03-24 17:40:36.469	[INFO] [END] Initialize-Modules
2026-03-24 17:40:36.492	[INFO] [START] Ensure-AzSession
2026-03-24 17:40:41.255	[INFO] [END] Ensure-AzSession
2026-03-24 17:40:41.299	[INFO] [START] Validate-Inputs
2026-03-24 17:40:41.547	[INFO] Excel 시트 로드: LB_PRD
2026-03-24 17:40:41.953	[INFO] Excel 시트 로드: LB_PRD_Probe
2026-03-24 17:40:42.232	[INFO] Excel 시트 로드: LB_PRD_Rule
2026-03-24 17:40:42.515	[INFO] Excel 시트 로드: KV_PRD
2026-03-24 17:40:42.737	[INFO] Excel 시트 로드: DES_PRD
2026-03-24 17:40:42.961	[INFO] Excel 시트 로드: VM_PRD
2026-03-24 17:40:43.096	[INFO] [END] Validate-Inputs
2026-03-24 17:40:43.123	[INFO] [START] Deploy-LoadBalancers
2026-03-24 17:40:43.246	[INFO] Excel 시트 로드: LB_PRD
2026-03-24 17:40:43.468	[INFO] Excel 시트 로드: LB_PRD_Probe
2026-03-24 17:40:43.721	[INFO] Excel 시트 로드: LB_PRD_Rule
2026-03-24 17:40:43.892	[INFO] [DryRun] 리소스 그룹 생성 예정: PRD-WEB-RG (koreacentral)
2026-03-24 17:40:43.937	[INFO] [DryRun] LB 배포 예정: PRDAPPLB (RG=PRD-WEB-RG, FE=app-fe-internal, Pool=be-pool-01)
2026-03-24 17:40:43.988	[INFO] [DryRun] 리소스 그룹 생성 예정: PRD-WEB-RG (koreacentral)
2026-03-24 17:40:44.029	[INFO] [DryRun] LB 배포 예정: PRDWEBLB (RG=PRD-WEB-RG, FE=web-fe-internal, Pool=be-pool-01)
2026-03-24 17:40:44.066	[INFO] [END] Deploy-LoadBalancers
2026-03-24 17:40:44.104	[INFO] [END] Script
2026-03-24 17:41:01.202	[INFO] [START] Script
2026-03-24 17:41:01.277	[INFO] [START] Initialize-Modules
2026-03-24 17:41:18.726	[INFO] [END] Initialize-Modules
2026-03-24 17:41:18.784	[INFO] [START] Ensure-AzSession
2026-03-24 17:41:23.446	[INFO] [END] Ensure-AzSession
2026-03-24 17:41:23.523	[INFO] [START] Validate-Inputs
2026-03-24 17:41:23.820	[INFO] Excel 시트 로드: LB_PRD
2026-03-24 17:41:24.286	[INFO] Excel 시트 로드: LB_PRD_Probe
2026-03-24 17:41:24.618	[INFO] Excel 시트 로드: LB_PRD_Rule
2026-03-24 17:41:25.039	[INFO] Excel 시트 로드: KV_PRD
2026-03-24 17:41:25.321	[INFO] Excel 시트 로드: DES_PRD
2026-03-24 17:41:25.622	[INFO] Excel 시트 로드: VM_PRD
2026-03-24 17:41:25.817	[INFO] [END] Validate-Inputs
2026-03-24 17:41:25.879	[INFO] [START] Deploy-LoadBalancers
2026-03-24 17:41:26.059	[INFO] Excel 시트 로드: LB_PRD
2026-03-24 17:41:26.359	[INFO] Excel 시트 로드: LB_PRD_Probe
2026-03-24 17:41:26.653	[INFO] Excel 시트 로드: LB_PRD_Rule
2026-03-24 17:41:27.532	[INFO] 리소스 그룹 유지: PRD-WEB-RG
2026-03-24 17:41:30.448	[INFO] LB 유지: PRDAPPLB
2026-03-24 17:41:30.854	[INFO] LB Probe 추가: PRDAPPLB/probe_80
2026-03-24 17:41:31.254	[INFO] LB Probe 추가: PRDAPPLB/probe_22
2026-03-24 17:41:31.666	[INFO] LB Probe 추가: PRDAPPLB/probe_HTTPS
2026-03-24 17:41:32.188	[INFO] LB Rule 추가: PRDAPPLB/Rule_443
2026-03-24 17:41:32.700	[INFO] LB Rule 추가: PRDAPPLB/Rule_22
2026-03-24 17:41:34.403	[INFO] LB 업데이트 완료: PRDAPPLB
2026-03-24 17:41:34.824	[INFO] 리소스 그룹 유지: PRD-WEB-RG
2026-03-24 17:41:41.706	[INFO] LB 생성 완료: PRDWEBLB
2026-03-24 17:41:42.000	[INFO] LB Probe 추가: PRDWEBLB/probe_80
2026-03-24 17:41:42.307	[INFO] LB Probe 추가: PRDWEBLB/probe_8080
2026-03-24 17:41:42.610	[INFO] LB Probe 추가: PRDWEBLB/probe_HTTPS
2026-03-24 17:41:42.910	[INFO] LB Rule 추가: PRDWEBLB/Rule_80
2026-03-24 17:41:43.213	[INFO] LB Rule 추가: PRDWEBLB/Rule_8080
2026-03-24 17:41:44.293	[INFO] LB 업데이트 완료: PRDWEBLB
2026-03-24 17:41:44.331	[INFO] [END] Deploy-LoadBalancers
2026-03-24 17:41:44.374	[INFO] [END] Script
2026-03-24 17:44:36.332	[INFO] [START] Script
2026-03-24 17:44:36.373	[INFO] [START] Initialize-Modules
2026-03-24 17:44:37.553	[INFO] [END] Initialize-Modules
2026-03-24 17:44:37.635	[INFO] [START] Ensure-AzSession
2026-03-24 17:44:42.018	[INFO] [END] Ensure-AzSession
2026-03-24 17:44:42.084	[INFO] [START] Validate-Inputs
2026-03-24 17:44:42.585	[INFO] Excel 시트 로드: LB_PRD
2026-03-24 17:44:43.550	[INFO] Excel 시트 로드: LB_PRD_Probe
2026-03-24 17:44:44.322	[INFO] Excel 시트 로드: LB_PRD_Rule
2026-03-24 17:44:45.039	[INFO] Excel 시트 로드: KV_PRD
2026-03-24 17:44:45.868	[INFO] Excel 시트 로드: DES_PRD
2026-03-24 17:44:46.551	[INFO] Excel 시트 로드: VM_PRD
2026-03-24 17:44:46.895	[INFO] [END] Validate-Inputs
2026-03-24 17:44:46.961	[INFO] [START] Deploy-LoadBalancers
2026-03-24 17:44:47.478	[INFO] Excel 시트 로드: LB_PRD
2026-03-24 17:44:48.276	[INFO] Excel 시트 로드: LB_PRD_Probe
2026-03-24 17:44:49.352	[INFO] Excel 시트 로드: LB_PRD_Rule
2026-03-24 17:44:50.371	[INFO] 리소스 그룹 유지: PRD-WEB-RG
2026-03-24 17:44:51.591	[INFO] LB 유지: PRDAPPLB
2026-03-24 17:44:51.973	[INFO] LB Probe 추가: PRDAPPLB/probe_HTTP
2026-03-24 17:45:01.159	[INFO] [START] Script
2026-03-24 17:45:01.204	[INFO] [START] Initialize-Modules
2026-03-24 17:45:02.338	[INFO] [END] Initialize-Modules
2026-03-24 17:45:02.377	[INFO] [START] Ensure-AzSession
2026-03-24 17:45:03.524	[INFO] [END] Ensure-AzSession
2026-03-24 17:45:03.573	[INFO] [START] Validate-Inputs
2026-03-24 17:45:03.972	[INFO] Excel 시트 로드: LB_PRD
2026-03-24 17:45:04.598	[INFO] Excel 시트 로드: LB_PRD_Probe
2026-03-24 17:45:05.213	[INFO] Excel 시트 로드: LB_PRD_Rule
2026-03-24 17:45:05.929	[INFO] Excel 시트 로드: KV_PRD
2026-03-24 17:45:06.880	[INFO] Excel 시트 로드: DES_PRD
2026-03-24 17:45:07.913	[INFO] Excel 시트 로드: VM_PRD
2026-03-24 17:45:08.441	[INFO] [END] Validate-Inputs
2026-03-24 17:45:08.512	[INFO] [START] Deploy-LoadBalancers
2026-03-24 17:45:08.976	[INFO] Excel 시트 로드: LB_PRD
2026-03-24 17:45:09.622	[INFO] Excel 시트 로드: LB_PRD_Probe
2026-03-24 17:45:10.258	[INFO] Excel 시트 로드: LB_PRD_Rule
2026-03-24 17:45:10.895	[INFO] 리소스 그룹 유지: PRD-WEB-RG
2026-03-24 17:45:11.274	[INFO] LB 유지: PRDAPPLB
2026-03-24 17:45:11.326	[INFO] LB 변경 없음: PRDAPPLB
2026-03-24 17:45:11.840	[INFO] 리소스 그룹 유지: PRD-WEB-RG
2026-03-24 17:45:12.371	[INFO] LB 유지: PRDWEBLB
2026-03-24 17:45:12.697	[INFO] LB Probe 추가: PRDWEBLB/probe_HTTP
2026-03-24 17:45:13.501	[INFO] LB 업데이트 완료: PRDWEBLB
2026-03-24 17:45:13.552	[INFO] [END] Deploy-LoadBalancers
2026-03-24 17:45:13.595	[INFO] [END] Script
2026-03-27 09:50:05.348	[INFO] [START] Script
2026-03-27 09:50:05.448	[INFO] [START] Initialize-Modules
2026-03-27 09:50:47.066	[INFO] [END] Initialize-Modules
2026-03-27 09:50:47.257	[INFO] [START] Ensure-AzSession
2026-03-27 09:50:59.863	[INFO] [END] Ensure-AzSession
2026-03-27 09:50:59.933	[INFO] [START] Validate-Inputs
2026-03-27 09:51:00.314	[INFO] Excel 시트 로드: KV_PRD
2026-03-27 09:51:00.801	[INFO] Excel 시트 로드: KV_PRD
2026-03-27 09:51:01.191	[INFO] Excel 시트 로드: DES_PRD
2026-03-27 09:51:01.616	[INFO] Excel 시트 로드: VM_PRD
2026-03-27 09:51:01.944	[INFO] [END] Validate-Inputs
2026-03-27 09:51:02.033	[INFO] [START] Deploy-KeyVaults
2026-03-27 09:51:02.313	[INFO] Excel 시트 로드: KV_PRD
2026-03-27 09:51:02.580	[INFO] [DryRun] 리소스 그룹 생성 예정: PRD-NW-RG (koreacentral)
2026-03-27 09:51:02.676	[INFO] [DryRun] Key Vault 배포 예정: testdiskencryptionkv, Key=testkey1
2026-03-27 09:51:02.745	[INFO] [DryRun] 리소스 그룹 생성 예정: PRD-NW-RG (koreacentral)
2026-03-27 09:51:02.818	[INFO] [DryRun] Key Vault 배포 예정: testvmpasswordkv, Secret=testvmkey
2026-03-27 09:51:02.888	[INFO] [END] Deploy-KeyVaults
2026-03-27 09:51:02.961	[INFO] [END] Script
2026-03-27 10:58:45.254	[INFO] [START] Script
2026-03-27 10:58:45.306	[INFO] [START] Initialize-Modules
2026-03-27 10:58:48.637	[INFO] [END] Initialize-Modules
2026-03-27 10:58:48.682	[INFO] [START] Ensure-AzSession
2026-03-27 10:58:54.110	[INFO] [END] Ensure-AzSession
2026-03-27 10:58:54.165	[INFO] [START] Validate-Inputs
2026-03-27 10:58:54.675	[INFO] Excel 시트 로드: KV_PRD
2026-03-27 10:58:55.320	[INFO] Excel 시트 로드: KV_PRD
2026-03-27 10:58:55.911	[INFO] Excel 시트 로드: DES_PRD
2026-03-27 10:58:56.533	[INFO] Excel 시트 로드: VM_PRD
2026-03-27 10:58:56.872	[INFO] [END] Validate-Inputs
2026-03-27 10:58:56.933	[INFO] [START] Deploy-KeyVaults
2026-03-27 10:58:57.259	[INFO] Excel 시트 로드: KV_PRD
2026-03-27 10:59:00.461	[INFO] 리소스 그룹 유지: PRD-NW-RG
2026-03-27 10:59:01.961	[INFO] Key Vault 유지: testdiskencryptionkv
2026-03-27 10:59:02.857	[INFO] 실행 계정 권한 유지: Key Vault Crypto Officer
2026-03-27 10:59:03.877	[INFO] Key Vault Key 유지: testdiskencryptionkv/testkey1
2026-03-27 10:59:04.272	[INFO] 리소스 그룹 유지: PRD-NW-RG
2026-03-27 10:59:54.406	[INFO] Key Vault 생성 완료: testvmpasswordkv
2026-03-27 11:00:02.066	[INFO] 실행 계정 권한 할당 완료: Key Vault Secrets Officer
2026-03-27 11:00:02.845	[WARN] Key Vault RBAC 전파 대기 중... (1/8)
2026-03-27 11:00:18.544	[INFO] Key Vault Secret 생성 완료: testvmpasswordkv/testvmkey
2026-03-27 11:00:18.609	[INFO] [END] Deploy-KeyVaults
2026-03-27 11:00:18.683	[INFO] [END] Script
2026-03-27 13:34:01.905	[INFO] [START] Script
2026-03-27 13:34:01.993	[INFO] [START] Initialize-Modules
2026-03-27 13:34:42.551	[INFO] [END] Initialize-Modules
2026-03-27 13:34:42.597	[INFO] [START] Ensure-AzSession
2026-03-27 13:34:49.508	[INFO] [END] Ensure-AzSession
2026-03-27 13:34:49.571	[INFO] [START] Validate-Inputs
2026-03-27 13:34:49.875	[INFO] Excel 시트 로드: VM_PRD
2026-03-27 13:34:50.409	[INFO] Excel 시트 로드: KV_PRD
2026-03-27 13:34:50.716	[INFO] Excel 시트 로드: DES_PRD
2026-03-27 13:34:51.038	[INFO] Excel 시트 로드: VM_PRD
2026-03-27 13:34:51.242	[INFO] [END] Validate-Inputs
2026-03-27 13:34:51.291	[INFO] [START] Deploy-Vms
2026-03-27 13:34:51.463	[INFO] Excel 시트 로드: VM_PRD
2026-03-27 13:34:51.660	[INFO] [DryRun] 리소스 그룹 생성 예정: PRD-WEB-RG (koreacentral)
2026-03-27 13:34:52.583	[INFO] [DryRun] VM 배포 예정: PRDWEB01 (Template=.\템플릿\VM\template-VM-LinuxZone_Image.json)
2026-03-27 13:34:52.618	[INFO] [DryRun] 리소스 그룹 생성 예정: PRD-WEB-RG (koreacentral)
2026-03-27 13:34:52.656	[INFO] [DryRun] VM 배포 예정: PRDWEB02 (Template=.\템플릿\VM\template-VM-LinuxZone_Image.json)
2026-03-27 13:34:52.691	[INFO] [DryRun] 리소스 그룹 생성 예정: PRD-APP-RG (koreacentral)
2026-03-27 13:34:52.732	[INFO] [DryRun] VM 배포 예정: PRDAPP01 (Template=.\템플릿\VM\template-VM-LinuxZone_Image.json)
2026-03-27 13:34:52.769	[INFO] [DryRun] 리소스 그룹 생성 예정: PRD-APP-RG (koreacentral)
2026-03-27 13:34:52.825	[INFO] [DryRun] VM 배포 예정: PRDAPP02 (Template=.\템플릿\VM\template-VM-LinuxZone_Image.json)
2026-03-27 13:34:52.884	[INFO] [END] Deploy-Vms
2026-03-27 13:34:52.926	[INFO] [END] Script
2026-03-27 13:40:22.819	[INFO] [START] Script
2026-03-27 13:40:22.855	[INFO] [START] Initialize-Modules
2026-03-27 13:40:24.158	[INFO] [END] Initialize-Modules
2026-03-27 13:40:24.219	[INFO] [START] Ensure-AzSession
2026-03-27 13:40:28.928	[INFO] [END] Ensure-AzSession
2026-03-27 13:40:29.027	[INFO] [START] Validate-Inputs
2026-03-27 13:40:29.750	[INFO] Excel 시트 로드: VM_PRD
2026-03-27 13:40:30.981	[INFO] Excel 시트 로드: KV_PRD
2026-03-27 13:40:31.792	[INFO] Excel 시트 로드: DES_PRD
2026-03-27 13:40:32.861	[INFO] Excel 시트 로드: VM_PRD
2026-03-27 13:40:33.240	[INFO] [END] Validate-Inputs
2026-03-27 13:40:33.289	[INFO] [START] Deploy-Vms
2026-03-27 13:40:33.623	[INFO] Excel 시트 로드: VM_PRD
2026-03-27 13:40:34.611	[INFO] 리소스 그룹 유지: PRD-WEB-RG
2026-03-27 13:40:35.949	[INFO] VM 유지: PRDWEB01
2026-03-27 13:40:36.395	[INFO] 리소스 그룹 유지: PRD-WEB-RG
2026-03-27 13:40:37.639	[INFO] VM 유지: PRDWEB02
2026-03-27 13:40:38.459	[INFO] 리소스 그룹 유지: PRD-APP-RG
2026-03-27 13:40:39.460	[INFO] VM 유지: PRDAPP01
2026-03-27 13:40:39.960	[INFO] 리소스 그룹 유지: PRD-APP-RG
2026-03-27 13:40:48.887	[ERR] 치명적 오류: 오후 1:40:48 - The deployment 'template-VM-LinuxZone_Image' failed with error(s). Showing 1 out of 1 error(s).
Status Message: Resource /subscriptions/cd49c1cd-99b9-4c13-b58c-a42211770a52/resourceGroups/PRD-NW-RG/providers/Microsoft.Network/virtualNetworks/testprdnwvent/subnets/APPSubnet referenced by resource /subscriptions/cd49c1cd-99b9-4c13-b58c-a42211770a52/resourceGroups/PRD-APP-RG/providers/Microsoft.Network/networkInterfaces/PRDAPP02-Nic was not found. Please make sure that the referenced resource exists, and that both resources are in the same region. (Code: InvalidResourceReference)


CorrelationId: 33facbbf-9acf-4d50-b38f-832df3db7306
2026-03-27 13:44:59.753	[INFO] [START] Script
2026-03-27 13:44:59.759	[INFO] [START] Initialize-Modules
2026-03-27 13:45:00.914	[INFO] [END] Initialize-Modules
2026-03-27 13:45:00.949	[INFO] [START] Ensure-AzSession
2026-03-27 13:45:06.118	[INFO] [END] Ensure-AzSession
2026-03-27 13:45:06.173	[INFO] [START] Validate-Inputs
2026-03-27 13:45:06.586	[INFO] Excel 시트 로드: VM_PRD
2026-03-27 13:45:07.214	[INFO] Excel 시트 로드: KV_PRD
2026-03-27 13:45:07.828	[INFO] Excel 시트 로드: DES_PRD
2026-03-27 13:45:08.449	[INFO] Excel 시트 로드: VM_PRD
2026-03-27 13:45:08.781	[INFO] [END] Validate-Inputs
2026-03-27 13:45:08.816	[INFO] [START] Deploy-Vms
2026-03-27 13:45:09.142	[INFO] Excel 시트 로드: VM_PRD
2026-03-27 13:45:09.807	[INFO] 리소스 그룹 유지: PRD-WEB-RG
2026-03-27 13:45:11.028	[INFO] VM 유지: PRDWEB01
2026-03-27 13:45:11.498	[INFO] 리소스 그룹 유지: PRD-WEB-RG
2026-03-27 13:45:12.971	[INFO] VM 유지: PRDWEB02
2026-03-27 13:45:13.631	[INFO] 리소스 그룹 유지: PRD-APP-RG
2026-03-27 13:45:14.666	[INFO] VM 유지: PRDAPP01
2026-03-27 13:45:15.135	[INFO] 리소스 그룹 유지: PRD-APP-RG
2026-03-27 13:45:55.988	[INFO] VM 배포 성공: PRDAPP02
2026-03-27 13:45:56.025	[INFO] [END] Deploy-Vms
2026-03-27 13:45:56.063	[INFO] [END] Script
2026-03-31 10:30:52.106	[INFO] [START] Script
2026-03-31 10:30:52.181	[INFO] [START] Initialize-Modules
2026-03-31 10:31:21.397	[INFO] [END] Initialize-Modules
2026-03-31 10:31:21.453	[INFO] [START] Ensure-AzSession
2026-03-31 10:31:29.117	[INFO] [END] Ensure-AzSession
2026-03-31 10:31:29.209	[INFO] [START] Validate-Inputs
2026-03-31 10:31:29.618	[INFO] Excel 시트 로드: DES_PRD
2026-03-31 10:31:30.162	[INFO] Excel 시트 로드: KV_PRD
2026-03-31 10:31:30.498	[INFO] Excel 시트 로드: DES_PRD
2026-03-31 10:31:30.810	[INFO] Excel 시트 로드: VM_PRD
2026-03-31 10:31:31.034	[INFO] [END] Validate-Inputs
2026-03-31 10:31:31.094	[INFO] [START] Deploy-DiskEncryptionSets
2026-03-31 10:31:31.319	[INFO] Excel 시트 로드: DES_PRD
2026-03-31 10:31:31.530	[INFO] [DryRun] 리소스 그룹 생성 예정: 260330skpaekspoke-rg (koreacentral)
2026-03-31 10:31:31.590	[INFO] [DryRun] DES 배포 예정: prd-test-des (KeyURI 직접 참조)
2026-03-31 10:31:31.648	[INFO] [END] Deploy-DiskEncryptionSets
2026-03-31 10:31:31.707	[INFO] [END] Script
2026-03-31 10:40:28.710	[INFO] [START] Script
2026-03-31 10:40:28.824	[INFO] [START] Initialize-Modules
2026-03-31 10:41:05.690	[INFO] [END] Initialize-Modules
2026-03-31 10:41:05.955	[INFO] [START] Ensure-AzSession
2026-03-31 10:41:17.633	[INFO] [END] Ensure-AzSession
2026-03-31 10:41:17.910	[INFO] [START] Validate-Inputs
2026-03-31 10:41:18.652	[INFO] Excel 시트 로드: DES_PRD
2026-03-31 10:41:19.882	[INFO] Excel 시트 로드: KV_PRD
2026-03-31 10:41:20.722	[INFO] Excel 시트 로드: DES_PRD
2026-03-31 10:41:21.552	[INFO] Excel 시트 로드: VM_PRD
2026-03-31 10:41:22.616	[INFO] [END] Validate-Inputs
2026-03-31 10:41:22.798	[INFO] [START] Deploy-DiskEncryptionSets
2026-03-31 10:41:23.428	[INFO] Excel 시트 로드: DES_PRD
2026-03-31 10:41:25.059	[INFO] 리소스 그룹 유지: 260330skpaekspoke-rg
2026-03-31 10:41:31.341	[ERR] 치명적 오류: The SubscriptionId:"bd205d5e-1ac3-4ff5-b85d-619a81d95032" of the request must match the SubscriptionId "cf9b6251-a27b-4285-b15a-7587094b2202" contained in the Key Vault Id.
ErrorCode: InvalidParameter
ErrorMessage: The SubscriptionId:"bd205d5e-1ac3-4ff5-b85d-619a81d95032" of the request must match the SubscriptionId "cf9b6251-a27b-4285-b15a-7587094b2202" contained in the Key Vault Id.
ErrorTarget: diskEncryptionSet.properties.activeKey.sourceVault.id
StatusCode: 400
ReasonPhrase: Bad Request
OperationID : c120314c-e98e-41f9-9087-c34a01c320dc
2026-03-31 10:47:12.825	[INFO] [START] Script
2026-03-31 10:47:13.190	[INFO] [START] Initialize-Modules
2026-03-31 10:47:56.307	[INFO] [END] Initialize-Modules
2026-03-31 10:47:56.400	[INFO] [START] Ensure-AzSession
2026-03-31 10:48:05.810	[INFO] [END] Ensure-AzSession
2026-03-31 10:48:05.943	[INFO] [START] Validate-Inputs
2026-03-31 10:48:06.684	[INFO] Excel 시트 로드: DES_PRD
2026-03-31 10:48:07.598	[INFO] Excel 시트 로드: KV_PRD
2026-03-31 10:48:08.141	[INFO] Excel 시트 로드: DES_PRD
2026-03-31 10:48:08.783	[INFO] Excel 시트 로드: VM_PRD
2026-03-31 10:48:09.193	[INFO] [END] Validate-Inputs
2026-03-31 10:48:09.340	[ERR] [DES] Row=1, Name=prd-test-des, Field=KVName: KV 시트에 존재하지 않는 Key Vault 참조입니다: skpaekhubtestkv
2026-03-31 16:08:22.173	[INFO] [START] Script
2026-03-31 16:08:22.283	[INFO] [START] Initialize-Modules
2026-03-31 16:08:27.399	[INFO] [START] Script
2026-03-31 16:08:27.499	[INFO] [START] Initialize-Modules
2026-03-31 16:08:44.016	[INFO] [END] Initialize-Modules
2026-03-31 16:08:44.245	[INFO] [START] Ensure-AzSession
2026-03-31 16:08:56.608	[INFO] [END] Ensure-AzSession
2026-03-31 16:08:56.757	[INFO] [START] Validate-Inputs
2026-03-31 16:08:57.764	[INFO] Excel 시트 로드: RG
2026-03-31 16:08:59.042	[INFO] Excel 시트 로드: KV_PRD
2026-03-31 16:09:00.214	[INFO] Excel 시트 로드: DES_PRD
2026-03-31 16:09:01.200	[INFO] Excel 시트 로드: VM_PRD
2026-03-31 16:09:01.805	[INFO] [END] Validate-Inputs
2026-03-31 16:09:01.949	[ERR] [DES] Row=1, Name=prd-test-des, Field=KVName: KV 시트에 존재하지 않는 Key Vault 참조입니다: skpaekhubtestkv
2026-03-31 16:24:53.020	[INFO] [START] Script
2026-03-31 16:24:53.189	[INFO] [START] Initialize-Modules
2026-03-31 16:26:17.096	[INFO] [END] Initialize-Modules
2026-03-31 16:26:17.195	[INFO] [START] Ensure-AzSession
2026-03-31 16:26:43.726	[INFO] [END] Ensure-AzSession
2026-03-31 16:26:45.285	[INFO] [START] Validate-Inputs
2026-03-31 16:26:48.281	[INFO] Excel 시트 로드: VM_PRD
2026-03-31 16:26:51.832	[INFO] Excel 시트 로드: KV_PRD
2026-03-31 16:26:53.214	[INFO] Excel 시트 로드: VM_PRD
2026-03-31 16:26:54.253	[INFO] [END] Validate-Inputs
2026-03-31 16:26:54.565	[ERR] [VM] Row=1, Name=PRDWEB01, Field=DiskEncryptionSetId: OS 디스크 CMK를 위해 DiskEncryptionSetId가 필요합니다.
2026-03-31 16:27:30.335	[INFO] [START] Script
2026-03-31 16:27:30.532	[INFO] [START] Initialize-Modules
2026-03-31 16:29:00.162	[INFO] [END] Initialize-Modules
2026-03-31 16:29:00.264	[INFO] [START] Ensure-AzSession
2026-03-31 16:29:13.271	[INFO] [END] Ensure-AzSession
2026-03-31 16:29:13.383	[INFO] [START] Validate-Inputs
2026-03-31 16:29:14.132	[INFO] Excel 시트 로드: VM_PRD
2026-03-31 16:29:15.559	[INFO] Excel 시트 로드: KV_PRD
2026-03-31 16:29:16.284	[INFO] Excel 시트 로드: VM_PRD
2026-03-31 16:29:16.702	[INFO] [END] Validate-Inputs
2026-03-31 16:29:16.893	[ERR] [VM] Row=1, Name=PRDWEB01, Field=DiskEncryptionSetId: OS 디스크 CMK를 위해 DiskEncryptionSetId가 필요합니다.
2026-04-03 14:43:18.925	[INFO] [START] Script
2026-04-03 14:43:19.226	[INFO] [START] Initialize-Modules
2026-04-03 14:43:19.578	[INFO] [START] Script
2026-04-03 14:43:19.756	[INFO] [START] Initialize-Modules
2026-04-03 14:45:06.949	[INFO] [END] Initialize-Modules
2026-04-03 14:45:07.040	[INFO] [START] Ensure-AzSession
2026-04-03 14:45:07.046	[INFO] [START] Ensure-AzSession
2026-04-03 14:45:24.016	[INFO] [END] Ensure-AzSession
2026-04-03 14:45:24.050	[INFO] [END] Ensure-AzSession
2026-04-03 14:45:24.758	[INFO] [START] Validate-Inputs
2026-04-03 14:45:24.781	[INFO] [START] Validate-Inputs
2026-04-03 14:45:26.439	[INFO] Excel 시트 로드: DES_PRD
2026-04-03 14:45:26.519	[INFO] Excel 시트 로드: DES_PRD
2026-04-03 14:45:28.710	[INFO] Excel 시트 로드: KV_PRD
2026-04-03 14:45:29.360	[INFO] Excel 시트 로드: KV_PRD
2026-04-03 14:45:29.980	[INFO] Excel 시트 로드: DES_PRD
2026-04-03 14:45:30.502	[INFO] Excel 시트 로드: DES_PRD
2026-04-03 14:45:31.254	[INFO] Excel 시트 로드: VM_PRD
2026-04-03 14:45:31.823	[INFO] Excel 시트 로드: VM_PRD
2026-04-03 14:45:32.165	[INFO] [END] Validate-Inputs
2026-04-03 14:45:32.444	[ERR] [DES] Row=1, Name=prd-test-des, Field=KVName: KV 시트에 존재하지 않는 Key Vault 참조입니다: testdiskencryptionkv
2026-04-03 14:45:32.830	[INFO] [END] Validate-Inputs
2026-04-03 14:45:33.002	[ERR] [DES] Row=1, Name=prd-test-des, Field=KVName: KV 시트에 존재하지 않는 Key Vault 참조입니다: testdiskencryptionkv
2026-04-03 14:46:08.627	[INFO] [START] Script
2026-04-03 14:46:08.755	[INFO] [START] Initialize-Modules
2026-04-03 14:46:42.430	[INFO] [END] Initialize-Modules
2026-04-03 14:46:42.507	[INFO] [START] Ensure-AzSession
2026-04-03 14:46:50.862	[INFO] [END] Ensure-AzSession
2026-04-03 14:46:50.976	[INFO] [START] Validate-Inputs
2026-04-03 14:46:51.436	[INFO] Excel 시트 로드: DES_PRD
2026-04-03 14:46:52.108	[INFO] Excel 시트 로드: KV_PRD
2026-04-03 14:46:52.490	[INFO] Excel 시트 로드: DES_PRD
2026-04-03 14:46:52.889	[INFO] Excel 시트 로드: VM_PRD
2026-04-03 14:46:53.157	[INFO] [END] Validate-Inputs
2026-04-03 14:46:53.229	[ERR] [DES] Row=1, Name=prd-test-des, Field=KVName: KV 시트에 존재하지 않는 Key Vault 참조입니다: testdiskencryptionkv
2026-04-03 17:47:38.087	[INFO] [START] Script
2026-04-03 17:47:38.320	[INFO] [START] Initialize-Modules
2026-04-03 17:48:32.426	[INFO] [END] Initialize-Modules
2026-04-03 17:48:32.612	[INFO] [START] Ensure-AzSession
2026-04-03 17:48:43.345	[INFO] [END] Ensure-AzSession
2026-04-03 17:48:43.442	[INFO] [START] Validate-Inputs
2026-04-03 17:48:44.042	[INFO] Excel 시트 로드: VM_PRD
2026-04-03 17:48:44.808	[INFO] Excel 시트 로드: KV_PRD
2026-04-03 17:48:45.275	[INFO] Excel 시트 로드: DES_PRD
2026-04-03 17:48:45.818	[INFO] Excel 시트 로드: VM_PRD
2026-04-03 17:48:46.095	[INFO] [END] Validate-Inputs
2026-04-03 17:48:46.190	[ERR] [DES] Row=1, Name=prd-test-des, Field=KVName: KV 시트에 존재하지 않는 Key Vault 참조입니다: testdiskencryptionkv
2026-04-03 17:49:57.194	[INFO] [START] Script
2026-04-03 17:49:57.278	[INFO] [START] Initialize-Modules
2026-04-03 17:50:23.207	[INFO] [END] Initialize-Modules
2026-04-03 17:50:23.280	[INFO] [START] Ensure-AzSession
2026-04-03 17:50:31.388	[INFO] [END] Ensure-AzSession
2026-04-03 17:50:31.495	[INFO] [START] Validate-Inputs
2026-04-03 17:50:31.987	[INFO] Excel 시트 로드: VM_PRD
2026-04-03 17:50:32.751	[INFO] Excel 시트 로드: KV_PRD
2026-04-03 17:50:33.129	[INFO] Excel 시트 로드: VM_PRD
2026-04-03 17:50:33.356	[INFO] [END] Validate-Inputs
2026-04-03 17:50:33.413	[INFO] [START] Deploy-Vms
2026-04-03 17:50:33.601	[INFO] Excel 시트 로드: VM_PRD
2026-04-03 17:50:33.829	[INFO] [DryRun] 리소스 그룹 생성 예정: PRD-WEB-RG (koreacentral)
2026-04-03 17:50:35.526	[INFO] [DryRun] VM 배포 예정: PRDWEB01 (Template=.\템플릿\VM\template-VM-LinuxZone_Image.json)
2026-04-03 17:50:35.621	[INFO] [DryRun] 리소스 그룹 생성 예정: PRD-WEB-RG (koreacentral)
2026-04-03 17:50:35.735	[INFO] [DryRun] VM 배포 예정: PRDWEB02 (Template=.\템플릿\VM\template-VM-LinuxZone_Image.json)
2026-04-03 17:50:35.836	[INFO] [DryRun] 리소스 그룹 생성 예정: PRD-APP-RG (koreacentral)
2026-04-03 17:50:35.933	[INFO] [DryRun] VM 배포 예정: PRDAPP01 (Template=.\템플릿\VM\template-VM-LinuxZone_Image.json)
2026-04-03 17:50:36.042	[INFO] [DryRun] 리소스 그룹 생성 예정: PRD-APP-RG (koreacentral)
2026-04-03 17:50:36.156	[INFO] [DryRun] VM 배포 예정: PRDAPP02 (Template=.\템플릿\VM\template-VM-LinuxZone_Image.json)
2026-04-03 17:50:36.192	[INFO] [END] Deploy-Vms
2026-04-03 17:50:36.229	[INFO] [END] Script
2026-04-03 17:53:18.939	[INFO] [START] Script
2026-04-03 17:53:19.169	[INFO] [START] Initialize-Modules
2026-04-03 17:53:19.432	[INFO] [START] Script
2026-04-03 17:53:19.628	[INFO] [START] Initialize-Modules
2026-04-03 17:54:16.656	[INFO] [END] Initialize-Modules
2026-04-03 17:54:16.774	[INFO] [START] Ensure-AzSession
2026-04-03 17:54:16.971	[INFO] [END] Initialize-Modules
2026-04-03 17:54:17.049	[INFO] [START] Ensure-AzSession
2026-04-03 17:54:24.301	[INFO] [END] Ensure-AzSession
2026-04-03 17:54:24.382	[INFO] [START] Validate-Inputs
2026-04-03 17:54:24.826	[INFO] Excel 시트 로드: VM_PRD
2026-04-03 17:54:25.590	[INFO] Excel 시트 로드: KV_PRD
2026-04-03 17:54:25.735	[INFO] [START] Validate-Inputs
2026-04-03 17:54:26.112	[INFO] Excel 시트 로드: VM_PRD
2026-04-03 17:54:26.288	[INFO] Excel 시트 로드: DES_PRD
2026-04-03 17:54:26.381	[INFO] [END] Validate-Inputs
2026-04-03 17:54:26.457	[INFO] [START] Deploy-Vms
2026-04-03 17:54:26.699	[INFO] Excel 시트 로드: VM_PRD
2026-04-03 17:54:26.993	[INFO] [DryRun] 리소스 그룹 생성 예정: PRD-WEB-RG (koreacentral)
2026-04-03 17:54:27.041	[INFO] Excel 시트 로드: KV_PRD
2026-04-03 17:54:27.488	[INFO] [DryRun] VM 배포 예정: PRDWEB01 (Template=.\템플릿\VM\template-VM-LinuxZone_Image.json)
2026-04-03 17:54:27.567	[INFO] [DryRun] 리소스 그룹 생성 예정: PRD-WEB-RG (koreacentral)
2026-04-03 17:54:27.645	[INFO] [DryRun] VM 배포 예정: PRDWEB02 (Template=.\템플릿\VM\template-VM-LinuxZone_Image.json)
2026-04-03 17:54:27.737	[INFO] [DryRun] 리소스 그룹 생성 예정: PRD-APP-RG (koreacentral)
2026-04-03 17:54:27.822	[INFO] [DryRun] VM 배포 예정: PRDAPP01 (Template=.\템플릿\VM\template-VM-LinuxZone_Image.json)
2026-04-03 17:54:27.902	[INFO] [DryRun] 리소스 그룹 생성 예정: PRD-APP-RG (koreacentral)
2026-04-03 17:54:27.995	[ERR] [DES] Row=1, Name=prd-test-des, Field=KVName: KV 시트에 존재하지 않는 Key Vault 참조입니다: testdiskencryptionkv
2026-04-03 17:54:28.062	[INFO] [END] Deploy-Vms
2026-04-03 17:54:28.160	[INFO] [END] Script
2026-04-03 18:01:13.157	[INFO] [START] Script
2026-04-03 18:01:13.443	[INFO] [START] Initialize-Modules
2026-04-03 18:01:13.912	[INFO] [START] Script
2026-04-03 18:01:14.170	[INFO] [START] Initialize-Modules
2026-04-03 18:02:02.685	[INFO] [END] Initialize-Modules
2026-04-03 18:02:02.769	[INFO] [START] Ensure-AzSession
2026-04-03 18:02:03.736	[INFO] [END] Initialize-Modules
2026-04-03 18:02:03.813	[INFO] [START] Ensure-AzSession
2026-04-03 18:02:11.656	[INFO] [END] Ensure-AzSession
2026-04-03 18:02:11.771	[INFO] [START] Validate-Inputs
2026-04-03 18:02:12.198	[INFO] Excel 시트 로드: VM_PRD
2026-04-03 18:02:12.689	[INFO] [END] Ensure-AzSession
2026-04-03 18:02:12.784	[INFO] [START] Validate-Inputs
2026-04-03 18:02:12.958	[INFO] Excel 시트 로드: KV_PRD
2026-04-03 18:02:13.223	[INFO] Excel 시트 로드: DES_PRD
2026-04-03 18:02:13.340	[INFO] Excel 시트 로드: VM_PRD
2026-04-03 18:02:13.570	[INFO] [END] Validate-Inputs
2026-04-03 18:02:13.633	[INFO] [START] Deploy-Vms
2026-04-03 18:02:13.847	[INFO] Excel 시트 로드: VM_PRD
2026-04-03 18:02:14.084	[INFO] [DryRun] 리소스 그룹 생성 예정: PRD-WEB-RG (koreacentral)
2026-04-03 18:02:14.236	[INFO] Excel 시트 로드: DES_PRD
2026-04-03 18:02:14.468	[INFO] [DryRun] VM 배포 예정: PRDWEB01 (Template=.\템플릿\VM\template-VM-LinuxZone_Image.json)
2026-04-03 18:02:14.520	[INFO] [START] Deploy-DiskEncryptionSets
�정: PRD-WEB-RG (koreacentral)
2026-04-03 18:02:14.606	[INFO] [DryRun] VM 배포 예정: PRDWEB02 (Template=.\템플릿\VM\template-VM-LinuxZone_Image.json)
2026-04-03 18:02:14.668	[INFO] [DryRun] 리소스 그룹 생성 예정: PRD-APP-RG (koreacentral)
2026-04-03 18:02:14.735	[INFO] [DryRun] VM 배포 예정: PRDAPP01 (Template=.\템플릿\VM\template-VM-LinuxZone_Image.json)
2026-04-03 18:02:14.792	[INFO] [DryRun] 리소스 그룹 생성 예정: PRD-APP-RG (koreacentral)
2026-04-03 18:02:14.924	[INFO] [DryRun] VM 배포 예정: PRDAPP02 (Template=.\템플릿\VM\template-VM-LinuxZone_Image.json)
2026-04-03 18:02:15.064	[INFO] [DryRun] 리소스 그룹 생성 예정: PRD-NW-RG (koreacentral)
2026-04-03 18:02:15.085	[INFO] [DryRun] DES 배포 예정: prd-test-des (KV=testdiskencryptionkv, Key=testkey1)
2026-04-03 18:02:15.151	[INFO] [END] Deploy-DiskEncryptionSets
2026-04-03 18:02:15.228	[INFO] [END] Script
2026-04-03 18:05:01.978	[INFO] [START] Script
2026-04-03 18:05:02.294	[INFO] [START] Initialize-Modules
2026-04-03 18:05:42.077	[INFO] [END] Initialize-Modules
2026-04-03 18:05:42.160	[INFO] [START] Ensure-AzSession
2026-04-03 18:05:50.549	[INFO] [END] Ensure-AzSession
2026-04-03 18:05:50.641	[INFO] [START] Validate-Inputs
2026-04-03 18:05:51.086	[INFO] Excel 시트 로드: KV_PRD
2026-04-03 18:05:51.644	[INFO] Excel 시트 로드: DES_PRD
2026-04-03 18:05:52.098	[INFO] Excel 시트 로드: NSG_PRD
2026-04-03 18:05:52.421	[INFO] Excel 시트 로드: NSG_PRD_Rule
2026-04-03 18:05:52.781	[INFO] Excel 시트 로드: LB_PRD
2026-04-03 18:05:53.112	[INFO] Excel 시트 로드: LB_PRD_Probe
2026-04-03 18:05:53.572	[INFO] Excel 시트 로드: LB_PRD_Rule
2026-04-03 18:05:54.000	[INFO] Excel 시트 로드: VM_PRD
2026-04-03 18:05:54.429	[INFO] Excel 시트 로드: KV_PRD
2026-04-03 18:05:54.838	[INFO] Excel 시트 로드: DES_PRD
2026-04-03 18:05:55.338	[INFO] Excel 시트 로드: VM_PRD
2026-04-03 18:05:55.654	[INFO] [END] Validate-Inputs
2026-04-03 18:05:55.724	[INFO] [START] Deploy-KeyVaults
2026-04-03 18:05:55.938	[INFO] Excel 시트 로드: KV_PRD
2026-04-03 18:05:56.182	[INFO] [DryRun] 리소스 그룹 생성 예정: PRD-NW-RG (koreacentral)
2026-04-03 18:05:56.233	[INFO] [DryRun] Key Vault 배포 예정: testdiskencryptionkv, Key=testkey1
2026-04-03 18:05:56.281	[INFO] [END] Deploy-KeyVaults
2026-04-03 18:05:56.349	[INFO] [START] Deploy-DiskEncryptionSets
2026-04-03 18:05:56.563	[INFO] Excel 시트 로드: DES_PRD
2026-04-03 18:05:56.767	[INFO] [DryRun] 리소스 그룹 생성 예정: PRD-NW-RG (koreacentral)
2026-04-03 18:05:56.818	[INFO] [DryRun] DES 배포 예정: prd-test-des (KV=testdiskencryptionkv, Key=testkey1)
2026-04-03 18:05:56.868	[INFO] [END] Deploy-DiskEncryptionSets
2026-04-03 18:05:56.940	[INFO] [START] Deploy-LoadBalancers
2026-04-03 18:05:57.170	[INFO] Excel 시트 로드: LB_PRD
2026-04-03 18:05:57.644	[INFO] Excel 시트 로드: LB_PRD_Probe
2026-04-03 18:05:58.057	[INFO] Excel 시트 로드: LB_PRD_Rule
2026-04-03 18:05:58.352	[INFO] [DryRun] 리소스 그룹 생성 예정: PRD-WEB-RG (koreacentral)
2026-04-03 18:05:58.421	[INFO] [DryRun] LB 배포 예정: PRDAPPLB (RG=PRD-WEB-RG, FE=app-fe-internal, Pool=be-pool-01)
2026-04-03 18:05:58.485	[INFO] [DryRun] 리소스 그룹 생성 예정: PRD-WEB-RG (koreacentral)
2026-04-03 18:05:58.557	[INFO] [DryRun] LB 배포 예정: PRDWEBLB (RG=PRD-WEB-RG, FE=web-fe-internal, Pool=be-pool-01)
2026-04-03 18:05:58.626	[INFO] [END] Deploy-LoadBalancers
2026-04-03 18:05:58.704	[INFO] [START] Deploy-Vms
2026-04-03 18:05:58.949	[INFO] Excel 시트 로드: VM_PRD
2026-04-03 18:05:59.171	[INFO] [DryRun] 리소스 그룹 생성 예정: PRD-WEB-RG (koreacentral)
2026-04-03 18:05:59.515	[INFO] [DryRun] VM 배포 예정: PRDWEB01 (Template=.\템플릿\VM\template-VM-LinuxZone_Image.json)
2026-04-03 18:05:59.568	[INFO] [DryRun] 리소스 그룹 생성 예정: PRD-WEB-RG (koreacentral)
2026-04-03 18:05:59.620	[INFO] [DryRun] VM 배포 예정: PRDWEB02 (Template=.\템플릿\VM\template-VM-LinuxZone_Image.json)
2026-04-03 18:05:59.673	[INFO] [DryRun] 리소스 그룹 생성 예정: PRD-APP-RG (koreacentral)
2026-04-03 18:05:59.804	[INFO] [DryRun] VM 배포 예정: PRDAPP01 (Template=.\템플릿\VM\template-VM-LinuxZone_Image.json)
2026-04-03 18:05:59.868	[INFO] [DryRun] 리소스 그룹 생성 예정: PRD-APP-RG (koreacentral)
2026-04-03 18:05:59.936	[INFO] [DryRun] VM 배포 예정: PRDAPP02 (Template=.\템플릿\VM\template-VM-LinuxZone_Image.json)
2026-04-03 18:05:59.965	[INFO] [END] Deploy-Vms
2026-04-03 18:06:00.036	[INFO] [START] Deploy-Nsgs
2026-04-03 18:06:00.246	[INFO] Excel 시트 로드: NSG_PRD
2026-04-03 18:06:00.579	[INFO] Excel 시트 로드: NSG_PRD_Rule
2026-04-03 18:06:00.949	[INFO] Excel 시트 로드: VNET
2026-04-03 18:06:01.181	[INFO] [DryRun] NSG 배포 예정: DEVAPPSubnet-NSG (RG=DEV-WEB-RG)
2026-04-03 18:06:01.244	[INFO] [DryRun] Subnet-NSG 연결 예정: testdevnwvnet/APPSubnet -> DEVAPPSubnet-NSG
2026-04-03 18:06:01.293	[INFO] [DryRun] NSG 배포 예정: PRDWEB01-nic-NSG (RG=PRD-WEB-RG)
2026-04-03 18:06:01.350	[INFO] [DryRun] NIC-NSG 연결 예정: PRDWEB01-nic -> PRDWEB01-nic-NSG
2026-04-03 18:06:01.406	[INFO] [DryRun] NSG 배포 예정: PRDWEB02-nic-NSG (RG=PRD-WEB-RG)
2026-04-03 18:06:01.452	[INFO] [DryRun] NIC-NSG 연결 예정: PRDWEB02-nic -> PRDWEB02-nic-NSG
2026-04-03 18:06:01.504	[INFO] [DryRun] NSG 배포 예정: PRDWEBSubnet-NSG (RG=PRD-WEB-RG)
2026-04-03 18:06:01.560	[INFO] [DryRun] Subnet-NSG 연결 예정: testprdnwvnet/WEBSubnet -> PRDWEBSubnet-NSG
2026-04-03 18:06:01.685	[INFO] [DryRun] NSG 배포 예정: STGWEBSubnet-NSG (RG=STG-WEB-RG)
2026-04-03 18:06:01.758	[INFO] [DryRun] Subnet-NSG 연결 예정: teststgnwvnet/WEBSubnet -> STGWEBSubnet-NSG
2026-04-03 18:06:01.807	[INFO] [END] Deploy-Nsgs
2026-04-03 18:06:01.873	[INFO] [END] Script
2026-04-03 18:06:29.417	[INFO] [START] Script
2026-04-03 18:06:29.535	[INFO] [START] Initialize-Modules
2026-04-03 18:07:13.791	[INFO] [END] Initialize-Modules
2026-04-03 18:07:13.873	[INFO] [START] Ensure-AzSession
2026-04-03 18:07:23.103	[INFO] [END] Ensure-AzSession
2026-04-03 18:07:23.231	[INFO] [START] Validate-Inputs
2026-04-03 18:07:23.688	[INFO] Excel 시트 로드: LB_PRD
2026-04-03 18:07:24.368	[INFO] Excel 시트 로드: LB_PRD_Probe
2026-04-03 18:07:24.833	[INFO] Excel 시트 로드: LB_PRD_Rule
2026-04-03 18:07:25.337	[INFO] Excel 시트 로드: KV_PRD
2026-04-03 18:07:25.625	[INFO] [END] Validate-Inputs
2026-04-03 18:07:25.704	[INFO] [START] Deploy-LoadBalancers
2026-04-03 18:07:25.920	[INFO] Excel 시트 로드: LB_PRD
2026-04-03 18:07:26.309	[INFO] Excel 시트 로드: LB_PRD_Probe
2026-04-03 18:07:26.689	[INFO] Excel 시트 로드: LB_PRD_Rule
2026-04-03 18:07:26.916	[INFO] [DryRun] 리소스 그룹 생성 예정: PRD-WEB-RG (koreacentral)
2026-04-03 18:07:26.977	[INFO] [DryRun] LB 배포 예정: PRDAPPLB (RG=PRD-WEB-RG, FE=app-fe-internal, Pool=be-pool-01)
2026-04-03 18:07:27.046	[INFO] [DryRun] 리소스 그룹 생성 예정: PRD-WEB-RG (koreacentral)
2026-04-03 18:07:27.147	[INFO] [DryRun] LB 배포 예정: PRDWEBLB (RG=PRD-WEB-RG, FE=web-fe-internal, Pool=be-pool-01)
2026-04-03 18:07:27.226	[INFO] [END] Deploy-LoadBalancers
2026-04-03 18:07:27.319	[INFO] [END] Script
2026-04-07 14:48:05.739	[INFO] [START] Script
2026-04-07 14:48:05.833	[INFO] [START] Initialize-Modules
2026-04-07 14:48:14.299	[INFO] [END] Initialize-Modules
2026-04-07 14:48:14.412	[INFO] [START] Ensure-AzSession
2026-04-07 14:48:27.006	[INFO] [END] Ensure-AzSession
2026-04-07 14:48:27.195	[INFO] [START] Validate-Inputs
2026-04-07 14:48:27.927	[INFO] Excel 시트 로드: RG
2026-04-07 14:48:28.784	[INFO] Excel 시트 로드: VNET
2026-04-07 14:48:29.740	[INFO] Excel 시트 로드: Storage
2026-04-07 14:48:30.491	[INFO] Excel 시트 로드: KV_PRD
2026-04-07 14:48:31.248	[INFO] Excel 시트 로드: NSG_PRD
2026-04-07 14:48:32.224	[INFO] Excel 시트 로드: NSG_PRD_Rule
2026-04-07 14:48:33.042	[INFO] Excel 시트 로드: LB_PRD
2026-04-07 14:48:33.844	[INFO] Excel 시트 로드: LB_PRD_Probe
2026-04-07 14:48:34.515	[INFO] Excel 시트 로드: LB_PRD_Rule
2026-04-07 14:48:35.277	[INFO] Excel 시트 로드: VM_PRD
2026-04-07 14:48:36.008	[INFO] Excel 시트 로드: KV_PRD
2026-04-07 14:48:36.811	[INFO] Excel 시트 로드: VM_PRD
2026-04-07 14:48:37.232	[INFO] [END] Validate-Inputs
2026-04-07 14:48:37.332	[INFO] [START] Deploy-ResourceGroups
2026-04-07 14:48:37.723	[INFO] Excel 시트 로드: RG
2026-04-07 14:48:44.048	[INFO] 리소스 그룹 생성 완료: PRD-NW-RG
2026-04-07 14:48:50.208	[INFO] 리소스 그룹 생성 완료: PRD-WEB-RG
2026-04-07 14:48:56.535	[INFO] 리소스 그룹 생성 완료: PRD-APP-RG
2026-04-07 14:49:02.214	[INFO] 리소스 그룹 생성 완료: STG-NW-RG
2026-04-07 14:49:07.969	[INFO] 리소스 그룹 생성 완료: STG-WEB-RG
2026-04-07 14:49:13.134	[INFO] 리소스 그룹 생성 완료: STG-APP-RG
2026-04-07 14:49:18.662	[INFO] 리소스 그룹 생성 완료: DEV-NW-RG
2026-04-07 14:49:23.067	[INFO] 리소스 그룹 생성 완료: DEV-WEB-RG
2026-04-07 14:49:28.409	[INFO] 리소스 그룹 생성 완료: DEV-APP-RG
2026-04-07 14:49:28.571	[INFO] [END] Deploy-ResourceGroups
2026-04-07 14:49:28.683	[INFO] [START] Deploy-Vnets
2026-04-07 14:49:28.981	[INFO] Excel 시트 로드: VNET
2026-04-07 14:49:29.757	[INFO] 리소스 그룹 유지: PRD-NW-RG
2026-04-07 14:49:43.008	[INFO] VNet 생성 완료: testprdnwvnet
2026-04-07 14:49:43.667	[INFO] 리소스 그룹 유지: STG-NW-RG
2026-04-07 14:49:53.741	[INFO] VNet 생성 완료: teststgnwvnet
2026-04-07 14:49:54.852	[INFO] 리소스 그룹 유지: DEV-NW-RG
2026-04-07 14:50:05.089	[INFO] VNet 생성 완료: testdevnwvnet
2026-04-07 14:50:05.159	[INFO] [END] Deploy-Vnets
2026-04-07 14:50:05.234	[INFO] [START] Deploy-Storages
2026-04-07 14:50:05.622	[INFO] Excel 시트 로드: Storage
2026-04-07 14:50:06.898	[INFO] 리소스 그룹 유지: PRD-NW-RG
2026-04-07 14:50:38.751	[ERR] 치명적 오류: The storage account named testprdstrboot is already taken. (Parameter 'Name')
2026-04-07 14:59:57.892	[INFO] [START] Script
2026-04-07 14:59:58.082	[INFO] [START] Initialize-Modules
2026-04-07 15:00:04.150	[INFO] [END] Initialize-Modules
2026-04-07 15:00:04.318	[INFO] [START] Ensure-AzSession
2026-04-07 15:00:14.785	[INFO] [END] Ensure-AzSession
2026-04-07 15:00:14.948	[INFO] [START] Validate-Inputs
2026-04-07 15:00:15.671	[INFO] Excel 시트 로드: RG
2026-04-07 15:00:17.008	[INFO] Excel 시트 로드: VNET
2026-04-07 15:00:18.168	[INFO] Excel 시트 로드: Storage
2026-04-07 15:00:19.232	[INFO] Excel 시트 로드: KV_PRD
2026-04-07 15:00:20.064	[INFO] Excel 시트 로드: NSG_PRD
2026-04-07 15:00:20.917	[INFO] Excel 시트 로드: NSG_PRD_Rule
2026-04-07 15:00:21.931	[INFO] Excel 시트 로드: LB_PRD
2026-04-07 15:00:22.745	[INFO] Excel 시트 로드: LB_PRD_Probe
2026-04-07 15:00:23.695	[INFO] Excel 시트 로드: LB_PRD_Rule
2026-04-07 15:00:24.692	[INFO] Excel 시트 로드: VM_PRD
2026-04-07 15:00:25.900	[INFO] Excel 시트 로드: KV_PRD
2026-04-07 15:00:26.719	[INFO] Excel 시트 로드: VM_PRD
2026-04-07 15:00:27.158	[INFO] [END] Validate-Inputs
2026-04-07 15:00:27.296	[INFO] [START] Deploy-ResourceGroups
2026-04-07 15:00:27.695	[INFO] Excel 시트 로드: RG
2026-04-07 15:00:28.899	[INFO] 리소스 그룹 유지: PRD-NW-RG
2026-04-07 15:00:29.608	[INFO] 리소스 그룹 유지: PRD-WEB-RG
2026-04-07 15:00:30.526	[INFO] 리소스 그룹 유지: PRD-APP-RG
2026-04-07 15:00:31.461	[INFO] 리소스 그룹 유지: STG-NW-RG
2026-04-07 15:00:32.188	[INFO] 리소스 그룹 유지: STG-WEB-RG
2026-04-07 15:00:33.576	[INFO] 리소스 그룹 유지: STG-APP-RG
2026-04-07 15:00:34.704	[INFO] 리소스 그룹 유지: DEV-NW-RG
2026-04-07 15:00:35.946	[INFO] 리소스 그룹 유지: DEV-WEB-RG
2026-04-07 15:00:37.474	[INFO] 리소스 그룹 유지: DEV-APP-RG
2026-04-07 15:00:37.554	[INFO] [END] Deploy-ResourceGroups
2026-04-07 15:00:37.646	[INFO] [START] Deploy-Vnets
2026-04-07 15:00:38.115	[INFO] Excel 시트 로드: VNET
2026-04-07 15:00:39.571	[INFO] 리소스 그룹 유지: PRD-NW-RG
2026-04-07 15:00:40.496	[INFO] VNet 변경 없음: testprdnwvnet
2026-04-07 15:00:41.705	[INFO] 리소스 그룹 유지: STG-NW-RG
2026-04-07 15:00:44.578	[INFO] VNet 변경 없음: teststgnwvnet
2026-04-07 15:00:45.535	[INFO] 리소스 그룹 유지: DEV-NW-RG
2026-04-07 15:00:46.468	[INFO] VNet 변경 없음: testdevnwvnet
2026-04-07 15:00:46.540	[INFO] [END] Deploy-Vnets
2026-04-07 15:00:46.609	[INFO] [START] Deploy-Storages
2026-04-07 15:00:47.011	[INFO] Excel 시트 로드: Storage
2026-04-07 15:00:48.211	[INFO] 리소스 그룹 유지: PRD-NW-RG
2026-04-07 15:07:07.264	[INFO] [START] Script
2026-04-07 15:07:07.331	[INFO] [START] Initialize-Modules
2026-04-07 15:07:09.306	[INFO] [END] Initialize-Modules
2026-04-07 15:07:09.358	[INFO] [START] Ensure-AzSession
2026-04-07 15:07:15.787	[INFO] [END] Ensure-AzSession
2026-04-07 15:07:15.879	[INFO] [START] Validate-Inputs
2026-04-07 15:07:16.562	[INFO] Excel 시트 로드: RG
2026-04-07 15:07:17.619	[INFO] Excel 시트 로드: VNET
2026-04-07 15:07:18.628	[INFO] Excel 시트 로드: Storage
2026-04-07 15:07:19.400	[INFO] Excel 시트 로드: KV_PRD
2026-04-07 15:07:20.437	[INFO] Excel 시트 로드: NSG_PRD
2026-04-07 15:07:21.537	[INFO] Excel 시트 로드: NSG_PRD_Rule
2026-04-07 15:07:22.471	[INFO] Excel 시트 로드: LB_PRD
2026-04-07 15:07:24.053	[INFO] Excel 시트 로드: LB_PRD_Probe
2026-04-07 15:07:24.923	[INFO] Excel 시트 로드: LB_PRD_Rule
2026-04-07 15:07:25.634	[INFO] Excel 시트 로드: VM_PRD
2026-04-07 15:07:26.642	[INFO] Excel 시트 로드: KV_PRD
2026-04-07 15:07:27.447	[INFO] Excel 시트 로드: VM_PRD
2026-04-07 15:07:27.867	[INFO] [END] Validate-Inputs
2026-04-07 15:07:27.958	[INFO] [START] Deploy-ResourceGroups
2026-04-07 15:07:28.325	[INFO] Excel 시트 로드: RG
2026-04-07 15:07:31.740	[INFO] 리소스 그룹 생성 완료: PRD-NW-RG
2026-04-07 15:07:34.696	[INFO] 리소스 그룹 생성 완료: PRD-WEB-RG
2026-04-07 15:07:38.641	[INFO] 리소스 그룹 생성 완료: PRD-APP-RG
2026-04-07 15:07:42.991	[INFO] 리소스 그룹 생성 완료: STG-NW-RG
2026-04-07 15:07:45.992	[INFO] 리소스 그룹 생성 완료: STG-WEB-RG
2026-04-07 15:07:51.230	[INFO] 리소스 그룹 생성 완료: STG-APP-RG
2026-04-07 15:07:56.931	[INFO] 리소스 그룹 생성 완료: DEV-NW-RG
2026-04-07 15:08:00.852	[INFO] 리소스 그룹 생성 완료: DEV-WEB-RG
2026-04-07 15:08:05.490	[INFO] 리소스 그룹 생성 완료: DEV-APP-RG
2026-04-07 15:08:05.632	[INFO] [END] Deploy-ResourceGroups
2026-04-07 15:08:05.800	[INFO] [START] Deploy-Vnets
2026-04-07 15:08:06.616	[INFO] Excel 시트 로드: VNET
2026-04-07 15:08:09.236	[INFO] 리소스 그룹 유지: PRD-NW-RG
2026-04-07 15:08:23.084	[INFO] VNet 생성 완료: testprdnwvnet
2026-04-07 15:08:24.132	[INFO] 리소스 그룹 유지: STG-NW-RG
2026-04-07 15:08:37.756	[INFO] VNet 생성 완료: teststgnwvnet
2026-04-07 15:08:39.867	[INFO] 리소스 그룹 유지: DEV-NW-RG
2026-04-07 15:08:54.699	[INFO] VNet 생성 완료: testdevnwvnet
2026-04-07 15:08:55.081	[INFO] [END] Deploy-Vnets
2026-04-07 15:08:55.302	[INFO] [START] Deploy-Storages
2026-04-07 15:08:56.168	[INFO] Excel 시트 로드: Storage
2026-04-07 15:08:58.763	[INFO] 리소스 그룹 유지: PRD-NW-RG
2026-04-07 15:09:57.548	[INFO] 스토리지 생성 완료: testprdstrboot2
2026-04-07 15:09:58.779	[INFO] 리소스 그룹 유지: STG-NW-RG
2026-04-07 15:10:55.009	[INFO] 스토리지 생성 완료: teststgstrboot2
2026-04-07 15:10:56.368	[INFO] 리소스 그룹 유지: DEV-NW-RG
2026-04-07 15:11:21.662	[INFO] 스토리지 생성 완료: testdevstrboot2
2026-04-07 15:11:21.770	[INFO] [END] Deploy-Storages
2026-04-07 15:11:21.876	[INFO] [START] Deploy-KeyVaults
2026-04-07 15:11:22.390	[INFO] Excel 시트 로드: KV_PRD
2026-04-07 15:11:28.409	[INFO] 리소스 그룹 유지: PRD-NW-RG
2026-04-07 15:12:11.769	[INFO] Key Vault 생성 완료: testdiskencryptionkv2
2026-04-07 15:12:23.071	[INFO] 실행 계정 권한 할당 완료: Key Vault Crypto Officer
2026-04-07 15:12:27.912	[INFO] Key Vault Key 생성 완료: testdiskencryptionkv2/testkey1
2026-04-07 15:12:28.117	[INFO] [END] Deploy-KeyVaults
2026-04-07 15:12:28.258	[INFO] [START] Deploy-LoadBalancers
2026-04-07 15:12:28.945	[INFO] Excel 시트 로드: LB_PRD
2026-04-07 15:12:29.908	[INFO] Excel 시트 로드: LB_PRD_Probe
2026-04-07 15:12:31.206	[INFO] Excel 시트 로드: LB_PRD_Rule
2026-04-07 15:12:33.958	[INFO] 리소스 그룹 유지: PRD-WEB-RG
2026-04-07 15:12:44.001	[INFO] LB 생성 완료: PRDAPPLB
2026-04-07 15:12:45.261	[INFO] LB Probe 추가: PRDAPPLB/probe_80
2026-04-07 15:12:46.164	[INFO] LB Probe 추가: PRDAPPLB/probe_22
2026-04-07 15:12:47.246	[INFO] LB Probe 추가: PRDAPPLB/probe_HTTPS
2026-04-07 15:12:48.184	[INFO] LB Probe 추가: PRDAPPLB/probe_HTTP
2026-04-07 15:12:49.251	[INFO] LB Rule 추가: PRDAPPLB/Rule_443
2026-04-07 15:12:50.506	[INFO] LB Rule 추가: PRDAPPLB/Rule_22
2026-04-07 15:12:53.899	[INFO] LB 업데이트 완료: PRDAPPLB
2026-04-07 15:12:56.939	[INFO] 리소스 그룹 유지: PRD-WEB-RG
2026-04-07 15:13:07.406	[INFO] LB 생성 완료: PRDWEBLB
2026-04-07 15:13:08.625	[INFO] LB Probe 추가: PRDWEBLB/probe_80
2026-04-07 15:13:09.629	[INFO] LB Probe 추가: PRDWEBLB/probe_8080
2026-04-07 15:13:10.728	[INFO] LB Probe 추가: PRDWEBLB/probe_HTTPS
2026-04-07 15:13:14.300	[INFO] LB Probe 추가: PRDWEBLB/probe_HTTP
2026-04-07 15:13:16.407	[INFO] LB Rule 추가: PRDWEBLB/Rule_80
2026-04-07 15:13:18.033	[INFO] LB Rule 추가: PRDWEBLB/Rule_8080
2026-04-07 15:13:21.863	[INFO] LB 업데이트 완료: PRDWEBLB
2026-04-07 15:13:22.503	[INFO] [END] Deploy-LoadBalancers
2026-04-07 15:13:23.103	[INFO] [START] Deploy-Vms
2026-04-07 15:13:24.023	[INFO] Excel 시트 로드: VM_PRD
2026-04-07 15:13:27.350	[INFO] 리소스 그룹 유지: PRD-WEB-RG
2026-04-07 15:13:28.921	[ERR] 치명적 오류: Unable to serialize secure string value
2026-04-07 15:28:49.232	[INFO] [START] Script
2026-04-07 15:28:49.318	[INFO] [START] Initialize-Modules
2026-04-07 15:30:28.845	[INFO] [END] Initialize-Modules
2026-04-07 15:30:28.933	[INFO] [START] Ensure-AzSession
2026-04-07 15:30:36.212	[INFO] [END] Ensure-AzSession
2026-04-07 15:30:36.365	[INFO] [START] Validate-Inputs
2026-04-07 15:30:37.587	[INFO] Excel 시트 로드: VM_PRD
2026-04-07 15:30:38.602	[INFO] Excel 시트 로드: KV_PRD
2026-04-07 15:30:39.092	[INFO] Excel 시트 로드: VM_PRD
2026-04-07 15:30:39.937	[INFO] [END] Validate-Inputs
2026-04-07 15:30:40.129	[INFO] [START] Deploy-Vms
2026-04-07 15:30:40.445	[INFO] Excel 시트 로드: VM_PRD
2026-04-07 15:30:40.944	[INFO] [DryRun] 리소스 그룹 생성 예정: PRD-WEB-RG (koreacentral)
2026-04-07 15:30:41.183	[INFO] [DryRun] VM 배포 예정: PRDWEB01 (Template=.\템플릿\VM\template-VM-LinuxZone_Image.json)
2026-04-07 15:30:41.413	[INFO] [DryRun] 리소스 그룹 생성 예정: PRD-WEB-RG (koreacentral)
2026-04-07 15:30:41.638	[INFO] [DryRun] VM 배포 예정: PRDWEB02 (Template=.\템플릿\VM\template-VM-LinuxZone_Image.json)
2026-04-07 15:30:41.715	[INFO] [DryRun] 리소스 그룹 생성 예정: PRD-APP-RG (koreacentral)
2026-04-07 15:30:41.857	[INFO] [DryRun] VM 배포 예정: PRDAPP01 (Template=.\템플릿\VM\template-VM-LinuxZone_Image.json)
2026-04-07 15:30:42.042	[INFO] [DryRun] 리소스 그룹 생성 예정: PRD-APP-RG (koreacentral)
2026-04-07 15:30:42.192	[INFO] [DryRun] VM 배포 예정: PRDAPP02 (Template=.\템플릿\VM\template-VM-LinuxZone_Image.json)
2026-04-07 15:30:42.396	[INFO] [END] Deploy-Vms
2026-04-07 15:30:42.479	[INFO] [END] Script
2026-04-07 15:40:25.046	[INFO] [START] Script
2026-04-07 15:40:25.192	[INFO] [START] Initialize-Modules
2026-04-07 15:40:31.993	[INFO] [END] Initialize-Modules
2026-04-07 15:40:32.224	[INFO] [START] Ensure-AzSession
2026-04-07 15:40:38.140	[INFO] [END] Ensure-AzSession
2026-04-07 15:40:38.253	[INFO] [START] Validate-Inputs
2026-04-07 15:40:38.715	[INFO] Excel 시트 로드: RG
2026-04-07 15:40:39.514	[INFO] Excel 시트 로드: VNET
2026-04-07 15:40:40.253	[INFO] Excel 시트 로드: Storage
2026-04-07 15:40:41.093	[INFO] Excel 시트 로드: KV_PRD
2026-04-07 15:40:42.051	[INFO] Excel 시트 로드: NSG_PRD
2026-04-07 15:40:42.871	[INFO] Excel 시트 로드: NSG_PRD_Rule
2026-04-07 15:40:43.770	[INFO] Excel 시트 로드: LB_PRD
2026-04-07 15:40:44.581	[INFO] Excel 시트 로드: LB_PRD_Probe
2026-04-07 15:40:45.574	[INFO] Excel 시트 로드: LB_PRD_Rule
2026-04-07 15:40:46.391	[INFO] Excel 시트 로드: VM_PRD
2026-04-07 15:40:47.270	[INFO] Excel 시트 로드: KV_PRD
2026-04-07 15:40:48.052	[INFO] Excel 시트 로드: VM_PRD
2026-04-07 15:40:48.529	[INFO] [END] Validate-Inputs
2026-04-07 15:40:48.637	[INFO] [START] Deploy-ResourceGroups
2026-04-07 15:40:49.003	[INFO] Excel 시트 로드: RG
2026-04-07 15:40:50.095	[INFO] 리소스 그룹 유지: PRD-NW-RG
2026-04-07 15:40:50.723	[INFO] 리소스 그룹 유지: PRD-WEB-RG
2026-04-07 15:40:51.581	[INFO] 리소스 그룹 유지: PRD-APP-RG
2026-04-07 15:40:52.285	[INFO] 리소스 그룹 유지: STG-NW-RG
2026-04-07 15:40:53.380	[INFO] 리소스 그룹 유지: STG-WEB-RG
2026-04-07 15:40:54.265	[INFO] 리소스 그룹 유지: STG-APP-RG
2026-04-07 15:40:55.207	[INFO] 리소스 그룹 유지: DEV-NW-RG
2026-04-07 15:40:56.130	[INFO] 리소스 그룹 유지: DEV-WEB-RG
2026-04-07 15:40:56.910	[INFO] 리소스 그룹 유지: DEV-APP-RG
2026-04-07 15:40:56.969	[INFO] [END] Deploy-ResourceGroups
2026-04-07 15:40:57.049	[INFO] [START] Deploy-Vnets
2026-04-07 15:40:57.474	[INFO] Excel 시트 로드: VNET
2026-04-07 15:40:58.730	[INFO] 리소스 그룹 유지: PRD-NW-RG
2026-04-07 15:40:59.521	[INFO] VNet 변경 없음: testprdnwvnet
2026-04-07 15:41:00.584	[INFO] 리소스 그룹 유지: STG-NW-RG
2026-04-07 15:41:01.527	[INFO] VNet 변경 없음: teststgnwvnet
2026-04-07 15:41:02.550	[INFO] 리소스 그룹 유지: DEV-NW-RG
2026-04-07 15:41:03.505	[INFO] VNet 변경 없음: testdevnwvnet
2026-04-07 15:41:03.640	[INFO] [END] Deploy-Vnets
2026-04-07 15:41:03.738	[INFO] [START] Deploy-Storages
2026-04-07 15:41:04.221	[INFO] Excel 시트 로드: Storage
2026-04-07 15:41:05.384	[INFO] 리소스 그룹 유지: PRD-NW-RG
2026-04-07 15:41:06.196	[INFO] 스토리지 유지: testprdstrboot2
2026-04-07 15:41:07.174	[INFO] 리소스 그룹 유지: STG-NW-RG
2026-04-07 15:41:07.976	[INFO] 스토리지 유지: teststgstrboot2
2026-04-07 15:41:08.821	[INFO] 리소스 그룹 유지: DEV-NW-RG
2026-04-07 15:41:09.464	[INFO] 스토리지 유지: testdevstrboot2
2026-04-07 15:41:09.544	[INFO] [END] Deploy-Storages
2026-04-07 15:41:09.765	[INFO] [START] Deploy-KeyVaults
2026-04-07 15:41:10.291	[INFO] Excel 시트 로드: KV_PRD
2026-04-07 15:41:14.247	[INFO] 리소스 그룹 유지: PRD-NW-RG
2026-04-07 15:41:15.289	[INFO] Key Vault 유지: testdiskencryptionkv2
2026-04-07 15:41:17.240	[INFO] 실행 계정 권한 유지: Key Vault Crypto Officer
2026-04-07 15:41:18.324	[INFO] Key Vault Key 유지: testdiskencryptionkv2/testkey1
2026-04-07 15:41:18.411	[INFO] [END] Deploy-KeyVaults
2026-04-07 15:41:18.500	[INFO] [START] Deploy-LoadBalancers
2026-04-07 15:41:18.919	[INFO] Excel 시트 로드: LB_PRD
2026-04-07 15:41:19.706	[INFO] Excel 시트 로드: LB_PRD_Probe
2026-04-07 15:41:20.599	[INFO] Excel 시트 로드: LB_PRD_Rule
2026-04-07 15:41:21.887	[INFO] 리소스 그룹 유지: PRD-WEB-RG
2026-04-07 15:41:22.697	[INFO] LB 유지: PRDAPPLB
2026-04-07 15:41:22.800	[INFO] LB 변경 없음: PRDAPPLB
2026-04-07 15:41:23.481	[INFO] 리소스 그룹 유지: PRD-WEB-RG
2026-04-07 15:41:24.744	[INFO] LB 유지: PRDWEBLB
2026-04-07 15:41:24.875	[INFO] LB 변경 없음: PRDWEBLB
2026-04-07 15:41:24.971	[INFO] [END] Deploy-LoadBalancers
2026-04-07 15:41:25.066	[INFO] [START] Deploy-Vms
2026-04-07 15:41:25.685	[INFO] Excel 시트 로드: VM_PRD
2026-04-07 15:41:27.140	[INFO] 리소스 그룹 유지: PRD-WEB-RG
2026-04-07 15:42:00.385	[INFO] VM 배포 성공: PRDWEB01
2026-04-07 15:42:03.221	[INFO] 리소스 그룹 유지: PRD-WEB-RG
2026-04-07 15:42:39.072	[INFO] VM 배포 성공: PRDWEB02
2026-04-07 15:42:39.876	[INFO] 리소스 그룹 유지: PRD-APP-RG
2026-04-07 15:43:12.957	[INFO] VM 배포 성공: PRDAPP01
2026-04-07 15:43:14.222	[INFO] 리소스 그룹 유지: PRD-APP-RG
2026-04-07 15:43:51.753	[INFO] VM 배포 성공: PRDAPP02
2026-04-07 15:43:52.053	[INFO] [END] Deploy-Vms
2026-04-07 15:43:52.387	[INFO] [START] Deploy-Nsgs
2026-04-07 15:43:53.442	[INFO] Excel 시트 로드: NSG_PRD
2026-04-07 15:43:56.064	[INFO] Excel 시트 로드: NSG_PRD_Rule
2026-04-07 15:44:00.117	[INFO] Excel 시트 로드: VNET
2026-04-07 15:44:10.037	[INFO] NSG 생성 완료: DEVAPPSubnet-NSG
2026-04-07 15:44:17.141	[INFO] Subnet-NSG 연결 완료: testdevnwvnet/APPSubnet -> DEVAPPSubnet-NSG
2026-04-07 15:44:22.805	[INFO] NSG 생성 완료: PRDWEB01-nic-NSG
2026-04-07 15:44:28.027	[INFO] NIC-NSG 연결 완료: PRDWEB01-nic -> PRDWEB01-nic-NSG
2026-04-07 15:44:28.699	[INFO] NSG Rule 추가: PRDWEB01-nic-NSG/Allow_SSH_from_Zenith_to_Linux-001
2026-04-07 15:44:29.474	[INFO] NSG Rule 추가: PRDWEB01-nic-NSG/Allow_HTTP_from_Any
2026-04-07 15:44:30.070	[INFO] NSG Rule 추가: PRDWEB01-nic-NSG/AllowAzureLoadBalancerInBound
2026-04-07 15:44:30.694	[INFO] NSG Rule 추가: PRDWEB01-nic-NSG/DenyVNetInbound
2026-04-07 15:44:32.500	[INFO] NSG Rule 추가: PRDWEB01-nic-NSG/Allow_Google
2026-04-07 15:44:33.492	[INFO] NSG Rule 추가: PRDWEB01-nic-NSG/DenyInternetOutbound
2026-04-07 15:44:39.746	[INFO] NSG 생성 완료: PRDWEB02-nic-NSG
2026-04-07 15:44:42.851	[INFO] NIC-NSG 연결 완료: PRDWEB02-nic -> PRDWEB02-nic-NSG
2026-04-07 15:44:43.428	[INFO] NSG Rule 추가: PRDWEB02-nic-NSG/Allow_from_Zenith_to_Linux-002_for_SSH
2026-04-07 15:44:44.046	[INFO] NSG Rule 추가: PRDWEB02-nic-NSG/AllowAzureLoadBalancerInBound
2026-04-07 15:44:44.733	[INFO] NSG Rule 추가: PRDWEB02-nic-NSG/DenyVNetInbound
2026-04-07 15:44:45.259	[INFO] NSG Rule 추가: PRDWEB02-nic-NSG/DenyInternetOutbound
2026-04-07 15:44:50.467	[INFO] NSG 생성 완료: PRDWEBSubnet-NSG
2026-04-07 15:44:55.182	[INFO] Subnet-NSG 연결 완료: testprdnwvnet/WEBSubnet -> PRDWEBSubnet-NSG
2026-04-07 15:44:55.653	[INFO] NSG Rule 추가: PRDWEBSubnet-NSG/Allow_SSH_from_Zenith_to_Linux-001
2026-04-07 15:44:56.114	[INFO] NSG Rule 추가: PRDWEBSubnet-NSG/Allow_from_Any_for_HTTP
2026-04-07 15:44:56.580	[INFO] NSG Rule 추가: PRDWEBSubnet-NSG/AllowAzureLoadBalancerInBound
2026-04-07 15:44:57.267	[INFO] NSG Rule 추가: PRDWEBSubnet-NSG/DenyVNetInbound
2026-04-07 15:44:57.813	[INFO] NSG Rule 추가: PRDWEBSubnet-NSG/DenyInternetOutbound
2026-04-07 15:45:03.200	[INFO] NSG 생성 완료: STGWEBSubnet-NSG
2026-04-07 15:45:08.207	[INFO] Subnet-NSG 연결 완료: teststgnwvnet/WEBSubnet -> STGWEBSubnet-NSG
2026-04-07 15:45:08.773	[INFO] NSG Rule 추가: STGWEBSubnet-NSG/AllowAzureLoadBalancerInBound
2026-04-07 15:45:09.503	[INFO] NSG Rule 추가: STGWEBSubnet-NSG/DenyVNetInbound
2026-04-07 15:45:11.811	[INFO] NSG Rule 추가: STGWEBSubnet-NSG/Allow_Google
2026-04-07 15:45:12.643	[INFO] NSG Rule 추가: STGWEBSubnet-NSG/DenyInternetOutbound
2026-04-07 15:45:15.752	[INFO] [END] Deploy-Nsgs
2026-04-07 15:45:15.864	[INFO] [END] Script
2026-04-14 15:48:14.049	[INFO] [START] Script
2026-04-14 15:48:14.108	[INFO] [START] Initialize-Modules
2026-04-14 16:38:19.629	[INFO] [START] Script
2026-04-14 16:38:19.702	[INFO] [START] Initialize-Modules
2026-04-14 16:38:59.539	[INFO] [END] Initialize-Modules
2026-04-14 16:38:59.599	[INFO] [START] Ensure-AzSession
2026-04-14 16:39:11.338	[INFO] [END] Ensure-AzSession
2026-04-14 16:39:11.457	[INFO] [START] Validate-Inputs
2026-04-14 16:39:11.949	[INFO] Excel 시트 로드: RG
2026-04-14 16:39:12.684	[INFO] Excel 시트 로드: VM_DEV
2026-04-14 16:39:13.181	[INFO] Excel 시트 로드: KV_PRD_Old
2026-04-14 16:39:13.668	[INFO] Excel 시트 로드: VM_DEV
2026-04-14 16:39:13.924	[INFO] [END] Validate-Inputs
2026-04-14 16:39:13.992	[INFO] [START] Deploy-ResourceGroups
2026-04-14 16:39:14.248	[INFO] Excel 시트 로드: RG
2026-04-14 16:39:14.784	[INFO] [DryRun] 리소스 그룹 생성 예정: hazr-d-dch-rg (koreacentral)
2026-04-14 16:39:14.923	[INFO] [DryRun] 리소스 그룹 생성 예정: hazr-d-com-rg (koreacentral)
2026-04-14 16:39:15.016	[INFO] [DryRun] 리소스 그룹 생성 예정: hazr-d-cs-rg (koreacentral)
2026-04-14 16:39:15.112	[INFO] [DryRun] 리소스 그룹 생성 예정: hazr-d-dis-rg (koreacentral)
2026-04-14 16:39:15.203	[INFO] [DryRun] 리소스 그룹 생성 예정: hazr-d-doip-rg (koreacentral)
2026-04-14 16:39:15.294	[INFO] [DryRun] 리소스 그룹 생성 예정: hazr-d-dtg-rg (koreacentral)
2026-04-14 16:39:15.399	[INFO] [DryRun] 리소스 그룹 생성 예정: hazr-d-if-rg (koreacentral)
2026-04-14 16:39:15.496	[INFO] [END] Deploy-ResourceGroups
2026-04-14 16:39:15.606	[INFO] [START] Deploy-Vms
2026-04-14 16:39:16.041	[INFO] Excel 시트 로드: VM_DEV
2026-04-14 16:39:16.455	[INFO] [DryRun] 리소스 그룹 생성 예정: hazr-d-dis-rg (koreacentral)
2026-04-14 16:39:16.621	[INFO] [DryRun] VM 배포 예정: hazr-d-dis-ap01 (Template=.\템플릿\VM\template-VM-LinuxZone_Image.json)
2026-04-14 16:39:16.730	[INFO] [DryRun] 리소스 그룹 생성 예정: hazr-d-dis-rg (koreacentral)
2026-04-14 16:39:16.849	[INFO] [DryRun] VM 배포 예정: hazr-d-dis-adm01 (Template=.\템플릿\VM\template-VM-LinuxZone_Image.json)
2026-04-14 16:39:16.977	[INFO] [DryRun] 리소스 그룹 생성 예정: hazr-d-dis-rg (koreacentral)
2026-04-14 16:39:17.098	[INFO] [DryRun] VM 배포 예정: hazr-d-dis-dfir01 (Template=.\템플릿\VM\template-VM-WindowsZone_Image.json)
2026-04-14 16:39:17.222	[INFO] [DryRun] 리소스 그룹 생성 예정: hazr-d-bdp-rg (koreacentral)
2026-04-14 16:39:17.349	[INFO] [DryRun] VM 배포 예정: hazr-d-bdp-cxmap01 (Template=.\템플릿\VM\template-VM-LinuxZone_Image.json)
2026-04-14 16:39:17.467	[INFO] [END] Deploy-Vms
2026-04-14 16:39:17.599	[INFO] [END] Script
2026-04-14 18:15:17.729	[INFO] [START] Script
2026-04-14 18:15:17.803	[INFO] [START] Initialize-Modules
2026-04-14 18:15:47.974	[INFO] [END] Initialize-Modules
2026-04-14 18:15:48.215	[INFO] [START] Ensure-AzSession
2026-04-14 18:16:02.010	[INFO] [END] Ensure-AzSession
2026-04-14 18:16:02.092	[INFO] [START] Validate-Inputs
2026-04-14 18:16:02.526	[INFO] Excel 시트 로드: VM_DEV
2026-04-14 18:16:03.105	[INFO] Excel 시트 로드: KV_PRD_Old
2026-04-14 18:16:03.502	[INFO] Excel 시트 로드: VM_DEV
2026-04-14 18:16:03.698	[INFO] [END] Validate-Inputs
2026-04-14 18:16:03.749	[INFO] [START] Deploy-Vms
2026-04-14 18:16:03.922	[INFO] Excel 시트 로드: VM_DEV
2026-04-14 18:16:04.129	[INFO] [DryRun] 리소스 그룹 생성 예정: hazr-d-dis-rg (koreacentral)
2026-04-14 18:16:04.206	[INFO] [DryRun] VM 배포 예정: hazr-d-dis-ap01 (Template=.\템플릿\VM\template-VM-LinuxZone_Image.json)
2026-04-14 18:16:04.250	[INFO] [DryRun] 리소스 그룹 생성 예정: hazr-d-dis-rg (koreacentral)
2026-04-14 18:16:04.297	[INFO] [DryRun] VM 배포 예정: hazr-d-dis-adm01 (Template=.\템플릿\VM\template-VM-LinuxZone_Image.json)
2026-04-14 18:16:04.348	[INFO] [DryRun] 리소스 그룹 생성 예정: hazr-d-dis-rg (koreacentral)
2026-04-14 18:16:04.395	[INFO] [DryRun] VM 배포 예정: hazr-d-dis-dfir01 (Template=.\템플릿\VM\template-VM-WindowsZone_Image.json)
2026-04-14 18:16:04.446	[INFO] [DryRun] 리소스 그룹 생성 예정: hazr-d-bdp-rg (koreacentral)
2026-04-14 18:16:04.493	[INFO] [DryRun] VM 배포 예정: hazr-d-bdp-cxmap01 (Template=.\템플릿\VM\template-VM-LinuxZone_Image.json)
2026-04-14 18:16:04.548	[INFO] [END] Deploy-Vms
2026-04-14 18:16:04.598	[INFO] [END] Script
2026-04-15 14:38:55.890	[INFO] [START] Script
2026-04-15 14:38:56.004	[INFO] [START] Initialize-Modules
2026-04-15 14:40:01.858	[INFO] [END] Initialize-Modules
2026-04-15 14:40:01.981	[INFO] [START] Ensure-AzSession
2026-04-15 14:40:01.988	[INFO] [START] Ensure-AzSession
2026-04-15 14:40:12.668	[INFO] [END] Ensure-AzSession
2026-04-15 14:40:12.833	[INFO] [START] Validate-Inputs
2026-04-15 14:40:13.723	[INFO] Excel 시트 로드: VM_DEV
2026-04-15 14:40:14.525	[INFO] VM Role 필터 적용: DIS / 대상 행 수: 16
수: 0
2026-04-15 14:40:14.882	[INFO] Excel 시트 로드: KV_PRD_Old
2026-04-15 14:40:14.990	[INFO] Excel 시트 로드: KV_PRD_Old
2026-04-15 14:40:15.618	[INFO] Excel 시트 로드: VM_DEV
2026-04-15 14:40:15.723	[INFO] Excel 시트 로드: VM_DEV
2026-04-15 14:40:15.971	[INFO] VM Role 필터 적용: NO_SUCH_ROLE / 대상 행 수: 0
2026-04-15 14:40:16.080	[INFO] VM Role 필터 적용: DIS / 대상 행 수: 16
2026-04-15 14:40:16.105	[INFO] [START] Deploy-Vms
s
2026-04-15 14:40:16.190	[INFO] [START] Deploy-Vms
2026-04-15 14:40:16.484	[INFO] Excel 시트 로드: VM_DEV
2026-04-15 14:40:16.919	[INFO] VM Role 필터 적용: DIS / 대상 행 수: 16
수: 0
2026-04-15 14:40:17.024	[INFO] [DryRun] 리소스 그룹 생성 예정: hazr-d-dis-rg (koreacentral)
2026-04-15 14:40:17.090	[INFO] [END] Script
�포 예정: hazr-d-dis-ap01 (Template=.\템플릿\VM\template-VM-LinuxZone_Image.json)
2026-04-15 14:40:17.162	[INFO] [DryRun] 리소스 그룹 생성 예정: hazr-d-dis-rg (koreacentral)
2026-04-15 14:40:17.228	[INFO] [DryRun] VM 배포 예정: hazr-d-dis-adm01 (Template=.\템플릿\VM\template-VM-LinuxZone_Image.json)
2026-04-15 14:40:17.299	[INFO] [DryRun] 리소스 그룹 생성 예정: hazr-d-dis-rg (koreacentral)
2026-04-15 14:40:17.379	[INFO] [DryRun] VM 배포 예정: hazr-d-dis-bbiweb01 (Template=.\템플릿\VM\template-VM-LinuxZone_Image.json)
2026-04-15 14:40:17.444	[INFO] [DryRun] 리소스 그룹 생성 예정: hazr-d-dis-rg (koreacentral)
2026-04-15 14:40:17.511	[INFO] [DryRun] VM 배포 예정: hazr-d-dis-bbicltap01 (Template=.\템플릿\VM\template-VM-LinuxZone_Image.json)
2026-04-15 14:40:17.583	[INFO] [DryRun] 리소스 그룹 생성 예정: hazr-d-dis-rg (koreacentral)
2026-04-15 14:40:17.667	[INFO] [DryRun] VM 배포 예정: hazr-d-dis-bbimsgap01 (Template=.\템플릿\VM\template-VM-LinuxZone_Image.json)
2026-04-15 14:40:17.733	[INFO] [DryRun] 리소스 그룹 생성 예정: hazr-d-dis-rg (koreacentral)
2026-04-15 14:40:17.803	[INFO] [DryRun] VM 배포 예정: hazr-d-dis-walkap01 (Template=.\템플릿\VM\template-VM-LinuxZone_Image.json)
2026-04-15 14:40:17.884	[INFO] [DryRun] 리소스 그룹 생성 예정: hazr-d-dis-rg (koreacentral)
2026-04-15 14:40:17.960	[INFO] [DryRun] VM 배포 예정: hazr-d-dis-bat01 (Template=.\템플릿\VM\template-VM-LinuxZone_Image.json)
2026-04-15 14:40:18.029	[INFO] [DryRun] 리소스 그룹 생성 예정: hazr-d-dis-rg (koreacentral)
2026-04-15 14:40:18.101	[INFO] [DryRun] VM 배포 예정: hazr-d-dis-bat02 (Template=.\템플릿\VM\template-VM-LinuxZone_Image.json)
2026-04-15 14:40:18.167	[INFO] [DryRun] 리소스 그룹 생성 예정: hazr-d-dis-rg (koreacentral)
2026-04-15 14:40:18.237	[INFO] [DryRun] VM 배포 예정: hazr-d-dis-drvcltap01 (Template=.\템플릿\VM\template-VM-LinuxZone_Image.json)
2026-04-15 14:40:18.310	[INFO] [DryRun] 리소스 그룹 생성 예정: hazr-d-dis-rg (koreacentral)
2026-04-15 14:40:18.372	[INFO] [DryRun] VM 배포 예정: hazr-d-dis-walkweb01 (Template=.\템플릿\VM\template-VM-LinuxZone_Image.json)
2026-04-15 14:40:18.440	[INFO] [DryRun] 리소스 그룹 생성 예정: hazr-d-dis-rg (koreacentral)
2026-04-15 14:40:18.504	[INFO] [DryRun] VM 배포 예정: hazr-d-dis-drvmsgap01 (Template=.\템플릿\VM\template-VM-LinuxZone_Image.json)
2026-04-15 14:40:18.571	[INFO] [DryRun] 리소스 그룹 생성 예정: hazr-d-dis-rg (koreacentral)
2026-04-15 14:40:18.632	[INFO] [DryRun] VM 배포 예정: hazr-d-dis-web01 (Template=.\템플릿\VM\template-VM-LinuxZone_Image.json)
2026-04-15 14:40:18.692	[INFO] [DryRun] 리소스 그룹 생성 예정: hazr-d-dis-rg (koreacentral)
2026-04-15 14:40:18.755	[INFO] [DryRun] VM 배포 예정: hazr-d-dis-cmsadm01 (Template=.\템플릿\VM\template-VM-LinuxZone_Image.json)
2026-04-15 14:40:18.826	[INFO] [DryRun] 리소스 그룹 생성 예정: hazr-d-dis-rg (koreacentral)
2026-04-15 14:40:18.981	[INFO] [DryRun] VM 배포 예정: hazr-d-dis-cmsap01 (Template=.\템플릿\VM\template-VM-LinuxZone_Image.json)
2026-04-15 14:40:19.054	[INFO] [DryRun] 리소스 그룹 생성 예정: hazr-d-dis-rg (koreacentral)
2026-04-15 14:40:19.124	[INFO] [DryRun] VM 배포 예정: hazr-d-dis-cmsweb01 (Template=.\템플릿\VM\template-VM-LinuxZone_Image.json)
2026-04-15 14:40:19.196	[INFO] [DryRun] 리소스 그룹 생성 예정: hazr-d-dis-rg (koreacentral)
2026-04-15 14:40:19.228	[INFO] [DryRun] VM 배포 예정: hazr-d-dis-cmbsap01 (Template=.\템플릿\VM\template-VM-LinuxZone_Image.json)
2026-04-15 14:40:19.292	[INFO] [END] Deploy-Vms
2026-04-15 14:40:19.359	[INFO] [END] Script
2026-04-20 11:02:08.073	[INFO] [START] Script
2026-04-20 11:02:08.139	[INFO] [START] Initialize-Modules
2026-04-20 11:02:38.713	[INFO] [END] Initialize-Modules
2026-04-20 11:02:38.784	[INFO] [START] Ensure-AzSession
2026-04-20 11:02:49.590	[INFO] [END] Ensure-AzSession
2026-04-20 11:02:49.678	[INFO] [START] Validate-Inputs
2026-04-20 11:02:50.095	[INFO] Excel 시트 로드: RG_DEV
2026-04-20 11:02:50.622	[INFO] Excel 시트 로드: VNET_DEV
2026-04-20 11:02:51.109	[ERR] 치명적 오류: 필수 시트를 찾지 못했습니다. 후보: Storage
2026-04-20 11:12:59.269	[INFO] [START] Script
2026-04-20 11:12:59.328	[INFO] [START] Initialize-Modules
2026-04-20 11:13:21.385	[INFO] [END] Initialize-Modules
2026-04-20 11:13:21.432	[INFO] [START] Ensure-AzSession
2026-04-20 11:13:29.317	[INFO] [END] Ensure-AzSession
2026-04-20 11:13:29.393	[INFO] [START] Validate-Inputs
2026-04-20 11:13:29.740	[INFO] Excel 시트 로드: VM_DEV
2026-04-20 11:13:30.456	[WARN] 시트를 찾지 못했습니다. 후보: KV, KeyVault
2026-04-20 11:13:30.636	[INFO] Excel 시트 로드: VM_DEV
2026-04-20 11:13:30.882	[INFO] [END] Validate-Inputs
2026-04-20 11:13:30.926	[INFO] [START] Deploy-Vms
2026-04-20 11:13:31.122	[INFO] Excel 시트 로드: VM_DEV
2026-04-20 11:13:31.339	[INFO] [DryRun] 리소스 그룹 생성 예정: hazr-d-dis-rg (koreacentral)
2026-04-20 11:13:31.416	[INFO] [DryRun] VM 배포 예정: hazr-d-dis-ap01 (Template=.\템플릿\VM\template-VM-LinuxZone_Image.json)
2026-04-20 11:13:31.459	[INFO] [DryRun] 리소스 그룹 생성 예정: hazr-d-dis-rg (koreacentral)
2026-04-20 11:13:31.507	[INFO] [DryRun] VM 배포 예정: hazr-d-dis-adm01 (Template=.\템플릿\VM\template-VM-LinuxZone_Image.json)
2026-04-20 11:13:31.560	[INFO] [DryRun] 리소스 그룹 생성 예정: hazr-d-dis-rg (koreacentral)
2026-04-20 11:13:31.609	[INFO] [DryRun] VM 배포 예정: hazr-d-dis-bbiweb01 (Template=.\템플릿\VM\template-VM-LinuxZone_Image.json)
2026-04-20 11:13:31.662	[INFO] [DryRun] 리소스 그룹 생성 예정: hazr-d-dis-rg (koreacentral)
2026-04-20 11:13:31.731	[INFO] [DryRun] VM 배포 예정: hazr-d-dis-bbicltap01 (Template=.\템플릿\VM\template-VM-LinuxZone_Image.json)
2026-04-20 11:13:31.812	[INFO] [DryRun] 리소스 그룹 생성 예정: hazr-d-dis-rg (koreacentral)
2026-04-20 11:13:31.861	[INFO] [DryRun] VM 배포 예정: hazr-d-dis-bbimsgap01 (Template=.\템플릿\VM\template-VM-LinuxZone_Image.json)
2026-04-20 11:13:31.901	[INFO] [DryRun] 리소스 그룹 생성 예정: hazr-d-dis-rg (koreacentral)
2026-04-20 11:13:31.928	[INFO] [DryRun] VM 배포 예정: hazr-d-dis-walkap01 (Template=.\템플릿\VM\template-VM-LinuxZone_Image.json)
2026-04-20 11:13:31.976	[INFO] [DryRun] 리소스 그룹 생성 예정: hazr-d-dis-rg (koreacentral)
2026-04-20 11:13:32.021	[INFO] [DryRun] VM 배포 예정: hazr-d-dis-bat01 (Template=.\템플릿\VM\template-VM-LinuxZone_Image.json)
2026-04-20 11:13:32.069	[INFO] [DryRun] 리소스 그룹 생성 예정: hazr-d-dis-rg (koreacentral)
2026-04-20 11:13:32.119	[INFO] [DryRun] VM 배포 예정: hazr-d-dis-bat02 (Template=.\템플릿\VM\template-VM-LinuxZone_Image.json)
2026-04-20 11:13:32.140	[INFO] [DryRun] 리소스 그룹 생성 예정: hazr-d-dis-rg (koreacentral)
2026-04-20 11:13:32.189	[INFO] [DryRun] VM 배포 예정: hazr-d-dis-drvcltap01 (Template=.\템플릿\VM\template-VM-LinuxZone_Image.json)
2026-04-20 11:13:32.232	[INFO] [DryRun] 리소스 그룹 생성 예정: hazr-d-dis-rg (koreacentral)
2026-04-20 11:13:32.279	[INFO] [DryRun] VM 배포 예정: hazr-d-dis-walkweb01 (Template=.\템플릿\VM\template-VM-LinuxZone_Image.json)
2026-04-20 11:13:32.325	[INFO] [DryRun] 리소스 그룹 생성 예정: hazr-d-dis-rg (koreacentral)
2026-04-20 11:13:32.365	[INFO] [DryRun] VM 배포 예정: hazr-d-dis-drvmsgap01 (Template=.\템플릿\VM\template-VM-LinuxZone_Image.json)
2026-04-20 11:13:32.419	[INFO] [DryRun] 리소스 그룹 생성 예정: hazr-d-dis-rg (koreacentral)
2026-04-20 11:13:32.459	[INFO] [DryRun] VM 배포 예정: hazr-d-dis-web01 (Template=.\템플릿\VM\template-VM-LinuxZone_Image.json)
2026-04-20 11:13:32.488	[INFO] [DryRun] 리소스 그룹 생성 예정: hazr-d-dis-rg (koreacentral)
2026-04-20 11:13:32.536	[INFO] [DryRun] VM 배포 예정: hazr-d-dis-cmsadm01 (Template=.\템플릿\VM\template-VM-LinuxZone_Image.json)
2026-04-20 11:13:32.575	[INFO] [DryRun] 리소스 그룹 생성 예정: hazr-d-dis-rg (koreacentral)
2026-04-20 11:13:32.615	[INFO] [DryRun] VM 배포 예정: hazr-d-dis-cmsap01 (Template=.\템플릿\VM\template-VM-LinuxZone_Image.json)
2026-04-20 11:13:32.662	[INFO] [DryRun] 리소스 그룹 생성 예정: hazr-d-dis-rg (koreacentral)
2026-04-20 11:13:32.701	[INFO] [DryRun] VM 배포 예정: hazr-d-dis-cmsweb01 (Template=.\템플릿\VM\template-VM-LinuxZone_Image.json)
2026-04-20 11:13:32.734	[INFO] [DryRun] 리소스 그룹 생성 예정: hazr-d-dis-rg (koreacentral)
2026-04-20 11:13:32.775	[INFO] [DryRun] VM 배포 예정: hazr-d-dis-cmbsap01 (Template=.\템플릿\VM\template-VM-LinuxZone_Image.json)
2026-04-20 11:13:32.812	[INFO] [DryRun] 리소스 그룹 생성 예정: hazr-d-dtg-rg (koreacentral)
2026-04-20 11:13:32.856	[INFO] [DryRun] VM 배포 예정: hazr-d-dtg-ingap01 (Template=.\템플릿\VM\template-VM-LinuxZone_Image.json)
2026-04-20 11:13:32.898	[INFO] [DryRun] 리소스 그룹 생성 예정: hazr-d-dtg-rg (koreacentral)
2026-04-20 11:13:32.934	[INFO] [DryRun] VM 배포 예정: hazr-d-dtg-ap01 (Template=.\템플릿\VM\template-VM-LinuxZone_Image.json)
2026-04-20 11:13:32.973	[INFO] [DryRun] 리소스 그룹 생성 예정: hazr-d-dtg-rg (koreacentral)
2026-04-20 11:13:33.030	[INFO] [DryRun] VM 배포 예정: hazr-d-dtg-extgeoap01 (Template=.\템플릿\VM\template-VM-LinuxZone_Image.json)
2026-04-20 11:13:33.072	[INFO] [DryRun] 리소스 그룹 생성 예정: hazr-d-dtg-rg (koreacentral)
2026-04-20 11:13:33.127	[INFO] [DryRun] VM 배포 예정: hazr-d-dtg-geoap01 (Template=.\템플릿\VM\template-VM-LinuxZone_Image.json)
2026-04-20 11:13:33.161	[INFO] [DryRun] 리소스 그룹 생성 예정: hazr-d-dtg-rg (koreacentral)
2026-04-20 11:13:33.215	[INFO] [DryRun] VM 배포 예정: hazr-d-dtg-mq01 (Template=.\템플릿\VM\template-VM-LinuxZone_Image.json)
2026-04-20 11:13:33.253	[INFO] [DryRun] 리소스 그룹 생성 예정: hazr-d-dtg-rg (koreacentral)
2026-04-20 11:13:33.303	[INFO] [DryRun] VM 배포 예정: hazr-d-dtg-admweb01 (Template=.\템플릿\VM\template-VM-LinuxZone_Image.json)
2026-04-20 11:13:33.346	[INFO] [DryRun] 리소스 그룹 생성 예정: hazr-d-dtg-rg (koreacentral)
2026-04-20 11:13:33.382	[INFO] [DryRun] VM 배포 예정: hazr-d-dtg-admap01 (Template=.\템플릿\VM\template-VM-LinuxZone_Image.json)
2026-04-20 11:13:33.432	[INFO] [DryRun] 리소스 그룹 생성 예정: hazr-d-dtg-rg (koreacentral)
2026-04-20 11:13:33.468	[INFO] [DryRun] VM 배포 예정: hazr-d-dtg-dtoms01 (Template=.\템플릿\VM\template-VM-LinuxZone_Image.json)
2026-04-20 11:13:33.510	[INFO] [DryRun] 리소스 그룹 생성 예정: hazr-d-dtg-rg (koreacentral)
2026-04-20 11:13:33.553	[INFO] [DryRun] VM 배포 예정: hazr-d-dtg-tsdb01 (Template=.\템플릿\VM\template-VM-LinuxZone_Image.json)
2026-04-20 11:13:33.596	[INFO] [DryRun] 리소스 그룹 생성 예정: hazr-d-dtg-rg (koreacentral)
2026-04-20 11:13:33.644	[INFO] [DryRun] VM 배포 예정: hazr-d-dtg-web01 (Template=.\템플릿\VM\template-VM-LinuxZone_Image.json)
2026-04-20 11:13:33.685	[INFO] [DryRun] 리소스 그룹 생성 예정: hazr-d-dtg-rg (koreacentral)
2026-04-20 11:13:33.730	[INFO] [DryRun] VM 배포 예정: hazr-d-dtg-zkp01 (Template=.\템플릿\VM\template-VM-LinuxZone_Image.json)
2026-04-20 11:13:33.778	[INFO] [DryRun] 리소스 그룹 생성 예정: hazr-d-dtg-rg (koreacentral)
2026-04-20 11:13:33.828	[INFO] [DryRun] VM 배포 예정: hazr-d-dtg-zkp02 (Template=.\템플릿\VM\template-VM-LinuxZone_Image.json)
2026-04-20 11:13:33.884	[INFO] [DryRun] 리소스 그룹 생성 예정: hazr-d-dtg-rg (koreacentral)
2026-04-20 11:13:33.932	[INFO] [DryRun] VM 배포 예정: hazr-d-dtg-zkp03 (Template=.\템플릿\VM\template-VM-LinuxZone_Image.json)
2026-04-20 11:13:33.983	[INFO] [DryRun] 리소스 그룹 생성 예정: hazr-d-dtg-rg (koreacentral)
2026-04-20 11:13:34.029	[INFO] [DryRun] VM 배포 예정: hazr-d-dtg-kfk01 (Template=.\템플릿\VM\template-VM-LinuxZone_Image.json)
2026-04-20 11:13:34.068	[INFO] [DryRun] 리소스 그룹 생성 예정: hazr-d-dtg-rg (koreacentral)
2026-04-20 11:13:34.107	[INFO] [DryRun] VM 배포 예정: hazr-d-dtg-kfk02 (Template=.\템플릿\VM\template-VM-LinuxZone_Image.json)
2026-04-20 11:13:34.149	[INFO] [DryRun] 리소스 그룹 생성 예정: hazr-d-dtg-rg (koreacentral)
2026-04-20 11:13:34.192	[INFO] [DryRun] VM 배포 예정: hazr-d-dtg-kfk03 (Template=.\템플릿\VM\template-VM-LinuxZone_Image.json)
2026-04-20 11:13:34.230	[INFO] [DryRun] 리소스 그룹 생성 예정: hazr-d-dtg-rg (koreacentral)
2026-04-20 11:13:34.283	[INFO] [DryRun] VM 배포 예정: hazr-d-dtg-mdoms01 (Template=.\템플릿\VM\template-VM-LinuxZone_Image.json)
2026-04-20 11:13:34.342	[INFO] [DryRun] 리소스 그룹 생성 예정: hazr-d-dtg-rg (koreacentral)
2026-04-20 11:13:34.387	[INFO] [DryRun] VM 배포 예정: hazr-d-dtg-cdmlap01 (Template=.\템플릿\VM\template-VM-LinuxZone_Image.json)
2026-04-20 11:13:34.494	[INFO] [DryRun] 리소스 그룹 생성 예정: hazr-d-dtg-rg (koreacentral)
2026-04-20 11:13:34.515	[INFO] [DryRun] VM 배포 예정: hazr-d-dtg-cdstap01 (Template=.\템플릿\VM\template-VM-LinuxZone_Image.json)
2026-04-20 11:13:34.591	[INFO] [DryRun] 리소스 그룹 생성 예정: hazr-d-dtg-rg (koreacentral)
2026-04-20 11:13:34.639	[INFO] [DryRun] VM 배포 예정: hazr-d-dtg-cdsvap01 (Template=.\템플릿\VM\template-VM-LinuxZone_Image.json)
2026-04-20 11:13:34.685	[INFO] [DryRun] 리소스 그룹 생성 예정: hazr-d-dtg-rg (koreacentral)
2026-04-20 11:13:34.732	[INFO] [DryRun] VM 배포 예정: hazr-d-dtg-diosap01 (Template=.\템플릿\VM\template-VM-LinuxZone_Image.json)
2026-04-20 11:13:34.770	[INFO] [DryRun] 리소스 그룹 생성 예정: hazr-d-dtg-rg (koreacentral)
2026-04-20 11:13:34.809	[INFO] [DryRun] VM 배포 예정: hazr-d-dtg-diosweb01 (Template=.\템플릿\VM\template-VM-LinuxZone_Image.json)
2026-04-20 11:13:34.851	[INFO] [DryRun] 리소스 그룹 생성 예정: hazr-d-dtg-rg (koreacentral)
2026-04-20 11:13:34.899	[INFO] [DryRun] VM 배포 예정: hazr-d-dtg-dprweb01 (Template=.\템플릿\VM\template-VM-LinuxZone_Image.json)
2026-04-20 11:13:34.939	[INFO] [DryRun] 리소스 그룹 생성 예정: hazr-d-dtg-rg (koreacentral)
2026-04-20 11:13:34.987	[INFO] [DryRun] VM 배포 예정: hazr-d-dtg-dprap01 (Template=.\템플릿\VM\template-VM-LinuxZone_Image.json)
2026-04-20 11:13:35.036	[INFO] [DryRun] 리소스 그룹 생성 예정: hazr-d-bdp-rg (koreacentral)
2026-04-20 11:13:35.075	[INFO] [DryRun] VM 배포 예정: hazr-d-bdp-airfw01 (Template=.\템플릿\VM\template-VM-LinuxZone_Image.json)
2026-04-20 11:13:35.122	[INFO] [DryRun] 리소스 그룹 생성 예정: hazr-d-bdp-rg (koreacentral)
2026-04-20 11:13:35.161	[INFO] [DryRun] VM 배포 예정: hazr-d-bdp-kepler01 (Template=.\템플릿\VM\template-VM-LinuxZone_Image.json)
2026-04-20 11:13:35.210	[INFO] [DryRun] 리소스 그룹 생성 예정: hazr-d-bdp-rg (koreacentral)
2026-04-20 11:13:35.267	[INFO] [DryRun] VM 배포 예정: hazr-d-bdp-cxmap01 (Template=.\템플릿\VM\template-VM-LinuxZone_Image.json)
2026-04-20 11:13:35.309	[INFO] [DryRun] 리소스 그룹 생성 예정: hazr-d-bdp-rg (koreacentral)
2026-04-20 11:13:35.353	[INFO] [DryRun] VM 배포 예정: hazr-d-bdp-slap01 (Template=.\템플릿\VM\template-VM-LinuxZone_Image.json)
2026-04-20 11:13:35.394	[INFO] [DryRun] 리소스 그룹 생성 예정: hazr-d-dip-rg (koreacentral)
2026-04-20 11:13:35.434	[INFO] [DryRun] VM 배포 예정: hazr-d-dip-adm01 (Template=.\템플릿\VM\template-VM-LinuxZone_Image.json)
2026-04-20 11:13:35.473	[INFO] [DryRun] 리소스 그룹 생성 예정: hazr-d-dip-rg (koreacentral)
2026-04-20 11:13:35.513	[INFO] [DryRun] VM 배포 예정: hazr-d-dip-ap01 (Template=.\템플릿\VM\template-VM-LinuxZone_Image.json)
2026-04-20 11:13:35.533	[INFO] [DryRun] 리소스 그룹 생성 예정: hazr-d-dip-rg (koreacentral)
2026-04-20 11:13:35.577	[INFO] [DryRun] VM 배포 예정: hazr-d-dip-flk01 (Template=.\템플릿\VM\template-VM-LinuxZone_Image.json)
2026-04-20 11:13:35.596	[INFO] [DryRun] 리소스 그룹 생성 예정: hazr-d-dip-rg (koreacentral)
2026-04-20 11:13:35.636	[INFO] [DryRun] VM 배포 예정: hazr-d-dip-flk02 (Template=.\템플릿\VM\template-VM-LinuxZone_Image.json)
2026-04-20 11:13:35.677	[INFO] [DryRun] 리소스 그룹 생성 예정: hazr-d-dip-rg (koreacentral)
2026-04-20 11:13:35.719	[INFO] [DryRun] VM 배포 예정: hazr-d-dip-flk03 (Template=.\템플릿\VM\template-VM-LinuxZone_Image.json)
2026-04-20 11:13:35.755	[INFO] [DryRun] 리소스 그룹 생성 예정: hazr-d-dip-rg (koreacentral)
2026-04-20 11:13:35.797	[INFO] [DryRun] VM 배포 예정: hazr-d-dip-geoap01 (Template=.\템플릿\VM\template-VM-LinuxZone_Image.json)
2026-04-20 11:13:35.834	[INFO] [DryRun] 리소스 그룹 생성 예정: hazr-d-dip-rg (koreacentral)
2026-04-20 11:13:35.873	[INFO] [DryRun] VM 배포 예정: hazr-d-dip-kfk01 (Template=.\템플릿\VM\template-VM-LinuxZone_Image.json)
2026-04-20 11:13:35.911	[INFO] [DryRun] 리소스 그룹 생성 예정: hazr-d-dip-rg (koreacentral)
2026-04-20 11:13:35.959	[INFO] [DryRun] VM 배포 예정: hazr-d-dip-kfk02 (Template=.\템플릿\VM\template-VM-LinuxZone_Image.json)
2026-04-20 11:13:35.996	[INFO] [DryRun] 리소스 그룹 생성 예정: hazr-d-dip-rg (koreacentral)
2026-04-20 11:13:36.036	[INFO] [DryRun] VM 배포 예정: hazr-d-dip-kfk03 (Template=.\템플릿\VM\template-VM-LinuxZone_Image.json)
2026-04-20 11:13:36.086	[INFO] [DryRun] 리소스 그룹 생성 예정: hazr-d-dip-rg (koreacentral)
2026-04-20 11:13:36.134	[INFO] [DryRun] VM 배포 예정: hazr-d-dip-mqap01 (Template=.\템플릿\VM\template-VM-LinuxZone_Image.json)
2026-04-20 11:13:36.173	[INFO] [DryRun] 리소스 그룹 생성 예정: hazr-d-dip-rg (koreacentral)
2026-04-20 11:13:36.213	[INFO] [DryRun] VM 배포 예정: hazr-d-dip-mqweb01 (Template=.\템플릿\VM\template-VM-LinuxZone_Image.json)
2026-04-20 11:13:36.263	[INFO] [DryRun] 리소스 그룹 생성 예정: hazr-d-dip-rg (koreacentral)
2026-04-20 11:13:36.308	[INFO] [DryRun] VM 배포 예정: hazr-d-dip-oms01 (Template=.\템플릿\VM\template-VM-LinuxZone_Image.json)
2026-04-20 11:13:36.346	[INFO] [DryRun] 리소스 그룹 생성 예정: hazr-d-dip-rg (koreacentral)
2026-04-20 11:13:36.388	[INFO] [DryRun] VM 배포 예정: hazr-d-dip-web01 (Template=.\템플릿\VM\template-VM-LinuxZone_Image.json)
2026-04-20 11:13:36.426	[INFO] [DryRun] 리소스 그룹 생성 예정: hazr-d-com-rg (koreacentral)
2026-04-20 11:13:36.463	[INFO] [DryRun] VM 배포 예정: hazr-d-com-auth01 (Template=.\템플릿\VM\template-VM-LinuxZone_Image.json)
2026-04-20 11:13:36.502	[INFO] [DryRun] 리소스 그룹 생성 예정: hazr-d-com-rg (koreacentral)
2026-04-20 11:13:36.538	[INFO] [DryRun] VM 배포 예정: hazr-d-com-proxy01 (Template=.\템플릿\VM\template-VM-LinuxZone_Image.json)
2026-04-20 11:13:36.572	[INFO] [DryRun] 리소스 그룹 생성 예정: hazr-d-if-rg (koreacentral)
2026-04-20 11:13:36.615	[INFO] [DryRun] VM 배포 예정: hazr-d-if-gramon01 (Template=.\템플릿\VM\template-VM-LinuxZone_Image.json)
2026-04-20 11:13:36.651	[INFO] [DryRun] 리소스 그룹 생성 예정: hazr-d-cs-rg (koreacentral)
2026-04-20 11:13:36.689	[INFO] [DryRun] VM 배포 예정: hazr-d-cs-chtap01 (Template=.\템플릿\VM\template-VM-LinuxZone_Image.json)
2026-04-20 11:13:36.769	[INFO] [DryRun] 리소스 그룹 생성 예정: hazr-d-cs-rg (koreacentral)
2026-04-20 11:13:36.833	[INFO] [DryRun] VM 배포 예정: hazr-d-cs-chtweb01 (Template=.\템플릿\VM\template-VM-LinuxZone_Image.json)
2026-04-20 11:13:36.875	[INFO] [DryRun] 리소스 그룹 생성 예정: hazr-d-cs-rg (koreacentral)
2026-04-20 11:13:36.895	[INFO] [DryRun] VM 배포 예정: hazr-d-cs-chtintweb01 (Template=.\템플릿\VM\template-VM-LinuxZone_Image.json)
2026-04-20 11:13:36.937	[INFO] [DryRun] 리소스 그룹 생성 예정: hazr-d-doip-rg (koreacentral)
2026-04-20 11:13:36.986	[INFO] [DryRun] VM 배포 예정: hazr-d-doip-web01 (Template=.\템플릿\VM\template-VM-LinuxZone_Image.json)
2026-04-20 11:13:37.030	[INFO] [DryRun] 리소스 그룹 생성 예정: hazr-d-doip-rg (koreacentral)
2026-04-20 11:13:37.049	[INFO] [DryRun] VM 배포 예정: hazr-d-doip-ap01 (Template=.\템플릿\VM\template-VM-LinuxZone_Image.json)
2026-04-20 11:13:37.093	[INFO] [DryRun] 리소스 그룹 생성 예정: hazr-d-doip-rg (koreacentral)
2026-04-20 11:13:37.135	[INFO] [DryRun] VM 배포 예정: hazr-d-doip-adm01 (Template=.\템플릿\VM\template-VM-LinuxZone_Image.json)
2026-04-20 11:13:37.173	[INFO] [DryRun] 리소스 그룹 생성 예정: hazr-d-bdp-rg (koreacentral)
2026-04-20 11:13:37.220	[INFO] [DryRun] VM 배포 예정: hazr-d-bdp-crkweb01 (Template=.\템플릿\VM\template-VM-LinuxZone_Image.json)
2026-04-20 11:13:37.259	[INFO] [DryRun] 리소스 그룹 생성 예정: hazr-d-bdp-rg (koreacentral)
2026-04-20 11:13:37.305	[INFO] [DryRun] VM 배포 예정: hazr-d-bdp-crkap01 (Template=.\템플릿\VM\template-VM-LinuxZone_Image.json)
2026-04-20 11:13:37.344	[INFO] [DryRun] 리소스 그룹 생성 예정: hazr-d-bdp-rg (koreacentral)
2026-04-20 11:13:37.386	[INFO] [DryRun] VM 배포 예정: hazr-d-bdp-crkml01 (Template=.\템플릿\VM\template-VM-LinuxZone_Image.json)
2026-04-20 11:13:37.425	[INFO] [DryRun] 리소스 그룹 생성 예정: hazr-d-dis-rg (koreacentral)
2026-04-20 11:13:37.468	[INFO] [DryRun] VM 배포 예정: hazr-d-dis-dfir01 (Template=.\템플릿\VM\template-VM-WindowsZone_Image.json)
2026-04-20 11:13:37.501	[INFO] [DryRun] 리소스 그룹 생성 예정: temp-zen-rg (koreacentral)
2026-04-20 11:13:37.553	[INFO] [DryRun] VM 배포 예정: znc-temp-vm01 (Template=.\템플릿\VM\template-VM-LinuxZone_Image.json)
2026-04-20 11:13:37.601	[INFO] [DryRun] 리소스 그룹 생성 예정: temp-zen-rg (koreacentral)
2026-04-20 11:13:37.641	[INFO] [DryRun] VM 배포 예정: znc-temp-vm02 (Template=.\템플릿\VM\template-VM-WindowsZone_Image.json)
2026-04-20 11:13:37.683	[INFO] [END] Deploy-Vms
2026-04-20 11:13:37.722	[INFO] [END] Script
2026-04-20 14:49:40.366	[INFO] [START] Script
2026-04-20 14:49:40.456	[INFO] [START] Initialize-Modules
2026-04-20 14:50:24.632	[INFO] [END] Initialize-Modules
2026-04-20 14:50:24.694	[INFO] [START] Ensure-AzSession
2026-04-20 14:50:36.007	[INFO] [END] Ensure-AzSession
2026-04-20 14:50:36.078	[INFO] [START] Validate-Inputs
2026-04-20 14:50:36.426	[WARN] 시트를 찾지 못했습니다. 후보: KV, KeyVault
2026-04-20 14:50:36.468	[INFO] [END] Validate-Inputs
2026-04-20 14:50:36.510	[INFO] [START] Deploy-DataDisks
2026-04-20 14:50:37.274	[INFO] [END] Deploy-DataDisks
2026-04-20 14:50:37.325	[INFO] [END] Script
2026-04-22 09:50:07.959	[INFO] [START] Script
2026-04-22 09:50:08.052	[INFO] [START] Initialize-Modules
2026-04-22 09:50:53.170	[INFO] [END] Initialize-Modules
2026-04-22 09:50:53.231	[INFO] [START] Ensure-AzSession
2026-04-22 09:51:02.430	[INFO] [END] Ensure-AzSession
2026-04-22 09:51:02.523	[INFO] [START] Validate-Inputs
2026-04-22 09:51:02.993	[WARN] 시트를 찾지 못했습니다. 후보: KV, KeyVault
2026-04-22 09:51:03.040	[INFO] [END] Validate-Inputs
2026-04-22 09:51:03.093	[INFO] [START] Deploy-DataDisks
2026-04-22 09:51:03.943	[INFO] [END] Deploy-DataDisks
2026-04-22 09:51:03.984	[INFO] [END] Script
2026-04-22 10:22:50.924	[INFO] [START] Script
2026-04-22 10:22:50.989	[INFO] [START] Initialize-Modules
2026-04-22 10:23:10.848	[INFO] [END] Initialize-Modules
2026-04-22 10:23:10.897	[INFO] [START] Ensure-AzSession
2026-04-22 10:23:19.599	[INFO] [END] Ensure-AzSession
2026-04-22 10:23:19.709	[INFO] [START] Validate-Inputs
2026-04-22 10:23:20.174	[INFO] Excel 시트 로드: VM_DEV
2026-04-22 10:23:20.595	[INFO] VM Role 필터 적용: TEST / 대상 행 수: 2
2026-04-22 10:23:20.860	[WARN] 시트를 찾지 못했습니다. 후보: KV, KeyVault
2026-04-22 10:23:21.020	[INFO] Excel 시트 로드: VM_DEV
2026-04-22 10:23:21.230	[INFO] VM Role 필터 적용: TEST / 대상 행 수: 2
2026-04-22 10:23:21.268	[INFO] [END] Validate-Inputs
2026-04-22 10:23:21.322	[INFO] [START] Deploy-Vms
2026-04-22 10:23:21.531	[INFO] Excel 시트 로드: VM_DEV
2026-04-22 10:23:21.751	[INFO] VM Role 필터 적용: TEST / 대상 행 수: 2
2026-04-22 10:23:21.814	[INFO] [DryRun] 리소스 그룹 생성 예정: temp-zenithcloud-rg (koreacentral)
2026-04-22 10:23:21.979	[INFO] [DryRun] VM 배포 예정: temp-znc-vm01 (Template=.\템플릿\VM\template-VM-LinuxZone_Image.json)
2026-04-22 10:23:22.036	[INFO] [DryRun] 리소스 그룹 생성 예정: temp-zenithcloud-rg (koreacentral)
2026-04-22 10:23:22.095	[WARN] 템플릿 미정의 파라미터 제외: osDiskName, ResourceGroupName (Template=.\템플릿\VM\template-VM-WindowsZone_Image.json)
2026-04-22 10:23:22.149	[INFO] [DryRun] VM 배포 예정: temp-znc-vm02 (Template=.\템플릿\VM\template-VM-WindowsZone_Image.json)
2026-04-22 10:23:22.202	[INFO] [END] Deploy-Vms
2026-04-22 10:23:22.252	[INFO] [END] Script
2026-04-22 10:52:44.628	[INFO] [START] Script
2026-04-22 10:52:44.681	[INFO] [START] Initialize-Modules
2026-04-22 10:53:14.850	[INFO] [END] Initialize-Modules
2026-04-22 10:53:14.894	[INFO] [START] Ensure-AzSession
2026-04-22 10:53:22.174	[INFO] [END] Ensure-AzSession
2026-04-22 10:53:22.263	[INFO] [START] Validate-Inputs
2026-04-22 10:53:22.701	[WARN] 시트를 찾지 못했습니다. 후보: KV, KeyVault
2026-04-22 10:53:22.748	[INFO] [END] Validate-Inputs
2026-04-22 10:53:22.799	[INFO] [START] Deploy-DataDisks
2026-04-22 10:53:23.556	[INFO] [END] Deploy-DataDisks
2026-04-22 10:53:23.620	[INFO] [END] Script
2026-04-22 11:01:35.535	[INFO] [START] Script
2026-04-22 11:01:35.629	[INFO] [START] Initialize-Modules
2026-04-22 11:01:58.256	[INFO] [END] Initialize-Modules
2026-04-22 11:01:58.302	[ERR] 치명적 오류: Excel 파일을 찾을 수 없습니다: .\서버정보\20260422_리소스배포_종합.xlsx
2026-04-22 11:04:10.754	[INFO] [START] Script
2026-04-22 11:04:10.824	[INFO] [START] Initialize-Modules
2026-04-22 11:04:29.523	[INFO] [END] Initialize-Modules
2026-04-22 11:04:29.589	[WARN] 지정한 Excel 파일을 찾지 못해 최신 파일을 사용합니다: C:\Users\zenithn\PowerShell - 리소스 배포\서버정보\20260422_리소스배포_개발.xlsx
2026-04-22 11:04:29.633	[INFO] [START] Ensure-AzSession
2026-04-22 11:04:39.174	[INFO] [END] Ensure-AzSession
2026-04-22 11:04:39.252	[INFO] [START] Validate-Inputs
2026-04-22 11:04:39.644	[WARN] 시트를 찾지 못했습니다. 후보: KV, KeyVault
2026-04-22 11:04:39.672	[INFO] [END] Validate-Inputs
2026-04-22 11:04:39.719	[INFO] [START] Deploy-DataDisks
2026-04-22 11:04:40.345	[INFO] [END] Deploy-DataDisks
2026-04-22 11:04:40.384	[INFO] [END] Script
2026-04-22 16:35:39.755	[INFO] [START] Script
2026-04-22 16:35:39.821	[INFO] [START] Initialize-Modules
2026-04-22 16:36:04.563	[INFO] [END] Initialize-Modules
2026-04-22 16:36:04.625	[INFO] [START] Ensure-AzSession
2026-04-22 16:36:13.947	[INFO] [END] Ensure-AzSession
2026-04-22 16:36:14.046	[INFO] [START] Validate-Inputs
2026-04-22 16:36:14.555	[INFO] Excel 시트 로드: NSG
2026-04-22 16:36:15.128	[INFO] Excel 시트 로드: NSG_Rule
2026-04-22 16:36:15.655	[WARN] 시트를 찾지 못했습니다. 후보: KV, KeyVault
2026-04-22 16:36:15.702	[INFO] [END] Validate-Inputs
2026-04-22 16:36:15.785	[ERR] [NSG_Detail] Row=1, Name=PRDWEB01-nic-NSG, Field=NSGName: NSG 시트에 존재하지 않는 NSGName 입니다.
2026-04-22 16:37:04.491	[INFO] [START] Script
2026-04-22 16:37:04.548	[INFO] [START] Initialize-Modules
2026-04-22 16:37:22.842	[INFO] [END] Initialize-Modules
2026-04-22 16:37:22.895	[INFO] [START] Ensure-AzSession
2026-04-22 16:37:30.636	[INFO] [END] Ensure-AzSession
2026-04-22 16:37:30.706	[INFO] [START] Validate-Inputs
2026-04-22 16:37:31.031	[INFO] Excel 시트 로드: NSG
2026-04-22 16:37:31.425	[INFO] Excel 시트 로드: NSG_Rule
2026-04-22 16:37:31.670	[INFO] [END] Validate-Inputs
2026-04-22 16:37:31.732	[ERR] [NSG_Detail] Row=1, Name=PRDWEB01-nic-NSG, Field=NSGName: NSG 시트에 존재하지 않는 NSGName 입니다.
2026-04-23 11:32:05.959	[INFO] [START] Script
2026-04-23 11:32:06.027	[INFO] [START] Initialize-Modules
2026-04-23 11:33:13.058	[INFO] [END] Initialize-Modules
2026-04-23 11:33:13.046	[INFO] [END] Initialize-Modules
2026-04-23 11:33:13.201	[INFO] [START] Ensure-AzSession
2026-04-23 11:33:13.203	[INFO] [START] Ensure-AzSession
2026-04-23 11:33:23.527	[INFO] [END] Ensure-AzSession
2026-04-23 11:33:23.599	[INFO] [START] Validate-Inputs
2026-04-23 11:33:24.007	[INFO] Excel 시트 로드: UDR
2026-04-23 11:33:24.007	[INFO] Excel 시트 로드: UDR
2026-04-23 11:33:24.446	[ERR] 치명적 오류: 시트에 Option 컬럼이 없습니다. -Option 필터를 사용하려면 Option 컬럼이 필요합니다.
2026-04-23 11:34:41.011	[INFO] [START] Script
2026-04-23 11:34:41.086	[INFO] [START] Initialize-Modules
2026-04-23 11:34:41.095	[INFO] [START] Script
2026-04-23 11:34:41.139	[INFO] [START] Initialize-Modules
2026-04-23 11:35:24.651	[INFO] [END] Initialize-Modules
2026-04-23 11:35:24.878	[INFO] [END] Initialize-Modules
2026-04-23 11:35:24.958	[INFO] [START] Ensure-AzSession
2026-04-23 11:35:34.636	[INFO] [END] Ensure-AzSession
2026-04-23 11:35:34.894	[INFO] [START] Validate-Inputs
2026-04-23 11:35:35.165	[INFO] [START] Validate-Inputs
2026-04-23 11:35:36.197	[INFO] Excel 시트 로드: UDR
2026-04-23 11:35:36.396	[INFO] Excel 시트 로드: UDR
2026-04-23 11:35:37.395	[INFO] Option 필터 적용: TEST / 대상 행 수: 0
2026-04-23 11:35:37.534	[INFO] [END] Validate-Inputs
2026-04-23 11:35:37.778	[INFO] [START] Deploy-Udrs
2026-04-23 11:35:37.941	[INFO] [END] Validate-Inputs
2026-04-23 11:35:38.101	[INFO] [START] Deploy-Udrs
2026-04-23 11:35:38.285	[INFO] Excel 시트 로드: UDR
2026-04-23 11:35:38.577	[INFO] Excel 시트 로드: UDR
2026-04-23 11:35:39.006	[INFO] Option 필터 적용: TEST / 대상 행 수: 0
2026-04-23 11:35:39.140	[INFO] [END] Deploy-Udrs
2026-04-23 11:35:39.260	[INFO] Option 필터 적용: EXT / 대상 행 수: 65
2026-04-23 11:35:39.315	[INFO] [END] Script
2026-04-23 11:35:39.794	[INFO] [DryRun] 리소스 그룹 생성 예정: hazr-t-dch-rg (koreacentral)
2026-04-23 11:35:39.903	[INFO] [DryRun] UDR 배포 예정: t-dch-ext-vnet-udr (RG=hazr-t-dch-rg, DisableBGPRoutePropagation=False)
2026-04-23 11:35:40.013	[INFO] [DryRun] UDR Route 추가/갱신 예정: t-dch-ext-vnet-udr/Internet (0.0.0.0/0 -> VirtualAppliance 10.155.200.4)
2026-04-23 11:35:40.085	[INFO] [DryRun] UDR Route 추가/갱신 예정: t-dch-ext-vnet-udr/hazr-o-devops-int-vnet_1 (10.155.128.0/24 -> VirtualAppliance 10.155.200.4)
2026-04-23 11:35:40.131	[INFO] [DryRun] UDR Route 추가/갱신 예정: t-dch-ext-vnet-udr/hazr-o-devops-int-vnet_2 (10.155.129.0/24 -> VirtualAppliance 10.155.200.4)
2026-04-23 11:35:40.230	[INFO] [DryRun] UDR Route 추가/갱신 예정: t-dch-ext-vnet-udr/hazr-o-devops-int-vnet_3 (10.155.130.0/24 -> VirtualAppliance 10.155.200.4)
2026-04-23 11:35:40.417	[INFO] [DryRun] UDR Route 추가/갱신 예정: t-dch-ext-vnet-udr/hazr-o-devops-int-vnet_4 (10.155.131.0/24 -> VirtualAppliance 10.155.200.4)
2026-04-23 11:35:40.533	[INFO] [DryRun] UDR Route 추가/갱신 예정: t-dch-ext-vnet-udr/hazr-l-comm-vnet (10.155.160.0/22 -> VirtualAppliance 10.155.200.4)
2026-04-23 11:35:40.604	[INFO] [DryRun] UDR Route 추가/갱신 예정: t-dch-ext-vnet-udr/hazr-lt-sec-int-vnet (10.155.193.128/26 -> VirtualAppliance 10.155.200.4)
2026-04-23 11:35:40.677	[INFO] [DryRun] UDR Route 추가/갱신 예정: t-dch-ext-vnet-udr/hazr-t-dch-int-vnet_1 (10.157.144.0/24 -> VirtualAppliance 10.155.200.4)
2026-04-23 11:35:40.751	[INFO] [DryRun] UDR Route 추가/갱신 예정: t-dch-ext-vnet-udr/hazr-t-dch-int-vnet_2 (10.157.145.0/24 -> VirtualAppliance 10.155.200.4)
2026-04-23 11:35:40.824	[INFO] [DryRun] UDR Route 추가/갱신 예정: t-dch-ext-vnet-udr/hazr-t-dch-int-vnet_3 (10.157.146.0/24 -> VirtualAppliance 10.155.200.4)
2026-04-23 11:35:40.889	[INFO] [DryRun] UDR Route 추가/갱신 예정: t-dch-ext-vnet-udr/hazr-t-dch-int-vnet_4 (10.157.147.0/24 -> VirtualAppliance 10.155.200.4)
2026-04-23 11:35:40.977	[INFO] [DryRun] UDR Route 추가/갱신 예정: t-dch-ext-vnet-udr/hazr-t-dch-int-vnet_5 (10.157.148.0/24 -> VirtualAppliance 10.155.200.4)
2026-04-23 11:35:41.062	[INFO] [DryRun] UDR Route 추가/갱신 예정: t-dch-ext-vnet-udr/hazr-t-dch-int-vnet_6 (10.157.149.0/24 -> VirtualAppliance 10.155.200.4)
2026-04-23 11:35:41.139	[INFO] [DryRun] UDR Route 추가/갱신 예정: t-dch-ext-vnet-udr/hazr-t-dch-int-vnet_7 (10.157.150.0/24 -> VirtualAppliance 10.155.200.4)
2026-04-23 11:35:41.215	[INFO] [DryRun] UDR Route 추가/갱신 예정: t-dch-ext-vnet-udr/hazr-t-dch-int-vnet_8 (10.157.151.0/24 -> VirtualAppliance 10.155.200.4)
2026-04-23 11:35:41.286	[INFO] [DryRun] UDR Route 추가/갱신 예정: t-dch-ext-vnet-udr/hazr-t-dch-int-vnet_9 (10.157.152.0/24 -> VirtualAppliance 10.155.200.4)
2026-04-23 11:35:41.353	[INFO] [DryRun] UDR Route 추가/갱신 예정: t-dch-ext-vnet-udr/hazr-t-dch-int-vnet_10 (10.157.153.0/24 -> VirtualAppliance 10.155.200.4)
2026-04-23 11:35:41.427	[INFO] [DryRun] UDR Route 추가/갱신 예정: t-dch-ext-vnet-udr/hazr-t-dch-int-vnet_11 (10.157.154.0/24 -> VirtualAppliance 10.155.200.4)
2026-04-23 11:35:41.483	[INFO] [DryRun] UDR Route 추가/갱신 예정: t-dch-ext-vnet-udr/hazr-t-dch-int-vnet_12 (10.157.155.0/24 -> VirtualAppliance 10.155.200.4)
2026-04-23 11:35:41.544	[INFO] [DryRun] UDR Route 추가/갱신 예정: t-dch-ext-vnet-udr/hazr-t-dch-int-vnet_13 (10.157.156.0/24 -> VirtualAppliance 10.155.200.4)
2026-04-23 11:35:41.610	[INFO] [DryRun] UDR Route 추가/갱신 예정: t-dch-ext-vnet-udr/hazr-t-dch-int-vnet_14 (10.157.157.0/24 -> VirtualAppliance 10.155.200.4)
2026-04-23 11:35:41.671	[INFO] [DryRun] UDR Route 추가/갱신 예정: t-dch-ext-vnet-udr/hazr-t-dch-int-vnet_15 (10.157.158.0/24 -> VirtualAppliance 10.155.200.4)
2026-04-23 11:35:41.736	[INFO] [DryRun] UDR Route 추가/갱신 예정: t-dch-ext-vnet-udr/hazr-t-dch-int-vnet_16 (10.157.159.0/24 -> VirtualAppliance 10.155.200.4)
2026-04-23 11:35:41.807	[INFO] [DryRun] UDR Route 추가/갱신 예정: t-dch-ext-vnet-udr/hazr-t-dch-int-vnet_17 (10.157.160.0/24 -> VirtualAppliance 10.155.200.4)
2026-04-23 11:35:41.870	[INFO] [DryRun] UDR Route 추가/갱신 예정: t-dch-ext-vnet-udr/hazr-t-dch-int-vnet_18 (10.157.161.0/24 -> VirtualAppliance 10.155.200.4)
2026-04-23 11:35:41.921	[INFO] [DryRun] UDR Route 추가/갱신 예정: t-dch-ext-vnet-udr/hazr-t-dch-int-vnet_19 (10.157.162.0/24 -> VirtualAppliance 10.155.200.4)
2026-04-23 11:35:41.970	[INFO] [DryRun] UDR Route 추가/갱신 예정: t-dch-ext-vnet-udr/hazr-t-dch-int-vnet_20 (10.157.163.0/24 -> VirtualAppliance 10.155.200.4)
2026-04-23 11:35:42.023	[INFO] [DryRun] UDR Route 추가/갱신 예정: t-dch-ext-vnet-udr/hazr-t-dch-int-vnet_21 (10.157.164.0/24 -> VirtualAppliance 10.155.200.4)
2026-04-23 11:35:42.070	[INFO] [DryRun] UDR Route 추가/갱신 예정: t-dch-ext-vnet-udr/hazr-t-dch-int-vnet_22 (10.157.165.0/24 -> VirtualAppliance 10.155.200.4)
2026-04-23 11:35:42.124	[INFO] [DryRun] UDR Route 추가/갱신 예정: t-dch-ext-vnet-udr/hazr-t-dch-int-vnet_23 (10.157.166.0/24 -> VirtualAppliance 10.155.200.4)
2026-04-23 11:35:42.178	[INFO] [DryRun] UDR Route 추가/갱신 예정: t-dch-ext-vnet-udr/hazr-t-dch-int-vnet_24 (10.157.167.0/24 -> VirtualAppliance 10.155.200.4)
2026-04-23 11:35:42.236	[INFO] [DryRun] UDR Route 추가/갱신 예정: t-dch-ext-vnet-udr/hazr-t-dch-int-vnet_25 (10.157.168.0/24 -> VirtualAppliance 10.155.200.4)
2026-04-23 11:35:42.282	[INFO] [DryRun] UDR Route 추가/갱신 예정: t-dch-ext-vnet-udr/hazr-t-dch-int-vnet_26 (10.157.169.0/24 -> VirtualAppliance 10.155.200.4)
2026-04-23 11:35:42.326	[INFO] [DryRun] UDR Route 추가/갱신 예정: t-dch-ext-vnet-udr/hazr-t-dch-int-vnet_27 (10.157.170.0/24 -> VirtualAppliance 10.155.200.4)
2026-04-23 11:35:42.374	[INFO] [DryRun] UDR Route 추가/갱신 예정: t-dch-ext-vnet-udr/hazr-t-dch-int-vnet_28 (10.157.171.0/24 -> VirtualAppliance 10.155.200.4)
2026-04-23 11:35:42.426	[INFO] [DryRun] UDR Route 추가/갱신 예정: t-dch-ext-vnet-udr/hazr-t-dch-int-vnet_29 (10.157.172.0/24 -> VirtualAppliance 10.155.200.4)
2026-04-23 11:35:42.471	[INFO] [DryRun] UDR Route 추가/갱신 예정: t-dch-ext-vnet-udr/hazr-t-dch-int-vnet_30 (10.157.173.0/24 -> VirtualAppliance 10.155.200.4)
2026-04-23 11:35:42.491	[INFO] [DryRun] UDR Route 추가/갱신 예정: t-dch-ext-vnet-udr/hazr-t-dch-int-vnet_31 (10.157.174.0/24 -> VirtualAppliance 10.155.200.4)
2026-04-23 11:35:42.542	[INFO] [DryRun] UDR Route 추가/갱신 예정: t-dch-ext-vnet-udr/hazr-t-dch-int-vnet_32 (10.157.175.0/24 -> VirtualAppliance 10.155.200.4)
2026-04-23 11:35:42.584	[INFO] [DryRun] UDR Route 추가/갱신 예정: t-dch-ext-vnet-udr/hazr-t-dch-int-vnet_33 (10.157.176.0/24 -> VirtualAppliance 10.155.200.4)
2026-04-23 11:35:42.632	[INFO] [DryRun] UDR Route 추가/갱신 예정: t-dch-ext-vnet-udr/hazr-t-dch-int-vnet_34 (10.157.177.0/24 -> VirtualAppliance 10.155.200.4)
2026-04-23 11:35:42.693	[INFO] [DryRun] UDR Route 추가/갱신 예정: t-dch-ext-vnet-udr/hazr-t-dch-int-vnet_35 (10.157.178.0/24 -> VirtualAppliance 10.155.200.4)
2026-04-23 11:35:42.742	[INFO] [DryRun] UDR Route 추가/갱신 예정: t-dch-ext-vnet-udr/hazr-t-dch-int-vnet_36 (10.157.179.0/24 -> VirtualAppliance 10.155.200.4)
2026-04-23 11:35:42.787	[INFO] [DryRun] UDR Route 추가/갱신 예정: t-dch-ext-vnet-udr/hazr-t-dch-int-vnet_37 (10.157.180.0/24 -> VirtualAppliance 10.155.200.4)
2026-04-23 11:35:42.830	[INFO] [DryRun] UDR Route 추가/갱신 예정: t-dch-ext-vnet-udr/hazr-t-dch-int-vnet_38 (10.157.181.0/24 -> VirtualAppliance 10.155.200.4)
2026-04-23 11:35:42.884	[INFO] [DryRun] UDR Route 추가/갱신 예정: t-dch-ext-vnet-udr/hazr-t-dch-int-vnet_39 (10.157.182.0/24 -> VirtualAppliance 10.155.200.4)
2026-04-23 11:35:42.930	[INFO] [DryRun] UDR Route 추가/갱신 예정: t-dch-ext-vnet-udr/hazr-t-dch-int-vnet_40 (10.157.183.0/24 -> VirtualAppliance 10.155.200.4)
2026-04-23 11:35:42.972	[INFO] [DryRun] UDR Route 추가/갱신 예정: t-dch-ext-vnet-udr/hazr-t-dch-int-vnet_41 (10.157.184.0/24 -> VirtualAppliance 10.155.200.4)
2026-04-23 11:35:43.027	[INFO] [DryRun] UDR Route 추가/갱신 예정: t-dch-ext-vnet-udr/hazr-t-dch-int-vnet_42 (10.157.185.0/24 -> VirtualAppliance 10.155.200.4)
2026-04-23 11:35:43.073	[INFO] [DryRun] UDR Route 추가/갱신 예정: t-dch-ext-vnet-udr/hazr-t-dch-int-vnet_43 (10.157.186.0/24 -> VirtualAppliance 10.155.200.4)
2026-04-23 11:35:43.115	[INFO] [DryRun] UDR Route 추가/갱신 예정: t-dch-ext-vnet-udr/hazr-t-dch-int-vnet_44 (10.157.187.0/24 -> VirtualAppliance 10.155.200.4)
2026-04-23 11:35:43.168	[INFO] [DryRun] UDR Route 추가/갱신 예정: t-dch-ext-vnet-udr/hazr-t-dch-int-vnet_45 (10.157.188.0/24 -> VirtualAppliance 10.155.200.4)
2026-04-23 11:35:43.215	[INFO] [DryRun] UDR Route 추가/갱신 예정: t-dch-ext-vnet-udr/hazr-t-dch-int-vnet_46 (10.157.189.0/24 -> VirtualAppliance 10.155.200.4)
2026-04-23 11:35:43.268	[INFO] [DryRun] UDR Route 추가/갱신 예정: t-dch-ext-vnet-udr/hazr-t-dch-int-vnet_47 (10.157.190.0/24 -> VirtualAppliance 10.155.200.4)
2026-04-23 11:35:43.321	[INFO] [DryRun] UDR Route 추가/갱신 예정: t-dch-ext-vnet-udr/hazr-t-dch-int-vnet_48 (10.157.191.0/24 -> VirtualAppliance 10.155.200.4)
2026-04-23 11:35:43.367	[INFO] [DryRun] UDR Route 추가/갱신 예정: t-dch-ext-vnet-udr/Onprem01 (10.0.0.0/8 -> VirtualAppliance 10.155.200.4)
2026-04-23 11:35:43.419	[INFO] [DryRun] UDR Route 추가/갱신 예정: t-dch-ext-vnet-udr/Onprem02 (172.16.0.0/16 -> VirtualAppliance 10.155.200.4)
2026-04-23 11:35:43.483	[INFO] [DryRun] UDR Route 추가/갱신 예정: t-dch-ext-vnet-udr/Onprem03 (172.18.0.0/16 -> VirtualAppliance 10.155.200.4)
2026-04-23 11:35:43.527	[INFO] [DryRun] UDR Route 추가/갱신 예정: t-dch-ext-vnet-udr/Onprem04 (172.20.0.0/16 -> VirtualAppliance 10.155.200.4)
2026-04-23 11:35:43.571	[INFO] [DryRun] UDR Route 추가/갱신 예정: t-dch-ext-vnet-udr/Onprem05 (172.26.0.0/16 -> VirtualAppliance 10.155.200.4)
2026-04-23 11:35:43.622	[INFO] [DryRun] UDR Route 추가/갱신 예정: t-dch-ext-vnet-udr/Onprem06 (172.28.0.0/16 -> VirtualAppliance 10.155.200.4)
2026-04-23 11:35:43.670	[INFO] [DryRun] UDR Route 추가/갱신 예정: t-dch-ext-vnet-udr/Onprem07 (172.29.0.0/16 -> VirtualAppliance 10.155.200.4)
2026-04-23 11:35:43.715	[INFO] [DryRun] UDR Route 추가/갱신 예정: t-dch-ext-vnet-udr/Onprem08 (172.30.0.0/16 -> VirtualAppliance 10.155.200.4)
2026-04-23 11:35:43.758	[INFO] [DryRun] UDR Route 추가/갱신 예정: t-dch-ext-vnet-udr/Onprem09 (172.31.0.0/16 -> VirtualAppliance 10.155.200.4)
2026-04-23 11:35:43.801	[INFO] [DryRun] UDR Route 추가/갱신 예정: t-dch-ext-vnet-udr/Onprem10 (172.32.0.0/16 -> VirtualAppliance 10.155.200.4)
2026-04-23 11:35:43.842	[INFO] [END] Deploy-Udrs
2026-04-23 11:35:43.892	[INFO] [END] Script
2026-04-28 17:35:03.582	[INFO] [START] Script
2026-04-28 17:35:03.658	[INFO] [START] Initialize-Modules
2026-04-28 17:35:27.659	[INFO] [END] Initialize-Modules
2026-04-28 17:35:27.712	[INFO] [START] Ensure-AzSession
2026-04-28 17:35:39.290	[INFO] [END] Ensure-AzSession
2026-04-28 17:35:39.552	[INFO] [START] Validate-Inputs
2026-04-28 17:35:40.402	[INFO] Excel 시트 로드: LB
2026-04-28 17:35:41.289	[INFO] Excel 시트 로드: LB_Probe
2026-04-28 17:35:41.799	[INFO] Excel 시트 로드: LB_Rule
2026-04-28 17:35:42.372	[INFO] [END] Validate-Inputs
2026-04-28 17:35:42.484	[ERR] [LB_Probe] Row=9, Name=hazr-t-dip-ap-lb, Field=Port: 필수 값이 비어 있습니다.
2026-05-12 13:56:01.449	[INFO] [START] Script
2026-05-12 13:56:01.535	[INFO] [START] Initialize-Modules
2026-05-12 13:56:40.692	[INFO] [END] Initialize-Modules
2026-05-12 13:56:40.774	[WARN] 지정한 Excel 파일을 찾지 못해 최신 파일을 사용합니다: C:\Users\zenithn\PowerShell - 리소스 배포\서버정보\20260422_리소스배포_개발.xlsx
2026-05-12 13:56:40.810	[INFO] [START] Ensure-AzSession
2026-05-12 13:56:45.538	[INFO] [END] Ensure-AzSession
2026-05-12 13:56:45.605	[INFO] [START] Validate-Inputs
2026-05-12 13:56:45.920	[INFO] Excel 시트 로드: NSG
2026-05-12 13:56:46.386	[WARN] 시트를 찾지 못했습니다. 후보: NSG_Detail, NSG_Rule, NSG_PRD_Rule
2026-05-12 13:56:46.492	[INFO] [END] Validate-Inputs
2026-05-12 13:56:46.536	[INFO] [START] Deploy-Nsgs
2026-05-12 13:56:46.758	[INFO] Excel 시트 로드: NSG
2026-05-12 13:56:47.053	[WARN] 시트를 찾지 못했습니다. 후보: NSG_Detail, NSG_Rule, NSG_PRD_Rule
2026-05-12 13:56:47.191	[INFO] Excel 시트 로드: VNET
2026-05-12 13:56:47.416	[INFO] [DryRun] NSG 배포 예정: d-bdp-airfw01-nsg (RG=hazr-d-dch-rg)
2026-05-12 13:56:47.453	[INFO] [DryRun] NIC-NSG 연결 예정: d-bdp-airfw01-nic -> d-bdp-airfw01-nsg
2026-05-12 13:56:47.491	[INFO] [DryRun] NSG 배포 예정: d-bdp-crkap01-nsg (RG=hazr-d-dch-rg)
2026-05-12 13:56:47.530	[INFO] [DryRun] NIC-NSG 연결 예정: d-bdp-crkap01-nic -> d-bdp-crkap01-nsg
2026-05-12 13:56:47.565	[INFO] [DryRun] NSG 배포 예정: d-bdp-crkml01-nsg (RG=hazr-d-dch-rg)
2026-05-12 13:56:47.599	[INFO] [DryRun] NIC-NSG 연결 예정: d-bdp-crkml01-nic -> d-bdp-crkml01-nsg
2026-05-12 13:56:47.634	[INFO] [DryRun] NSG 배포 예정: d-bdp-crkweb01-nsg (RG=hazr-d-dch-rg)
2026-05-12 13:56:47.654	[INFO] [DryRun] NIC-NSG 연결 예정: d-bdp-crkweb01-nic -> d-bdp-crkweb01-nsg
2026-05-12 13:56:47.691	[INFO] [DryRun] NSG 배포 예정: d-bdp-cxmadm01-nsg (RG=hazr-d-dch-rg)
2026-05-12 13:56:47.728	[INFO] [DryRun] NIC-NSG 연결 예정: d-bdp-cxmadm01-nic -> d-bdp-cxmadm01-nsg
2026-05-12 13:56:47.765	[INFO] [DryRun] NSG 배포 예정: d-bdp-kepler01-nsg (RG=hazr-d-dch-rg)
2026-05-12 13:56:47.806	[INFO] [DryRun] NIC-NSG 연결 예정: d-bdp-kepler01-nic -> d-bdp-kepler01-nsg
2026-05-12 13:56:47.849	[INFO] [DryRun] NSG 배포 예정: d-bdp-slap01-nsg (RG=hazr-d-dch-rg)
2026-05-12 13:56:47.888	[INFO] [DryRun] NIC-NSG 연결 예정: d-bdp-slap01-nic -> d-bdp-slap01-nsg
2026-05-12 13:56:47.928	[INFO] [DryRun] NSG 배포 예정: d-com-auth01-nsg (RG=hazr-d-dch-rg)
2026-05-12 13:56:47.967	[INFO] [DryRun] NIC-NSG 연결 예정: d-com-auth01-nic -> d-com-auth01-nsg
2026-05-12 13:56:47.987	[INFO] [DryRun] NSG 배포 예정: d-com-proxy01-nsg (RG=hazr-d-dch-rg)
2026-05-12 13:56:48.006	[INFO] [DryRun] NIC-NSG 연결 예정: d-com-proxy01-nic -> d-com-proxy01-nsg
2026-05-12 13:56:48.047	[INFO] [DryRun] NSG 배포 예정: d-dip-adm01-nsg (RG=hazr-d-dch-rg)
2026-05-12 13:56:48.087	[INFO] [DryRun] NIC-NSG 연결 예정: d-dip-adm01-nic -> d-dip-adm01-nsg
2026-05-12 13:56:48.124	[INFO] [DryRun] NSG 배포 예정: d-dip-ap01-nsg (RG=hazr-d-dch-rg)
2026-05-12 13:56:48.159	[INFO] [DryRun] NIC-NSG 연결 예정: d-dip-ap01-nic -> d-dip-ap01-nsg
2026-05-12 13:56:48.198	[INFO] [DryRun] NSG 배포 예정: d-dip-flk01-nsg (RG=hazr-d-dch-rg)
2026-05-12 13:56:48.235	[INFO] [DryRun] NIC-NSG 연결 예정: d-dip-flk01-nic -> d-dip-flk01-nsg
2026-05-12 13:56:48.274	[INFO] [DryRun] NSG 배포 예정: d-dip-flk02-nsg (RG=hazr-d-dch-rg)
2026-05-12 13:56:48.317	[INFO] [DryRun] NIC-NSG 연결 예정: d-dip-flk02-nic -> d-dip-flk02-nsg
2026-05-12 13:56:48.354	[INFO] [DryRun] NSG 배포 예정: d-dip-flk03-nsg (RG=hazr-d-dch-rg)
2026-05-12 13:56:48.395	[INFO] [DryRun] NIC-NSG 연결 예정: d-dip-flk03-nic -> d-dip-flk03-nsg
2026-05-12 13:56:48.432	[INFO] [DryRun] NSG 배포 예정: d-dip-geoap01-nsg (RG=hazr-d-dch-rg)
2026-05-12 13:56:48.471	[INFO] [DryRun] NIC-NSG 연결 예정: d-dip-geoap01-nic -> d-dip-geoap01-nsg
2026-05-12 13:56:48.509	[INFO] [DryRun] NSG 배포 예정: d-dip-kfk01-nsg (RG=hazr-d-dch-rg)
2026-05-12 13:56:48.546	[INFO] [DryRun] NIC-NSG 연결 예정: d-dip-kfk01-nic -> d-dip-kfk01-nsg
2026-05-12 13:56:48.582	[INFO] [DryRun] NSG 배포 예정: d-dip-kfk02-nsg (RG=hazr-d-dch-rg)
2026-05-12 13:56:48.619	[INFO] [DryRun] NIC-NSG 연결 예정: d-dip-kfk02-nic -> d-dip-kfk02-nsg
2026-05-12 13:56:48.657	[INFO] [DryRun] NSG 배포 예정: d-dip-kfk03-nsg (RG=hazr-d-dch-rg)
2026-05-12 13:56:48.691	[INFO] [DryRun] NIC-NSG 연결 예정: d-dip-kfk03-nic -> d-dip-kfk03-nsg
2026-05-12 13:56:48.725	[INFO] [DryRun] NSG 배포 예정: d-dip-mqap01-nsg (RG=hazr-d-dch-rg)
2026-05-12 13:56:48.764	[INFO] [DryRun] NIC-NSG 연결 예정: d-dip-mqap01-nic -> d-dip-mqap01-nsg
2026-05-12 13:56:48.799	[INFO] [DryRun] NSG 배포 예정: d-dip-mqweb01-nsg (RG=hazr-d-dch-rg)
2026-05-12 13:56:48.856	[INFO] [DryRun] NIC-NSG 연결 예정: d-dip-mqweb01-nic -> d-dip-mqweb01-nsg
2026-05-12 13:56:48.910	[INFO] [DryRun] NSG 배포 예정: d-dip-oms01-nsg (RG=hazr-d-dch-rg)
2026-05-12 13:56:48.947	[INFO] [DryRun] NIC-NSG 연결 예정: d-dip-oms01-nic -> d-dip-oms01-nsg
2026-05-12 13:56:48.987	[INFO] [DryRun] NSG 배포 예정: d-dip-web01-nsg (RG=hazr-d-dch-rg)
2026-05-12 13:56:49.022	[INFO] [DryRun] NIC-NSG 연결 예정: d-dip-web01-nic -> d-dip-web01-nsg
2026-05-12 13:56:49.058	[INFO] [DryRun] NSG 배포 예정: d-dis-adm01-nsg (RG=hazr-d-dch-rg)
2026-05-12 13:56:49.093	[INFO] [DryRun] NIC-NSG 연결 예정: d-dis-adm01-nic -> d-dis-adm01-nsg
2026-05-12 13:56:49.128	[INFO] [DryRun] NSG 배포 예정: d-dis-ap01-nsg (RG=hazr-d-dch-rg)
2026-05-12 13:56:49.162	[INFO] [DryRun] NIC-NSG 연결 예정: d-dis-ap01-nic -> d-dis-ap01-nsg
2026-05-12 13:56:49.194	[INFO] [DryRun] NSG 배포 예정: d-dis-bat01-nsg (RG=hazr-d-dch-rg)
2026-05-12 13:56:49.230	[INFO] [DryRun] NIC-NSG 연결 예정: d-dis-bat01-nic -> d-dis-bat01-nsg
2026-05-12 13:56:49.262	[INFO] [DryRun] NSG 배포 예정: d-dis-bbicltap01-nsg (RG=hazr-d-dch-rg)
2026-05-12 13:56:49.296	[INFO] [DryRun] NIC-NSG 연결 예정: d-dis-bbicltap01-nic -> d-dis-bbicltap01-nsg
2026-05-12 13:56:49.330	[INFO] [DryRun] NSG 배포 예정: d-dis-bbimsgap01-nsg (RG=hazr-d-dch-rg)
2026-05-12 13:56:49.369	[INFO] [DryRun] NIC-NSG 연결 예정: d-dis-bbimsgap01-nic -> d-dis-bbimsgap01-nsg
2026-05-12 13:56:49.405	[INFO] [DryRun] NSG 배포 예정: d-dis-bbiweb01-nsg (RG=hazr-d-dch-rg)
2026-05-12 13:56:49.442	[INFO] [DryRun] NIC-NSG 연결 예정: d-dis-bbiweb01-nic -> d-dis-bbiweb01-nsg
2026-05-12 13:56:49.460	[INFO] [DryRun] NSG 배포 예정: d-dis-cmbsap01-nsg (RG=hazr-d-dch-rg)
2026-05-12 13:56:49.496	[INFO] [DryRun] NIC-NSG 연결 예정: d-dis-cmbsap01-nic -> d-dis-cmbsap01-nsg
2026-05-12 13:56:49.532	[INFO] [DryRun] NSG 배포 예정: d-dis-cmsadm01-nsg (RG=hazr-d-dch-rg)
2026-05-12 13:56:49.566	[INFO] [DryRun] NIC-NSG 연결 예정: d-dis-cmsadm01-nic -> d-dis-cmsadm01-nsg
2026-05-12 13:56:49.585	[INFO] [DryRun] NSG 배포 예정: d-dis-cmsap01-nsg (RG=hazr-d-dch-rg)
2026-05-12 13:56:49.619	[INFO] [DryRun] NIC-NSG 연결 예정: d-dis-cmsap01-nic -> d-dis-cmsap01-nsg
2026-05-12 13:56:49.656	[INFO] [DryRun] NSG 배포 예정: d-dis-cmsweb01-nsg (RG=hazr-d-dch-rg)
2026-05-12 13:56:49.690	[INFO] [DryRun] NIC-NSG 연결 예정: d-dis-cmsweb01-nic -> d-dis-cmsweb01-nsg
2026-05-12 13:56:49.724	[INFO] [DryRun] NSG 배포 예정: d-dis-dfir01-nsg (RG=hazr-d-dch-rg)
2026-05-12 13:56:49.743	[INFO] [DryRun] NIC-NSG 연결 예정: d-dis-dfir01-nic -> d-dis-dfir01-nsg
2026-05-12 13:56:49.776	[INFO] [DryRun] NSG 배포 예정: d-dis-drvcltap01-nsg (RG=hazr-d-dch-rg)
2026-05-12 13:56:49.846	[INFO] [DryRun] NIC-NSG 연결 예정: d-dis-drvcltap01-nic -> d-dis-drvcltap01-nsg
2026-05-12 13:56:49.894	[INFO] [DryRun] NSG 배포 예정: d-dis-drvmsgap01-nsg (RG=hazr-d-dch-rg)
2026-05-12 13:56:49.933	[INFO] [DryRun] NIC-NSG 연결 예정: d-dis-drvmsgap01-nic -> d-dis-drvmsgap01-nsg
2026-05-12 13:56:49.967	[INFO] [DryRun] NSG 배포 예정: d-dis-walkap01-nsg (RG=hazr-d-dch-rg)
2026-05-12 13:56:49.984	[INFO] [DryRun] NIC-NSG 연결 예정: d-dis-walkap01-nic -> d-dis-walkap01-nsg
2026-05-12 13:56:50.026	[INFO] [DryRun] NSG 배포 예정: d-dis-walkweb01-nsg (RG=hazr-d-dch-rg)
2026-05-12 13:56:50.062	[INFO] [DryRun] NIC-NSG 연결 예정: d-dis-walkweb01-nic -> d-dis-walkweb01-nsg
2026-05-12 13:56:50.096	[INFO] [DryRun] NSG 배포 예정: d-dis-web01-nsg (RG=hazr-d-dch-rg)
2026-05-12 13:56:50.130	[INFO] [DryRun] NIC-NSG 연결 예정: d-dis-web01-nic -> d-dis-web01-nsg
2026-05-12 13:56:50.167	[INFO] [DryRun] NSG 배포 예정: d-doip-adm01-nsg (RG=hazr-d-dch-rg)
2026-05-12 13:56:50.201	[INFO] [DryRun] NIC-NSG 연결 예정: d-doip-adm01-nic -> d-doip-adm01-nsg
2026-05-12 13:56:50.239	[INFO] [DryRun] NSG 배포 예정: d-doip-ap01-nsg (RG=hazr-d-dch-rg)
2026-05-12 13:56:50.268	[INFO] [DryRun] NIC-NSG 연결 예정: d-doip-ap01-nic -> d-doip-ap01-nsg
2026-05-12 13:56:50.301	[INFO] [DryRun] NSG 배포 예정: d-doip-web01-nsg (RG=hazr-d-dch-rg)
2026-05-12 13:56:50.335	[INFO] [DryRun] NIC-NSG 연결 예정: d-doip-web01-nic -> d-doip-web01-nsg
2026-05-12 13:56:50.373	[INFO] [DryRun] NSG 배포 예정: d-dtg-admap01-nsg (RG=hazr-d-dch-rg)
2026-05-12 13:56:50.407	[INFO] [DryRun] NIC-NSG 연결 예정: d-dtg-admap01-nic -> d-dtg-admap01-nsg
2026-05-12 13:56:50.441	[INFO] [DryRun] NSG 배포 예정: d-dtg-admweb01-nsg (RG=hazr-d-dch-rg)
2026-05-12 13:56:50.475	[INFO] [DryRun] NIC-NSG 연결 예정: d-dtg-admweb01-nic -> d-dtg-admweb01-nsg
2026-05-12 13:56:50.511	[INFO] [DryRun] NSG 배포 예정: d-dtg-ap01-nsg (RG=hazr-d-dch-rg)
2026-05-12 13:56:50.547	[INFO] [DryRun] NIC-NSG 연결 예정: d-dtg-ap01-nic -> d-dtg-ap01-nsg
2026-05-12 13:56:50.580	[INFO] [DryRun] NSG 배포 예정: d-dtg-cdmlap01-nsg (RG=hazr-d-dch-rg)
2026-05-12 13:56:50.615	[INFO] [DryRun] NIC-NSG 연결 예정: d-dtg-cdmlap01-nic -> d-dtg-cdmlap01-nsg
2026-05-12 13:56:50.648	[INFO] [DryRun] NSG 배포 예정: d-dtg-cdstap01-nsg (RG=hazr-d-dch-rg)
2026-05-12 13:56:50.681	[INFO] [DryRun] NIC-NSG 연결 예정: d-dtg-cdstap01-nic -> d-dtg-cdstap01-nsg
2026-05-12 13:56:50.715	[INFO] [DryRun] NSG 배포 예정: d-dtg-cdsvadm01-nsg (RG=hazr-d-dch-rg)
2026-05-12 13:56:50.749	[INFO] [DryRun] NIC-NSG 연결 예정: d-dtg-cdsvadm01-nic -> d-dtg-cdsvadm01-nsg
2026-05-12 13:56:50.784	[INFO] [DryRun] NSG 배포 예정: d-dtg-diosap01-nsg (RG=hazr-d-dch-rg)
2026-05-12 13:56:50.827	[INFO] [DryRun] NIC-NSG 연결 예정: d-dtg-diosap01-nic -> d-dtg-diosap01-nsg
2026-05-12 13:56:50.861	[INFO] [DryRun] NSG 배포 예정: d-dtg-diosweb01-nsg (RG=hazr-d-dch-rg)
2026-05-12 13:56:50.895	[INFO] [DryRun] NIC-NSG 연결 예정: d-dtg-diosweb01-nic -> d-dtg-diosweb01-nsg
2026-05-12 13:56:50.931	[INFO] [DryRun] NSG 배포 예정: d-dtg-dprap01-nsg (RG=hazr-d-dch-rg)
2026-05-12 13:56:50.967	[INFO] [DryRun] NIC-NSG 연결 예정: d-dtg-dprap01-nic -> d-dtg-dprap01-nsg
2026-05-12 13:56:51.001	[INFO] [DryRun] NSG 배포 예정: d-dtg-dprweb01-nsg (RG=hazr-d-dch-rg)
2026-05-12 13:56:51.034	[INFO] [DryRun] NIC-NSG 연결 예정: d-dtg-dprweb01-nic -> d-dtg-dprweb01-nsg
2026-05-12 13:56:51.068	[INFO] [DryRun] NSG 배포 예정: d-dtg-dtoms01-nsg (RG=hazr-d-dch-rg)
2026-05-12 13:56:51.100	[INFO] [DryRun] NIC-NSG 연결 예정: d-dtg-dtoms01-nic -> d-dtg-dtoms01-nsg
2026-05-12 13:56:51.133	[INFO] [DryRun] NSG 배포 예정: d-dtg-extgeoap01-nsg (RG=hazr-d-dch-rg)
2026-05-12 13:56:51.165	[INFO] [DryRun] NIC-NSG 연결 예정: d-dtg-extgeoap01-nic -> d-dtg-extgeoap01-nsg
2026-05-12 13:56:51.199	[INFO] [DryRun] NSG 배포 예정: d-dtg-geoap01-nsg (RG=hazr-d-dch-rg)
2026-05-12 13:56:51.235	[INFO] [DryRun] NIC-NSG 연결 예정: d-dtg-geoap01-nic -> d-dtg-geoap01-nsg
2026-05-12 13:56:51.266	[INFO] [DryRun] NSG 배포 예정: d-dtg-ingap01-nsg (RG=hazr-d-dch-rg)
2026-05-12 13:56:51.300	[INFO] [DryRun] NIC-NSG 연결 예정: d-dtg-ingap01-nic -> d-dtg-ingap01-nsg
2026-05-12 13:56:51.334	[INFO] [DryRun] NSG 배포 예정: d-dtg-kfk01-nsg (RG=hazr-d-dch-rg)
2026-05-12 13:56:51.367	[INFO] [DryRun] NIC-NSG 연결 예정: d-dtg-kfk01-nic -> d-dtg-kfk01-nsg
2026-05-12 13:56:51.401	[INFO] [DryRun] NSG 배포 예정: d-dtg-kfk02-nsg (RG=hazr-d-dch-rg)
2026-05-12 13:56:51.433	[INFO] [DryRun] NIC-NSG 연결 예정: d-dtg-kfk02-nic -> d-dtg-kfk02-nsg
2026-05-12 13:56:51.469	[INFO] [DryRun] NSG 배포 예정: d-dtg-kfk03-nsg (RG=hazr-d-dch-rg)
2026-05-12 13:56:51.508	[INFO] [DryRun] NIC-NSG 연결 예정: d-dtg-kfk03-nic -> d-dtg-kfk03-nsg
2026-05-12 13:56:51.541	[INFO] [DryRun] NSG 배포 예정: d-dtg-mdoms01-nsg (RG=hazr-d-dch-rg)
2026-05-12 13:56:51.575	[INFO] [DryRun] NIC-NSG 연결 예정: d-dtg-mdoms01-nic -> d-dtg-mdoms01-nsg
2026-05-12 13:56:51.607	[INFO] [DryRun] NSG 배포 예정: d-dtg-mq01-nsg (RG=hazr-d-dch-rg)
2026-05-12 13:56:51.658	[INFO] [DryRun] NIC-NSG 연결 예정: d-dtg-mq01-nic -> d-dtg-mq01-nsg
2026-05-12 13:56:51.697	[INFO] [DryRun] NSG 배포 예정: d-dtg-tsdb01-nsg (RG=hazr-d-dch-rg)
2026-05-12 13:56:51.733	[INFO] [DryRun] NIC-NSG 연결 예정: d-dtg-tsdb01-nic -> d-dtg-tsdb01-nsg
2026-05-12 13:56:51.768	[INFO] [DryRun] NSG 배포 예정: d-dtg-web01-nsg (RG=hazr-d-dch-rg)
2026-05-12 13:56:51.804	[INFO] [DryRun] NIC-NSG 연결 예정: d-dtg-web01-nic -> d-dtg-web01-nsg
2026-05-12 13:56:51.844	[INFO] [DryRun] NSG 배포 예정: d-dtg-zkp01-nsg (RG=hazr-d-dch-rg)
2026-05-12 13:56:51.879	[INFO] [DryRun] NIC-NSG 연결 예정: d-dtg-zkp01-nic -> d-dtg-zkp01-nsg
2026-05-12 13:56:51.913	[INFO] [DryRun] NSG 배포 예정: d-dtg-zkp02-nsg (RG=hazr-d-dch-rg)
2026-05-12 13:56:51.951	[INFO] [DryRun] NIC-NSG 연결 예정: d-dtg-zkp02-nic -> d-dtg-zkp02-nsg
2026-05-12 13:56:51.985	[INFO] [DryRun] NSG 배포 예정: d-dtg-zkp03-nsg (RG=hazr-d-dch-rg)
2026-05-12 13:56:52.024	[INFO] [DryRun] NIC-NSG 연결 예정: d-dtg-zkp03-nic -> d-dtg-zkp03-nsg
2026-05-12 13:56:52.057	[INFO] [DryRun] NSG 배포 예정: d-if-gramon01-nsg (RG=hazr-d-dch-rg)
2026-05-12 13:56:52.094	[INFO] [DryRun] NIC-NSG 연결 예정: d-if-gramon01-nic -> d-if-gramon01-nsg
2026-05-12 13:56:52.128	[INFO] [DryRun] NSG 배포 예정: temp-zen-01-nsg (RG=hazr-d-cs-rg)
2026-05-12 13:56:52.167	[INFO] [DryRun] NIC-NSG 연결 예정: temp-zen-01-nic -> temp-zen-01-nsg
2026-05-12 13:56:52.203	[INFO] [DryRun] NSG 배포 예정: temp-zen-02-nsg (RG=hazr-d-cs-rg)
2026-05-12 13:56:52.240	[INFO] [DryRun] NIC-NSG 연결 예정: temp-zen-02-nic -> temp-zen-02-nsg
2026-05-12 13:56:52.273	[INFO] [END] Deploy-Nsgs
2026-05-12 13:56:52.309	[INFO] [END] Script
2026-05-12 13:58:34.783	[INFO] [START] Script
2026-05-12 13:58:34.860	[INFO] [START] Initialize-Modules
2026-05-12 13:59:02.732	[INFO] [END] Initialize-Modules
2026-05-12 13:59:02.805	[ERR] 치명적 오류: Excel 파일을 찾을 수 없습니다: .\서버정보\배포파일.xlsx
2026-05-12 13:59:02.967	[INFO] [END] Initialize-Modules
2026-05-12 13:59:03.009	[INFO] [START] Ensure-AzSession
2026-05-12 13:59:05.896	[INFO] [END] Ensure-AzSession
2026-05-12 13:59:05.979	[INFO] [START] Validate-Inputs
2026-05-12 13:59:06.356	[INFO] Excel 시트 로드: NSG
2026-05-12 13:59:06.874	[INFO] Excel 시트 로드: NSG_Rule
2026-05-12 13:59:07.199	[INFO] Option 필터 적용: CS / 대상 행 수: 3
2026-05-12 13:59:07.298	[INFO] [END] Validate-Inputs
2026-05-12 13:59:07.363	[INFO] [START] Deploy-Nsgs
2026-05-12 13:59:07.591	[INFO] Excel 시트 로드: NSG
2026-05-12 13:59:08.023	[INFO] Excel 시트 로드: NSG_Rule
2026-05-12 13:59:08.466	[INFO] Excel 시트 로드: VNET
2026-05-12 13:59:08.662	[INFO] Option 필터 적용: CS / 대상 행 수: 3
2026-05-12 13:59:08.779	[INFO] [DryRun] NSG 배포 예정: t-cs-chtap01-nsg (RG=hazr-t-dch-rg)
2026-05-12 13:59:08.822	[INFO] [DryRun] NIC-NSG 연결 예정: t-cs-chtap01-nic -> t-cs-chtap01-nsg
2026-05-12 13:59:08.872	[INFO] [DryRun] NSG 배포 예정: t-cs-chtintweb01-nsg (RG=hazr-t-dch-rg)
2026-05-12 13:59:08.910	[INFO] [DryRun] NIC-NSG 연결 예정: t-cs-chtintweb01-nic -> t-cs-chtintweb01-nsg
2026-05-12 13:59:08.959	[INFO] [DryRun] NSG 배포 예정: t-cs-chtweb01-nsg (RG=hazr-t-dch-rg)
2026-05-12 13:59:09.004	[INFO] [DryRun] NIC-NSG 연결 예정: t-cs-chtweb01-nic -> t-cs-chtweb01-nsg
2026-05-12 13:59:09.051	[INFO] [END] Deploy-Nsgs
2026-05-12 13:59:09.099	[INFO] [END] Script
2026-05-12 14:03:20.172	[INFO] [START] Script
2026-05-12 14:03:20.322	[INFO] [START] Initialize-Modules
2026-05-12 14:03:44.323	[INFO] [END] Initialize-Modules
2026-05-12 14:03:44.371	[INFO] [START] Ensure-AzSession
2026-05-12 14:03:47.336	[INFO] [END] Ensure-AzSession
2026-05-12 14:03:47.398	[INFO] [START] Validate-Inputs
2026-05-12 14:03:47.663	[INFO] Excel 시트 로드: NSG
2026-05-12 14:03:48.160	[WARN] 시트를 찾지 못했습니다. 후보: NSG_Detail, NSG_Rule, NSG_PRD_Rule
2026-05-12 14:03:48.241	[INFO] Option 필터 적용: CS / 대상 행 수: 2
2026-05-12 14:03:48.296	[INFO] [END] Validate-Inputs
2026-05-12 14:03:48.343	[INFO] [START] Deploy-Nsgs
2026-05-12 14:03:48.517	[INFO] Excel 시트 로드: NSG
2026-05-12 14:03:48.857	[WARN] 시트를 찾지 못했습니다. 후보: NSG_Detail, NSG_Rule, NSG_PRD_Rule
2026-05-12 14:03:49.047	[INFO] Excel 시트 로드: VNET
2026-05-12 14:03:49.238	[INFO] Option 필터 적용: CS / 대상 행 수: 2
2026-05-12 14:03:49.345	[INFO] [DryRun] NSG 배포 예정: temp-zen-01-nsg (RG=hazr-d-cs-rg)
2026-05-12 14:03:49.385	[INFO] [DryRun] NIC-NSG 연결 예정: temp-zen-01-nic -> temp-zen-01-nsg
2026-05-12 14:03:49.419	[INFO] [DryRun] NSG 배포 예정: temp-zen-02-nsg (RG=hazr-d-cs-rg)
2026-05-12 14:03:49.456	[INFO] [DryRun] NIC-NSG 연결 예정: temp-zen-02-nic -> temp-zen-02-nsg
2026-05-12 14:03:49.491	[INFO] [END] Deploy-Nsgs
2026-05-12 14:03:49.535	[INFO] [END] Script
2026-05-12 14:24:46.348	[INFO] [START] Script
2026-05-12 14:24:46.373	[INFO] [START] Initialize-Modules
2026-05-12 14:25:07.784	[INFO] [END] Initialize-Modules
2026-05-12 14:25:07.875	[INFO] [START] Ensure-AzSession
2026-05-12 14:25:11.337	[INFO] [END] Ensure-AzSession
2026-05-12 14:25:11.440	[INFO] [START] Validate-Inputs
2026-05-12 14:25:11.870	[INFO] Excel 시트 로드: NSG
2026-05-12 14:25:12.461	[WARN] 시트를 찾지 못했습니다. 후보: NSG_Detail, NSG_Rule, NSG_PRD_Rule
2026-05-12 14:25:12.636	[INFO] [END] Validate-Inputs
2026-05-12 14:25:12.704	[INFO] [START] Deploy-Nsgs
2026-05-12 14:25:12.944	[INFO] Excel 시트 로드: NSG
2026-05-12 14:25:13.506	[WARN] 시트를 찾지 못했습니다. 후보: NSG_Detail, NSG_Rule, NSG_PRD_Rule
2026-05-12 14:25:13.686	[INFO] Excel 시트 로드: VNET
2026-05-12 14:25:13.932	[INFO] [DryRun] NSG 배포 예정: d-bdp-airfw01-nsg (RG=hazr-d-dch-rg)
2026-05-12 14:25:13.974	[INFO] [DryRun] NIC-NSG 연결 예정: d-bdp-airfw01-nic (RG=hazr-d-bdp-rg) -> d-bdp-airfw01-nsg
2026-05-12 14:25:14.015	[INFO] [DryRun] NSG 배포 예정: d-bdp-crkap01-nsg (RG=hazr-d-dch-rg)
2026-05-12 14:25:14.032	[INFO] [DryRun] NIC-NSG 연결 예정: d-bdp-crkap01-nic (RG=hazr-d-bdp-rg) -> d-bdp-crkap01-nsg
2026-05-12 14:25:14.068	[INFO] [DryRun] NSG 배포 예정: d-bdp-crkml01-nsg (RG=hazr-d-dch-rg)
2026-05-12 14:25:14.103	[INFO] [DryRun] NIC-NSG 연결 예정: d-bdp-crkml01-nic (RG=hazr-d-bdp-rg) -> d-bdp-crkml01-nsg
2026-05-12 14:25:14.126	[INFO] [DryRun] NSG 배포 예정: d-bdp-crkweb01-nsg (RG=hazr-d-dch-rg)
2026-05-12 14:25:14.168	[INFO] [DryRun] NIC-NSG 연결 예정: d-bdp-crkweb01-nic (RG=hazr-d-bdp-rg) -> d-bdp-crkweb01-nsg
2026-05-12 14:25:14.212	[INFO] [DryRun] NSG 배포 예정: d-bdp-cxmadm01-nsg (RG=hazr-d-dch-rg)
2026-05-12 14:25:14.254	[INFO] [DryRun] NIC-NSG 연결 예정: d-bdp-cxmadm01-nic (RG=hazr-d-bdp-rg) -> d-bdp-cxmadm01-nsg
2026-05-12 14:25:14.276	[INFO] [DryRun] NSG 배포 예정: d-bdp-kepler01-nsg (RG=hazr-d-dch-rg)
2026-05-12 14:25:14.323	[INFO] [DryRun] NIC-NSG 연결 예정: d-bdp-kepler01-nic (RG=hazr-d-bdp-rg) -> d-bdp-kepler01-nsg
2026-05-12 14:25:14.361	[INFO] [DryRun] NSG 배포 예정: d-bdp-slap01-nsg (RG=hazr-d-dch-rg)
2026-05-12 14:25:14.398	[INFO] [DryRun] NIC-NSG 연결 예정: d-bdp-slap01-nic (RG=hazr-d-bdp-rg) -> d-bdp-slap01-nsg
2026-05-12 14:25:14.444	[INFO] [DryRun] NSG 배포 예정: d-com-auth01-nsg (RG=hazr-d-dch-rg)
2026-05-12 14:25:14.482	[INFO] [DryRun] NIC-NSG 연결 예정: d-com-auth01-nic (RG=hazr-d-com-rg) -> d-com-auth01-nsg
2026-05-12 14:25:14.518	[INFO] [DryRun] NSG 배포 예정: d-com-proxy01-nsg (RG=hazr-d-dch-rg)
2026-05-12 14:25:14.568	[INFO] [DryRun] NIC-NSG 연결 예정: d-com-proxy01-nic (RG=hazr-d-com-rg) -> d-com-proxy01-nsg
2026-05-12 14:25:14.634	[INFO] [DryRun] NSG 배포 예정: d-dip-adm01-nsg (RG=hazr-d-dch-rg)
2026-05-12 14:25:14.707	[INFO] [DryRun] NIC-NSG 연결 예정: d-dip-adm01-nic (RG=hazr-d-dip-rg) -> d-dip-adm01-nsg
2026-05-12 14:25:14.792	[INFO] [DryRun] NSG 배포 예정: d-dip-ap01-nsg (RG=hazr-d-dch-rg)
2026-05-12 14:25:14.845	[INFO] [DryRun] NIC-NSG 연결 예정: d-dip-ap01-nic (RG=hazr-d-dip-rg) -> d-dip-ap01-nsg
2026-05-12 14:25:14.892	[INFO] [DryRun] NSG 배포 예정: d-dip-flk01-nsg (RG=hazr-d-dch-rg)
2026-05-12 14:25:14.945	[INFO] [DryRun] NIC-NSG 연결 예정: d-dip-flk01-nic (RG=hazr-d-dip-rg) -> d-dip-flk01-nsg
2026-05-12 14:25:14.989	[INFO] [DryRun] NSG 배포 예정: d-dip-flk02-nsg (RG=hazr-d-dch-rg)
2026-05-12 14:25:15.033	[INFO] [DryRun] NIC-NSG 연결 예정: d-dip-flk02-nic (RG=hazr-d-dip-rg) -> d-dip-flk02-nsg
2026-05-12 14:25:15.065	[INFO] [DryRun] NSG 배포 예정: d-dip-flk03-nsg (RG=hazr-d-dch-rg)
2026-05-12 14:25:15.114	[INFO] [DryRun] NIC-NSG 연결 예정: d-dip-flk03-nic (RG=hazr-d-dip-rg) -> d-dip-flk03-nsg
2026-05-12 14:25:15.159	[INFO] [DryRun] NSG 배포 예정: d-dip-geoap01-nsg (RG=hazr-d-dch-rg)
2026-05-12 14:25:15.206	[INFO] [DryRun] NIC-NSG 연결 예정: d-dip-geoap01-nic (RG=hazr-d-dip-rg) -> d-dip-geoap01-nsg
2026-05-12 14:25:15.269	[INFO] [DryRun] NSG 배포 예정: d-dip-kfk01-nsg (RG=hazr-d-dch-rg)
2026-05-12 14:25:15.334	[INFO] [DryRun] NIC-NSG 연결 예정: d-dip-kfk01-nic (RG=hazr-d-dip-rg) -> d-dip-kfk01-nsg
2026-05-12 14:25:15.382	[INFO] [DryRun] NSG 배포 예정: d-dip-kfk02-nsg (RG=hazr-d-dch-rg)
2026-05-12 14:25:15.429	[INFO] [DryRun] NIC-NSG 연결 예정: d-dip-kfk02-nic (RG=hazr-d-dip-rg) -> d-dip-kfk02-nsg
2026-05-12 14:25:15.469	[INFO] [DryRun] NSG 배포 예정: d-dip-kfk03-nsg (RG=hazr-d-dch-rg)
2026-05-12 14:25:15.531	[INFO] [DryRun] NIC-NSG 연결 예정: d-dip-kfk03-nic (RG=hazr-d-dip-rg) -> d-dip-kfk03-nsg
2026-05-12 14:25:15.588	[INFO] [DryRun] NSG 배포 예정: d-dip-mqap01-nsg (RG=hazr-d-dch-rg)
2026-05-12 14:25:15.637	[INFO] [DryRun] NIC-NSG 연결 예정: d-dip-mqap01-nic (RG=hazr-d-dip-rg) -> d-dip-mqap01-nsg
2026-05-12 14:25:15.684	[INFO] [DryRun] NSG 배포 예정: d-dip-mqweb01-nsg (RG=hazr-d-dch-rg)
2026-05-12 14:25:15.738	[INFO] [DryRun] NIC-NSG 연결 예정: d-dip-mqweb01-nic (RG=hazr-d-dip-rg) -> d-dip-mqweb01-nsg
2026-05-12 14:25:15.806	[INFO] [DryRun] NSG 배포 예정: d-dip-oms01-nsg (RG=hazr-d-dch-rg)
2026-05-12 14:25:15.875	[INFO] [DryRun] NIC-NSG 연결 예정: d-dip-oms01-nic (RG=hazr-d-dip-rg) -> d-dip-oms01-nsg
2026-05-12 14:25:15.900	[INFO] [DryRun] NSG 배포 예정: d-dip-web01-nsg (RG=hazr-d-dch-rg)
2026-05-12 14:25:15.956	[INFO] [DryRun] NIC-NSG 연결 예정: d-dip-web01-nic (RG=hazr-d-dip-rg) -> d-dip-web01-nsg
2026-05-12 14:25:15.979	[INFO] [DryRun] NSG 배포 예정: d-dis-adm01-nsg (RG=hazr-d-dch-rg)
2026-05-12 14:25:16.031	[INFO] [DryRun] NIC-NSG 연결 예정: d-dis-adm01-nic (RG=hazr-d-dis-rg) -> d-dis-adm01-nsg
2026-05-12 14:25:16.087	[INFO] [DryRun] NSG 배포 예정: d-dis-ap01-nsg (RG=hazr-d-dch-rg)
2026-05-12 14:25:16.134	[INFO] [DryRun] NIC-NSG 연결 예정: d-dis-ap01-nic (RG=hazr-d-dis-rg) -> d-dis-ap01-nsg
2026-05-12 14:25:16.153	[INFO] [DryRun] NSG 배포 예정: d-dis-bat01-nsg (RG=hazr-d-dch-rg)
2026-05-12 14:25:16.195	[INFO] [DryRun] NIC-NSG 연결 예정: d-dis-bat01-nic (RG=hazr-d-dis-rg) -> d-dis-bat01-nsg
2026-05-12 14:25:16.240	[INFO] [DryRun] NSG 배포 예정: d-dis-bbicltap01-nsg (RG=hazr-d-dch-rg)
2026-05-12 14:25:16.283	[INFO] [DryRun] NIC-NSG 연결 예정: d-dis-bbicltap01-nic (RG=hazr-d-dis-rg) -> d-dis-bbicltap01-nsg
2026-05-12 14:25:16.331	[INFO] [DryRun] NSG 배포 예정: d-dis-bbimsgap01-nsg (RG=hazr-d-dch-rg)
2026-05-12 14:25:16.370	[INFO] [DryRun] NIC-NSG 연결 예정: d-dis-bbimsgap01-nic (RG=hazr-d-dis-rg) -> d-dis-bbimsgap01-nsg
2026-05-12 14:25:16.414	[INFO] [DryRun] NSG 배포 예정: d-dis-bbiweb01-nsg (RG=hazr-d-dch-rg)
2026-05-12 14:25:16.456	[INFO] [DryRun] NIC-NSG 연결 예정: d-dis-bbiweb01-nic (RG=hazr-d-dis-rg) -> d-dis-bbiweb01-nsg
2026-05-12 14:25:16.496	[INFO] [DryRun] NSG 배포 예정: d-dis-cmbsap01-nsg (RG=hazr-d-dch-rg)
2026-05-12 14:25:16.540	[INFO] [DryRun] NIC-NSG 연결 예정: d-dis-cmbsap01-nic (RG=hazr-d-dis-rg) -> d-dis-cmbsap01-nsg
2026-05-12 14:25:16.583	[INFO] [DryRun] NSG 배포 예정: d-dis-cmsadm01-nsg (RG=hazr-d-dch-rg)
2026-05-12 14:25:16.627	[INFO] [DryRun] NIC-NSG 연결 예정: d-dis-cmsadm01-nic (RG=hazr-d-dis-rg) -> d-dis-cmsadm01-nsg
2026-05-12 14:25:16.677	[INFO] [DryRun] NSG 배포 예정: d-dis-cmsap01-nsg (RG=hazr-d-dch-rg)
2026-05-12 14:25:16.726	[INFO] [DryRun] NIC-NSG 연결 예정: d-dis-cmsap01-nic (RG=hazr-d-dis-rg) -> d-dis-cmsap01-nsg
2026-05-12 14:25:16.770	[INFO] [DryRun] NSG 배포 예정: d-dis-cmsweb01-nsg (RG=hazr-d-dch-rg)
2026-05-12 14:25:16.821	[INFO] [DryRun] NIC-NSG 연결 예정: d-dis-cmsweb01-nic (RG=hazr-d-dis-rg) -> d-dis-cmsweb01-nsg
2026-05-12 14:25:16.877	[INFO] [DryRun] NSG 배포 예정: d-dis-dfir01-nsg (RG=hazr-d-dch-rg)
2026-05-12 14:25:16.925	[INFO] [DryRun] NIC-NSG 연결 예정: d-dis-dfir01-nic (RG=hazr-d-dis-rg) -> d-dis-dfir01-nsg
2026-05-12 14:25:16.967	[INFO] [DryRun] NSG 배포 예정: d-dis-drvcltap01-nsg (RG=hazr-d-dch-rg)
2026-05-12 14:25:17.012	[INFO] [DryRun] NIC-NSG 연결 예정: d-dis-drvcltap01-nic (RG=hazr-d-dis-rg) -> d-dis-drvcltap01-nsg
2026-05-12 14:25:17.054	[INFO] [DryRun] NSG 배포 예정: d-dis-drvmsgap01-nsg (RG=hazr-d-dch-rg)
2026-05-12 14:25:17.094	[INFO] [DryRun] NIC-NSG 연결 예정: d-dis-drvmsgap01-nic (RG=hazr-d-dis-rg) -> d-dis-drvmsgap01-nsg
2026-05-12 14:25:17.126	[INFO] [DryRun] NSG 배포 예정: d-dis-walkap01-nsg (RG=hazr-d-dch-rg)
2026-05-12 14:25:17.162	[INFO] [DryRun] NIC-NSG 연결 예정: d-dis-walkap01-nic (RG=hazr-d-dis-rg) -> d-dis-walkap01-nsg
2026-05-12 14:25:17.203	[INFO] [DryRun] NSG 배포 예정: d-dis-walkweb01-nsg (RG=hazr-d-dch-rg)
2026-05-12 14:25:17.259	[INFO] [DryRun] NIC-NSG 연결 예정: d-dis-walkweb01-nic (RG=hazr-d-dis-rg) -> d-dis-walkweb01-nsg
2026-05-12 14:25:17.293	[INFO] [DryRun] NSG 배포 예정: d-dis-web01-nsg (RG=hazr-d-dch-rg)
2026-05-12 14:25:17.324	[INFO] [DryRun] NIC-NSG 연결 예정: d-dis-web01-nic (RG=hazr-d-dis-rg) -> d-dis-web01-nsg
2026-05-12 14:25:17.364	[INFO] [DryRun] NSG 배포 예정: d-doip-adm01-nsg (RG=hazr-d-dch-rg)
2026-05-12 14:25:17.423	[INFO] [DryRun] NIC-NSG 연결 예정: d-doip-adm01-nic (RG=hazr-d-doip-rg) -> d-doip-adm01-nsg
2026-05-12 14:25:17.530	[INFO] [DryRun] NSG 배포 예정: d-doip-ap01-nsg (RG=hazr-d-dch-rg)
2026-05-12 14:25:17.600	[INFO] [DryRun] NIC-NSG 연결 예정: d-doip-ap01-nic (RG=hazr-d-doip-rg) -> d-doip-ap01-nsg
2026-05-12 14:25:17.643	[INFO] [DryRun] NSG 배포 예정: d-doip-web01-nsg (RG=hazr-d-dch-rg)
2026-05-12 14:25:17.688	[INFO] [DryRun] NIC-NSG 연결 예정: d-doip-web01-nic (RG=hazr-d-doip-rg) -> d-doip-web01-nsg
2026-05-12 14:25:17.730	[INFO] [DryRun] NSG 배포 예정: d-dtg-admap01-nsg (RG=hazr-d-dch-rg)
2026-05-12 14:25:17.772	[INFO] [DryRun] NIC-NSG 연결 예정: d-dtg-admap01-nic (RG=hazr-d-dtg-rg) -> d-dtg-admap01-nsg
2026-05-12 14:25:17.811	[INFO] [DryRun] NSG 배포 예정: d-dtg-admweb01-nsg (RG=hazr-d-dch-rg)
2026-05-12 14:25:17.854	[INFO] [DryRun] NIC-NSG 연결 예정: d-dtg-admweb01-nic (RG=hazr-d-dtg-rg) -> d-dtg-admweb01-nsg
2026-05-12 14:25:17.890	[INFO] [DryRun] NSG 배포 예정: d-dtg-ap01-nsg (RG=hazr-d-dch-rg)
2026-05-12 14:25:17.929	[INFO] [DryRun] NIC-NSG 연결 예정: d-dtg-ap01-nic (RG=hazr-d-dtg-rg) -> d-dtg-ap01-nsg
2026-05-12 14:25:17.975	[INFO] [DryRun] NSG 배포 예정: d-dtg-cdmlap01-nsg (RG=hazr-d-dch-rg)
2026-05-12 14:25:18.010	[INFO] [DryRun] NIC-NSG 연결 예정: d-dtg-cdmlap01-nic (RG=hazr-d-dtg-rg) -> d-dtg-cdmlap01-nsg
2026-05-12 14:25:18.044	[INFO] [DryRun] NSG 배포 예정: d-dtg-cdstap01-nsg (RG=hazr-d-dch-rg)
2026-05-12 14:25:18.076	[INFO] [DryRun] NIC-NSG 연결 예정: d-dtg-cdstap01-nic (RG=hazr-d-dtg-rg) -> d-dtg-cdstap01-nsg
2026-05-12 14:25:18.111	[INFO] [DryRun] NSG 배포 예정: d-dtg-cdsvadm01-nsg (RG=hazr-d-dch-rg)
2026-05-12 14:25:18.146	[INFO] [DryRun] NIC-NSG 연결 예정: d-dtg-cdsvadm01-nic (RG=hazr-d-dtg-rg) -> d-dtg-cdsvadm01-nsg
2026-05-12 14:25:18.180	[INFO] [DryRun] NSG 배포 예정: d-dtg-diosap01-nsg (RG=hazr-d-dch-rg)
2026-05-12 14:25:18.214	[INFO] [DryRun] NIC-NSG 연결 예정: d-dtg-diosap01-nic (RG=hazr-d-dtg-rg) -> d-dtg-diosap01-nsg
2026-05-12 14:25:18.246	[INFO] [DryRun] NSG 배포 예정: d-dtg-diosweb01-nsg (RG=hazr-d-dch-rg)
2026-05-12 14:25:18.285	[INFO] [DryRun] NIC-NSG 연결 예정: d-dtg-diosweb01-nic (RG=hazr-d-dtg-rg) -> d-dtg-diosweb01-nsg
2026-05-12 14:25:18.334	[INFO] [DryRun] NSG 배포 예정: d-dtg-dprap01-nsg (RG=hazr-d-dch-rg)
2026-05-12 14:25:18.384	[INFO] [DryRun] NIC-NSG 연결 예정: d-dtg-dprap01-nic (RG=hazr-d-dtg-rg) -> d-dtg-dprap01-nsg
2026-05-12 14:25:18.434	[INFO] [DryRun] NSG 배포 예정: d-dtg-dprweb01-nsg (RG=hazr-d-dch-rg)
2026-05-12 14:25:18.481	[INFO] [DryRun] NIC-NSG 연결 예정: d-dtg-dprweb01-nic (RG=hazr-d-dtg-rg) -> d-dtg-dprweb01-nsg
2026-05-12 14:25:18.528	[INFO] [DryRun] NSG 배포 예정: d-dtg-dtoms01-nsg (RG=hazr-d-dch-rg)
2026-05-12 14:25:18.580	[INFO] [DryRun] NIC-NSG 연결 예정: d-dtg-dtoms01-nic (RG=hazr-d-dtg-rg) -> d-dtg-dtoms01-nsg
2026-05-12 14:25:18.626	[INFO] [DryRun] NSG 배포 예정: d-dtg-extgeoap01-nsg (RG=hazr-d-dch-rg)
2026-05-12 14:25:18.668	[INFO] [DryRun] NIC-NSG 연결 예정: d-dtg-extgeoap01-nic (RG=hazr-d-dtg-rg) -> d-dtg-extgeoap01-nsg
2026-05-12 14:25:18.706	[INFO] [DryRun] NSG 배포 예정: d-dtg-geoap01-nsg (RG=hazr-d-dch-rg)
2026-05-12 14:25:18.740	[INFO] [DryRun] NIC-NSG 연결 예정: d-dtg-geoap01-nic (RG=hazr-d-dtg-rg) -> d-dtg-geoap01-nsg
2026-05-12 14:25:18.772	[INFO] [DryRun] NSG 배포 예정: d-dtg-ingap01-nsg (RG=hazr-d-dch-rg)
2026-05-12 14:25:18.804	[INFO] [DryRun] NIC-NSG 연결 예정: d-dtg-ingap01-nic (RG=hazr-d-dtg-rg) -> d-dtg-ingap01-nsg
2026-05-12 14:25:18.859	[INFO] [DryRun] NSG 배포 예정: d-dtg-kfk01-nsg (RG=hazr-d-dch-rg)
2026-05-12 14:25:18.914	[INFO] [DryRun] NIC-NSG 연결 예정: d-dtg-kfk01-nic (RG=hazr-d-dtg-rg) -> d-dtg-kfk01-nsg
2026-05-12 14:25:18.949	[INFO] [DryRun] NSG 배포 예정: d-dtg-kfk02-nsg (RG=hazr-d-dch-rg)
2026-05-12 14:25:18.988	[INFO] [DryRun] NIC-NSG 연결 예정: d-dtg-kfk02-nic (RG=hazr-d-dtg-rg) -> d-dtg-kfk02-nsg
2026-05-12 14:25:19.044	[INFO] [DryRun] NSG 배포 예정: d-dtg-kfk03-nsg (RG=hazr-d-dch-rg)
2026-05-12 14:25:19.091	[INFO] [DryRun] NIC-NSG 연결 예정: d-dtg-kfk03-nic (RG=hazr-d-dtg-rg) -> d-dtg-kfk03-nsg
2026-05-12 14:25:19.141	[INFO] [DryRun] NSG 배포 예정: d-dtg-mdoms01-nsg (RG=hazr-d-dch-rg)
2026-05-12 14:25:19.198	[INFO] [DryRun] NIC-NSG 연결 예정: d-dtg-mdoms01-nic (RG=hazr-d-dtg-rg) -> d-dtg-mdoms01-nsg
2026-05-12 14:25:19.248	[INFO] [DryRun] NSG 배포 예정: d-dtg-mq01-nsg (RG=hazr-d-dch-rg)
2026-05-12 14:25:19.305	[INFO] [DryRun] NIC-NSG 연결 예정: d-dtg-mq01-nic (RG=hazr-d-dtg-rg) -> d-dtg-mq01-nsg
2026-05-12 14:25:19.362	[INFO] [DryRun] NSG 배포 예정: d-dtg-tsdb01-nsg (RG=hazr-d-dch-rg)
2026-05-12 14:25:19.416	[INFO] [DryRun] NIC-NSG 연결 예정: d-dtg-tsdb01-nic (RG=hazr-d-dtg-rg) -> d-dtg-tsdb01-nsg
2026-05-12 14:25:19.462	[INFO] [DryRun] NSG 배포 예정: d-dtg-web01-nsg (RG=hazr-d-dch-rg)
2026-05-12 14:25:19.505	[INFO] [DryRun] NIC-NSG 연결 예정: d-dtg-web01-nic (RG=hazr-d-dtg-rg) -> d-dtg-web01-nsg
2026-05-12 14:25:19.560	[INFO] [DryRun] NSG 배포 예정: d-dtg-zkp01-nsg (RG=hazr-d-dch-rg)
2026-05-12 14:25:19.602	[INFO] [DryRun] NIC-NSG 연결 예정: d-dtg-zkp01-nic (RG=hazr-d-dtg-rg) -> d-dtg-zkp01-nsg
2026-05-12 14:25:19.659	[INFO] [DryRun] NSG 배포 예정: d-dtg-zkp02-nsg (RG=hazr-d-dch-rg)
2026-05-12 14:25:19.712	[INFO] [DryRun] NIC-NSG 연결 예정: d-dtg-zkp02-nic (RG=hazr-d-dtg-rg) -> d-dtg-zkp02-nsg
2026-05-12 14:25:19.757	[INFO] [DryRun] NSG 배포 예정: d-dtg-zkp03-nsg (RG=hazr-d-dch-rg)
2026-05-12 14:25:19.801	[INFO] [DryRun] NIC-NSG 연결 예정: d-dtg-zkp03-nic (RG=hazr-d-dtg-rg) -> d-dtg-zkp03-nsg
2026-05-12 14:25:19.862	[INFO] [DryRun] NSG 배포 예정: d-if-gramon01-nsg (RG=hazr-d-dch-rg)
2026-05-12 14:25:19.907	[INFO] [DryRun] NIC-NSG 연결 예정: d-if-gramon01-nic (RG=hazr-d-if-rg) -> d-if-gramon01-nsg
2026-05-12 14:25:19.962	[INFO] [DryRun] NSG 배포 예정: temp-zen-01-nsg (RG=hazr-d-cs-rg)
2026-05-12 14:25:20.014	[INFO] [DryRun] NIC-NSG 연결 예정: temp-zen-01-nic (RG=hazr-d-cs-rg) -> temp-zen-01-nsg
2026-05-12 14:25:20.064	[INFO] [DryRun] NSG 배포 예정: temp-zen-02-nsg (RG=hazr-d-cs-rg)
2026-05-12 14:25:20.119	[INFO] [DryRun] NIC-NSG 연결 예정: temp-zen-02-nic (RG=hazr-d-cs-rg) -> temp-zen-02-nsg
2026-05-12 14:25:20.160	[INFO] [END] Deploy-Nsgs
2026-05-12 14:25:20.209	[INFO] [END] Script
2026-05-14 11:16:28.971	[INFO] [START] Script
2026-05-14 11:16:29.015	[INFO] [START] Initialize-Modules
2026-05-14 11:16:53.432	[INFO] [END] Initialize-Modules
2026-05-14 11:16:53.477	[INFO] [START] Ensure-AzSession
2026-05-14 11:16:57.635	[INFO] [END] Ensure-AzSession
2026-05-14 11:16:57.709	[INFO] [START] Validate-Inputs
2026-05-14 11:16:58.108	[INFO] Excel 시트 로드: VM
2026-05-14 11:16:58.533	[INFO] VM Role 필터 적용: dtg / 대상 행 수: 24
2026-05-14 11:16:58.813	[INFO] Excel 시트 로드: VM
2026-05-14 11:16:59.050	[INFO] VM Role 필터 적용: dtg / 대상 행 수: 24
2026-05-14 11:16:59.086	[INFO] [END] Validate-Inputs
2026-05-14 11:16:59.133	[INFO] [START] Deploy-Vms
2026-05-14 11:16:59.332	[INFO] Excel 시트 로드: VM
2026-05-14 11:16:59.550	[INFO] VM Role 필터 적용: dtg / 대상 행 수: 24
2026-05-14 11:16:59.591	[INFO] [DryRun] 리소스 그룹 생성 예정: hazr-t-dtg-rg (koreacentral)
2026-05-14 11:16:59.694	[INFO] [DryRun] VM 배포 예정: hazr-t-dtg-ingap01 (Template=.\템플릿\VM\template-VM-LinuxZone_Image.json)
2026-05-14 11:16:59.732	[INFO] [DryRun] 리소스 그룹 생성 예정: hazr-t-dtg-rg (koreacentral)
2026-05-14 11:16:59.792	[INFO] [DryRun] VM 배포 예정: hazr-t-dtg-ap01 (Template=.\템플릿\VM\template-VM-LinuxZone_Image.json)
2026-05-14 11:16:59.840	[INFO] [DryRun] 리소스 그룹 생성 예정: hazr-t-dtg-rg (koreacentral)
2026-05-14 11:16:59.893	[INFO] [DryRun] VM 배포 예정: hazr-t-dtg-extgeoap01 (Template=.\템플릿\VM\template-VM-LinuxZone_Image.json)
2026-05-14 11:16:59.931	[INFO] [DryRun] 리소스 그룹 생성 예정: hazr-t-dtg-rg (koreacentral)
2026-05-14 11:16:59.984	[INFO] [DryRun] VM 배포 예정: hazr-t-dtg-geoap01 (Template=.\템플릿\VM\template-VM-LinuxZone_Image.json)
2026-05-14 11:17:00.042	[INFO] [DryRun] 리소스 그룹 생성 예정: hazr-t-dtg-rg (koreacentral)
2026-05-14 11:17:00.106	[INFO] [DryRun] VM 배포 예정: hazr-t-dtg-mq01 (Template=.\템플릿\VM\template-VM-LinuxZone_Image.json)
2026-05-14 11:17:00.158	[INFO] [DryRun] 리소스 그룹 생성 예정: hazr-t-dtg-rg (koreacentral)
2026-05-14 11:17:00.221	[INFO] [DryRun] VM 배포 예정: hazr-t-dtg-admweb01 (Template=.\템플릿\VM\template-VM-LinuxZone_Image.json)
2026-05-14 11:17:00.267	[INFO] [DryRun] 리소스 그룹 생성 예정: hazr-t-dtg-rg (koreacentral)
2026-05-14 11:17:00.326	[INFO] [DryRun] VM 배포 예정: hazr-t-dtg-admap01 (Template=.\템플릿\VM\template-VM-LinuxZone_Image.json)
2026-05-14 11:17:00.365	[INFO] [DryRun] 리소스 그룹 생성 예정: hazr-t-dtg-rg (koreacentral)
2026-05-14 11:17:00.423	[INFO] [DryRun] VM 배포 예정: hazr-t-dtg-dtoms01 (Template=.\템플릿\VM\template-VM-LinuxZone_Image.json)
2026-05-14 11:17:00.468	[INFO] [DryRun] 리소스 그룹 생성 예정: hazr-t-dtg-rg (koreacentral)
2026-05-14 11:17:00.555	[INFO] [DryRun] VM 배포 예정: hazr-t-dtg-tsdb01 (Template=.\템플릿\VM\template-VM-LinuxZone_Image.json)
2026-05-14 11:17:00.604	[INFO] [DryRun] 리소스 그룹 생성 예정: hazr-t-dtg-rg (koreacentral)
2026-05-14 11:17:00.665	[INFO] [DryRun] VM 배포 예정: hazr-t-dtg-web01 (Template=.\템플릿\VM\template-VM-LinuxZone_Image.json)
2026-05-14 11:17:00.704	[INFO] [DryRun] 리소스 그룹 생성 예정: hazr-t-dtg-rg (koreacentral)
2026-05-14 11:17:00.758	[INFO] [DryRun] VM 배포 예정: hazr-t-dtg-zkp01 (Template=.\템플릿\VM\template-VM-LinuxZone_Image.json)
2026-05-14 11:17:00.795	[INFO] [DryRun] 리소스 그룹 생성 예정: hazr-t-dtg-rg (koreacentral)
2026-05-14 11:17:00.847	[INFO] [DryRun] VM 배포 예정: hazr-t-dtg-zkp02 (Template=.\템플릿\VM\template-VM-LinuxZone_Image.json)
2026-05-14 11:17:00.885	[INFO] [DryRun] 리소스 그룹 생성 예정: hazr-t-dtg-rg (koreacentral)
2026-05-14 11:17:00.937	[INFO] [DryRun] VM 배포 예정: hazr-t-dtg-zkp03 (Template=.\템플릿\VM\template-VM-LinuxZone_Image.json)
2026-05-14 11:17:00.975	[INFO] [DryRun] 리소스 그룹 생성 예정: hazr-t-dtg-rg (koreacentral)
2026-05-14 11:17:01.028	[INFO] [DryRun] VM 배포 예정: hazr-t-dtg-kfk01 (Template=.\템플릿\VM\template-VM-LinuxZone_Image.json)
2026-05-14 11:17:01.062	[INFO] [DryRun] 리소스 그룹 생성 예정: hazr-t-dtg-rg (koreacentral)
2026-05-14 11:17:01.094	[INFO] [DryRun] VM 배포 예정: hazr-t-dtg-kfk02 (Template=.\템플릿\VM\template-VM-LinuxZone_Image.json)
2026-05-14 11:17:01.132	[INFO] [DryRun] 리소스 그룹 생성 예정: hazr-t-dtg-rg (koreacentral)
2026-05-14 11:17:01.177	[INFO] [DryRun] VM 배포 예정: hazr-t-dtg-kfk03 (Template=.\템플릿\VM\template-VM-LinuxZone_Image.json)
2026-05-14 11:17:01.226	[INFO] [DryRun] 리소스 그룹 생성 예정: hazr-t-dtg-rg (koreacentral)
2026-05-14 11:17:01.280	[INFO] [DryRun] VM 배포 예정: hazr-t-dtg-mdoms01 (Template=.\템플릿\VM\template-VM-LinuxZone_Image.json)
2026-05-14 11:17:01.320	[INFO] [DryRun] 리소스 그룹 생성 예정: hazr-t-dtg-rg (koreacentral)
2026-05-14 11:17:01.372	[INFO] [DryRun] VM 배포 예정: hazr-t-dtg-cdmlap01 (Template=.\템플릿\VM\template-VM-LinuxZone_Image.json)
2026-05-14 11:17:01.411	[INFO] [DryRun] 리소스 그룹 생성 예정: hazr-t-dtg-rg (koreacentral)
2026-05-14 11:17:01.468	[INFO] [DryRun] VM 배포 예정: hazr-t-dtg-cdstap01 (Template=.\템플릿\VM\template-VM-LinuxZone_Image.json)
2026-05-14 11:17:01.503	[INFO] [DryRun] 리소스 그룹 생성 예정: hazr-t-dtg-rg (koreacentral)
2026-05-14 11:17:01.571	[INFO] [DryRun] VM 배포 예정: hazr-t-dtg-cdsvadm01 (Template=.\템플릿\VM\template-VM-LinuxZone_Image.json)
2026-05-14 11:17:01.610	[INFO] [DryRun] 리소스 그룹 생성 예정: hazr-t-dtg-rg (koreacentral)
2026-05-14 11:17:01.675	[INFO] [DryRun] VM 배포 예정: hazr-t-dtg-diosap01 (Template=.\템플릿\VM\template-VM-LinuxZone_Image.json)
2026-05-14 11:17:01.730	[INFO] [DryRun] 리소스 그룹 생성 예정: hazr-t-dtg-rg (koreacentral)
2026-05-14 11:17:01.795	[INFO] [DryRun] VM 배포 예정: hazr-t-dtg-diosweb01 (Template=.\템플릿\VM\template-VM-LinuxZone_Image.json)
2026-05-14 11:17:01.844	[INFO] [DryRun] 리소스 그룹 생성 예정: hazr-t-dtg-rg (koreacentral)
2026-05-14 11:17:01.896	[INFO] [DryRun] VM 배포 예정: hazr-t-dtg-dprweb01 (Template=.\템플릿\VM\template-VM-LinuxZone_Image.json)
2026-05-14 11:17:01.943	[INFO] [DryRun] 리소스 그룹 생성 예정: hazr-t-dtg-rg (koreacentral)
2026-05-14 11:17:01.999	[INFO] [DryRun] VM 배포 예정: hazr-t-dtg-dprap01 (Template=.\템플릿\VM\template-VM-LinuxZone_Image.json)
2026-05-14 11:17:02.043	[INFO] [END] Deploy-Vms
2026-05-14 11:17:02.083	[INFO] [END] Script
2026-05-14 13:59:54.228	[INFO] [START] Script
2026-05-14 13:59:54.288	[INFO] [START] Initialize-Modules
2026-05-14 14:00:13.210	[INFO] [END] Initialize-Modules
2026-05-14 14:00:13.269	[INFO] [START] Ensure-AzSession
2026-05-14 14:00:16.745	[INFO] [END] Ensure-AzSession
2026-05-14 14:00:16.826	[INFO] [START] Validate-Inputs
2026-05-14 14:00:17.219	[INFO] Excel 시트 로드: LB
2026-05-14 14:00:17.674	[INFO] Excel 시트 로드: LB_Probe
2026-05-14 14:00:17.991	[INFO] Excel 시트 로드: LB_Rule
2026-05-14 14:00:18.241	[INFO] Option 필터 적용: dtg / 대상 행 수: 15
2026-05-14 14:00:18.288	[INFO] Option 필터 적용: dtg / 대상 행 수: 15
2026-05-14 14:00:18.336	[INFO] Option 필터 적용: dtg / 대상 행 수: 15
2026-05-14 14:00:18.466	[INFO] [END] Validate-Inputs
2026-05-14 14:00:18.542	[ERR] [LB_Probe] Row=1, Name=hazr-t-dtg-admap-lb, Field=Port: 필수 값이 비어 있습니다.
2026-05-14 14:00:47.083	[INFO] [START] Script
2026-05-14 14:00:47.128	[INFO] [START] Initialize-Modules
2026-05-14 14:01:08.127	[INFO] [END] Initialize-Modules
2026-05-14 14:01:08.175	[INFO] [START] Ensure-AzSession
2026-05-14 14:01:12.043	[INFO] [END] Ensure-AzSession
2026-05-14 14:01:12.116	[INFO] [START] Validate-Inputs
2026-05-14 14:01:12.516	[INFO] Excel 시트 로드: LB
2026-05-14 14:01:12.957	[INFO] Excel 시트 로드: LB_Probe
2026-05-14 14:01:13.239	[INFO] Excel 시트 로드: LB_Rule
2026-05-14 14:01:13.432	[INFO] Option 필터 적용: dtg / 대상 행 수: 15
2026-05-14 14:01:13.478	[INFO] Option 필터 적용: dtg / 대상 행 수: 15
2026-05-14 14:01:13.518	[INFO] Option 필터 적용: dtg / 대상 행 수: 15
2026-05-14 14:01:13.583	[INFO] [END] Validate-Inputs
2026-05-14 14:01:13.637	[INFO] [START] Deploy-LoadBalancers
2026-05-14 14:01:13.797	[INFO] Excel 시트 로드: LB
2026-05-14 14:01:14.077	[INFO] Excel 시트 로드: LB_Probe
2026-05-14 14:01:14.352	[INFO] Excel 시트 로드: LB_Rule
2026-05-14 14:01:14.532	[INFO] Option 필터 적용: dtg / 대상 행 수: 15
2026-05-14 14:01:14.578	[INFO] Option 필터 적용: dtg / 대상 행 수: 15
2026-05-14 14:01:14.632	[INFO] Option 필터 적용: dtg / 대상 행 수: 15
2026-05-14 14:01:14.725	[INFO] [DryRun] 리소스 그룹 생성 예정: hazr-t-dtg-rg (koreacentral)
2026-05-14 14:01:14.757	[INFO] [DryRun] LB 배포 예정: hazr-t-dtg-admap-lb (RG=hazr-t-dtg-rg, FE=t-dtg-admap-lb-fe, Pool=t-dtg-admap-lb-bp)
2026-05-14 14:01:14.791	[INFO] [DryRun] 리소스 그룹 생성 예정: hazr-t-dtg-rg (koreacentral)
2026-05-14 14:01:14.824	[INFO] [DryRun] LB 배포 예정: hazr-t-dtg-admweb-lb (RG=hazr-t-dtg-rg, FE=t-dtg-admweb-lb-fe, Pool=t-dtg-admweb-lb-bp)
2026-05-14 14:01:14.858	[INFO] [DryRun] 리소스 그룹 생성 예정: hazr-t-dtg-rg (koreacentral)
2026-05-14 14:01:14.893	[INFO] [DryRun] LB 배포 예정: hazr-t-dtg-ap-lb (RG=hazr-t-dtg-rg, FE=t-dtg-ap-lb-fe, Pool=t-dtg-ap-lb-bp)
2026-05-14 14:01:14.928	[INFO] [DryRun] 리소스 그룹 생성 예정: hazr-t-dtg-rg (koreacentral)
2026-05-14 14:01:14.962	[INFO] [DryRun] LB 배포 예정: hazr-t-dtg-cdmlap-lb (RG=hazr-t-dtg-rg, FE=t-dtg-cdmlap-lb-fe, Pool=t-dtg-cdmlap-lb-bp)
2026-05-14 14:01:14.998	[INFO] [DryRun] 리소스 그룹 생성 예정: hazr-t-dtg-rg (koreacentral)
2026-05-14 14:01:15.037	[INFO] [DryRun] LB 배포 예정: hazr-t-dtg-cdstap-lb (RG=hazr-t-dtg-rg, FE=t-dtg-cdstap-lb-fe, Pool=t-dtg-cdstap-lb-bp)
2026-05-14 14:01:15.073	[INFO] [DryRun] 리소스 그룹 생성 예정: hazr-t-dtg-rg (koreacentral)
2026-05-14 14:01:15.109	[INFO] [DryRun] LB 배포 예정: hazr-t-dtg-cdsvadm-lb (RG=hazr-t-dtg-rg, FE=t-dtg-cdsvadm-lb-fe, Pool=t-dtg-cdsvadm-lb-bp)
2026-05-14 14:01:15.146	[INFO] [DryRun] 리소스 그룹 생성 예정: hazr-t-dtg-rg (koreacentral)
2026-05-14 14:01:15.182	[INFO] [DryRun] LB 배포 예정: hazr-t-dtg-diosap-lb (RG=hazr-t-dtg-rg, FE=t-dtg-diosap-lb-fe, Pool=t-dtg-diosap-lb-bp)
2026-05-14 14:01:15.216	[INFO] [DryRun] 리소스 그룹 생성 예정: hazr-t-dtg-rg (koreacentral)
2026-05-14 14:01:15.250	[INFO] [DryRun] LB 배포 예정: hazr-t-dtg-diosweb-lb (RG=hazr-t-dtg-rg, FE=t-dtg-diosweb-lb-fe, Pool=t-dtg-diosweb-lb-bp)
2026-05-14 14:01:15.285	[INFO] [DryRun] 리소스 그룹 생성 예정: hazr-t-dtg-rg (koreacentral)
2026-05-14 14:01:15.346	[INFO] [DryRun] LB 배포 예정: hazr-t-dtg-dprap-lb (RG=hazr-t-dtg-rg, FE=t-dtg-dprap-lb-fe, Pool=t-dtg-dprap-lb-bp)
2026-05-14 14:01:15.385	[INFO] [DryRun] 리소스 그룹 생성 예정: hazr-t-dtg-rg (koreacentral)
2026-05-14 14:01:15.422	[INFO] [DryRun] LB 배포 예정: hazr-t-dtg-dprweb-lb (RG=hazr-t-dtg-rg, FE=t-dtg-dprweb-lb-fe, Pool=t-dtg-dprweb-lb-bp)
2026-05-14 14:01:15.470	[INFO] [DryRun] 리소스 그룹 생성 예정: hazr-t-dtg-rg (koreacentral)
2026-05-14 14:01:15.504	[INFO] [DryRun] LB 배포 예정: hazr-t-dtg-extgeoap-lb (RG=hazr-t-dtg-rg, FE=t-dtg-extgeoap-lb-fe, Pool=t-dtg-extgeoap-lb-bp)
2026-05-14 14:01:15.546	[INFO] [DryRun] 리소스 그룹 생성 예정: hazr-t-dtg-rg (koreacentral)
2026-05-14 14:01:15.593	[INFO] [DryRun] LB 배포 예정: hazr-t-dtg-geoap-lb (RG=hazr-t-dtg-rg, FE=t-dtg-geoap-lb-fe, Pool=t-dtg-geoap-lb-bp)
2026-05-14 14:01:15.627	[INFO] [DryRun] 리소스 그룹 생성 예정: hazr-t-dtg-rg (koreacentral)
2026-05-14 14:01:15.663	[INFO] [DryRun] LB 배포 예정: hazr-t-dtg-ingap-lb (RG=hazr-t-dtg-rg, FE=t-dtg-ingap-lb-fe, Pool=t-dtg-ingap-lb-bp)
2026-05-14 14:01:15.704	[INFO] [DryRun] 리소스 그룹 생성 예정: hazr-t-dtg-rg (koreacentral)
2026-05-14 14:01:15.742	[INFO] [DryRun] LB 배포 예정: hazr-t-dtg-mq-lb (RG=hazr-t-dtg-rg, FE=t-dtg-mq-lb-fe, Pool=t-dtg-mq-lb-bp)
2026-05-14 14:01:15.778	[INFO] [DryRun] 리소스 그룹 생성 예정: hazr-t-dtg-rg (koreacentral)
2026-05-14 14:01:15.810	[INFO] [DryRun] LB 배포 예정: hazr-t-dtg-web-lb (RG=hazr-t-dtg-rg, FE=t-dtg-web-lb-fe, Pool=t-dtg-web-lb-bp)
2026-05-14 14:01:15.845	[INFO] [END] Deploy-LoadBalancers
2026-05-14 14:01:15.876	[INFO] [END] Script
2026-05-14 14:04:10.010	[INFO] [START] Script
2026-05-14 14:04:10.067	[INFO] [START] Initialize-Modules
2026-05-14 14:04:32.793	[INFO] [END] Initialize-Modules
2026-05-14 14:04:32.873	[INFO] [START] Ensure-AzSession
2026-05-14 14:04:33.181	[INFO] [END] Initialize-Modules
2026-05-14 14:04:33.244	[INFO] [START] Ensure-AzSession
2026-05-14 14:04:36.013	[INFO] [END] Ensure-AzSession
2026-05-14 14:04:36.129	[INFO] [START] Validate-Inputs
2026-05-14 14:04:36.337	[INFO] [END] Ensure-AzSession
2026-05-14 14:04:36.435	[INFO] [START] Validate-Inputs
2026-05-14 14:04:36.567	[INFO] Excel 시트 로드: LB
2026-05-14 14:04:36.907	[INFO] Excel 시트 로드: LB
2026-05-14 14:04:37.139	[INFO] Excel 시트 로드: LB_Probe
2026-05-14 14:04:37.418	[INFO] Excel 시트 로드: LB_Probe
2026-05-14 14:04:37.507	[INFO] Excel 시트 로드: LB_Rule
2026-05-14 14:04:37.868	[INFO] Option 필터 적용: dtg / 대상 행 수: 15
2026-05-14 14:04:37.947	[INFO] Option 필터 적용: dtg / 대상 행 수: 15
2026-05-14 14:04:38.002	[INFO] Option 필터 적용: dtg / 대상 행 수: 15
2026-05-14 14:04:38.185	[INFO] Option 필터 적용: dtg / 대상 행 수: 15
2026-05-14 14:04:38.219	[ERR] [LB_Probe] Row=1, Name=hazr-t-dtg-admap-lb, Field=Port: 필수 값이 비어 있습니다.
2026-05-14 14:04:38.280	[INFO] Option 필터 적용: dtg / 대상 행 수: 15
2026-05-14 14:04:38.425	[INFO] [END] Validate-Inputs
2026-05-14 14:04:38.483	[ERR] [LB_Rule] Row=1, Name=hazr-t-dtg-admap-lb, Field=FEPort: 필수 값이 비어 있습니다.
2026-05-18 16:17:24.153	[INFO] [START] Script
2026-05-18 16:17:24.215	[INFO] [START] Initialize-Modules
2026-05-18 16:17:46.740	[INFO] [END] Initialize-Modules
2026-05-18 16:17:46.793	[INFO] [START] Ensure-AzSession
2026-05-18 16:17:50.854	[INFO] [END] Ensure-AzSession
2026-05-18 16:17:50.928	[INFO] [START] Validate-Inputs
2026-05-18 16:17:51.275	[INFO] Excel 시트 로드: NSG
2026-05-18 16:17:51.704	[WARN] 시트를 찾지 못했습니다. 후보: NSG_Detail, NSG_Rule, NSG_PRD_Rule
2026-05-18 16:17:51.839	[INFO] [END] Validate-Inputs
2026-05-18 16:17:51.885	[INFO] [START] Deploy-Nsgs
2026-05-18 16:17:52.024	[INFO] Excel 시트 로드: NSG
2026-05-18 16:17:52.290	[WARN] 시트를 찾지 못했습니다. 후보: NSG_Detail, NSG_Rule, NSG_PRD_Rule
2026-05-18 16:17:52.417	[INFO] Excel 시트 로드: VNET
2026-05-18 16:17:52.647	[INFO] [DryRun] NSG 배포 예정: d-bdp-airfw01-nsg (RG=hazr-d-dch-rg)
2026-05-18 16:17:52.689	[INFO] [DryRun] NIC-NSG 연결 예정: d-bdp-airfw01-nic (RG=hazr-d-bdp-rg) -> d-bdp-airfw01-nsg
2026-05-18 16:17:52.725	[INFO] [DryRun] NSG 배포 예정: d-bdp-crkap01-nsg (RG=hazr-d-dch-rg)
2026-05-18 16:17:52.756	[INFO] [DryRun] NIC-NSG 연결 예정: d-bdp-crkap01-nic (RG=hazr-d-bdp-rg) -> d-bdp-crkap01-nsg
2026-05-18 16:17:52.787	[INFO] [DryRun] NSG 배포 예정: d-bdp-crkml01-nsg (RG=hazr-d-dch-rg)
2026-05-18 16:17:52.820	[INFO] [DryRun] NIC-NSG 연결 예정: d-bdp-crkml01-nic (RG=hazr-d-bdp-rg) -> d-bdp-crkml01-nsg
2026-05-18 16:17:52.856	[INFO] [DryRun] NSG 배포 예정: d-bdp-crkweb01-nsg (RG=hazr-d-dch-rg)
2026-05-18 16:17:52.890	[INFO] [DryRun] NIC-NSG 연결 예정: d-bdp-crkweb01-nic (RG=hazr-d-bdp-rg) -> d-bdp-crkweb01-nsg
2026-05-18 16:17:52.927	[INFO] [DryRun] NSG 배포 예정: d-bdp-cxmadm01-nsg (RG=hazr-d-dch-rg)
2026-05-18 16:17:52.965	[INFO] [DryRun] NIC-NSG 연결 예정: d-bdp-cxmadm01-nic (RG=hazr-d-bdp-rg) -> d-bdp-cxmadm01-nsg
2026-05-18 16:17:53.002	[INFO] [DryRun] NSG 배포 예정: d-bdp-db-nsg (RG=hazr-d-dch-rg)
2026-05-18 16:17:53.035	[INFO] [DryRun] Subnet-NSG 연결 예정: hazr-d-dch-int-vnet/d-bdp-db-sbn -> d-bdp-db-nsg
2026-05-18 16:17:53.077	[INFO] [DryRun] NSG 배포 예정: d-bdp-kepler01-nsg (RG=hazr-d-dch-rg)
2026-05-18 16:17:53.124	[INFO] [DryRun] NIC-NSG 연결 예정: d-bdp-kepler01-nic (RG=hazr-d-bdp-rg) -> d-bdp-kepler01-nsg
2026-05-18 16:17:53.165	[INFO] [DryRun] NSG 배포 예정: d-bdp-pe-nsg (RG=hazr-d-dch-rg)
2026-05-18 16:17:53.201	[INFO] [DryRun] Subnet-NSG 연결 예정: hazr-d-dch-int-vnet/d-bdp-pe-sbn -> d-bdp-pe-nsg
2026-05-18 16:17:53.234	[INFO] [DryRun] NSG 배포 예정: d-bdp-slap01-nsg (RG=hazr-d-dch-rg)
2026-05-18 16:17:53.274	[INFO] [DryRun] NIC-NSG 연결 예정: d-bdp-slap01-nic (RG=hazr-d-bdp-rg) -> d-bdp-slap01-nsg
2026-05-18 16:17:53.307	[INFO] [DryRun] NSG 배포 예정: d-com-auth01-nsg (RG=hazr-d-dch-rg)
2026-05-18 16:17:53.342	[INFO] [DryRun] NIC-NSG 연결 예정: d-com-auth01-nic (RG=hazr-d-com-rg) -> d-com-auth01-nsg
2026-05-18 16:17:53.376	[INFO] [DryRun] NSG 배포 예정: d-com-db-nsg (RG=hazr-d-dch-rg)
2026-05-18 16:17:53.410	[INFO] [DryRun] Subnet-NSG 연결 예정: hazr-d-dch-int-vnet/d-com-db-sbn -> d-com-db-nsg
2026-05-18 16:17:53.445	[INFO] [DryRun] NSG 배포 예정: d-com-pe-nsg (RG=hazr-d-dch-rg)
2026-05-18 16:17:53.489	[INFO] [DryRun] Subnet-NSG 연결 예정: hazr-d-dch-int-vnet/d-com-pe-sbn -> d-com-pe-nsg
2026-05-18 16:17:53.541	[INFO] [DryRun] NSG 배포 예정: d-com-proxy01-nsg (RG=hazr-d-dch-rg)
2026-05-18 16:17:53.596	[INFO] [DryRun] NIC-NSG 연결 예정: d-com-proxy01-nic (RG=hazr-d-com-rg) -> d-com-proxy01-nsg
2026-05-18 16:17:53.647	[INFO] [DryRun] NSG 배포 예정: d-cs-db-nsg (RG=hazr-d-dch-rg)
2026-05-18 16:17:53.693	[INFO] [DryRun] Subnet-NSG 연결 예정: hazr-d-dch-int-vnet/d-cs-db-sbn -> d-cs-db-nsg
2026-05-18 16:17:53.734	[INFO] [DryRun] NSG 배포 예정: d-cs-pe-nsg (RG=hazr-d-dch-rg)
2026-05-18 16:17:53.779	[INFO] [DryRun] Subnet-NSG 연결 예정: hazr-d-dch-int-vnet/d-cs-pe-sbn -> d-cs-pe-nsg
2026-05-18 16:17:53.820	[INFO] [DryRun] NSG 배포 예정: d-ddg-db-nsg (RG=hazr-d-dch-rg)
2026-05-18 16:17:53.858	[INFO] [DryRun] Subnet-NSG 연결 예정: hazr-d-dch-int-vnet/d-ddg-db-sbn -> d-ddg-db-nsg
2026-05-18 16:17:53.902	[INFO] [DryRun] NSG 배포 예정: d-ddg-pe-nsg (RG=hazr-d-dch-rg)
2026-05-18 16:17:53.949	[INFO] [DryRun] Subnet-NSG 연결 예정: hazr-d-dch-int-vnet/d-ddg-pe-sbn -> d-ddg-pe-nsg
2026-05-18 16:17:54.044	[INFO] [DryRun] NSG 배포 예정: d-dip-adm01-nsg (RG=hazr-d-dch-rg)
2026-05-18 16:17:54.082	[INFO] [DryRun] NIC-NSG 연결 예정: d-dip-adm01-nic (RG=hazr-d-dip-rg) -> d-dip-adm01-nsg
2026-05-18 16:17:54.124	[INFO] [DryRun] NSG 배포 예정: d-dip-ap01-nsg (RG=hazr-d-dch-rg)
2026-05-18 16:17:54.162	[INFO] [DryRun] NIC-NSG 연결 예정: d-dip-ap01-nic (RG=hazr-d-dip-rg) -> d-dip-ap01-nsg
2026-05-18 16:17:54.203	[INFO] [DryRun] NSG 배포 예정: d-dip-db-nsg (RG=hazr-d-dch-rg)
2026-05-18 16:17:54.245	[INFO] [DryRun] Subnet-NSG 연결 예정: hazr-d-dch-int-vnet/d-dip-db-sbn -> d-dip-db-nsg
2026-05-18 16:17:54.283	[INFO] [DryRun] NSG 배포 예정: d-dip-flk01-nsg (RG=hazr-d-dch-rg)
2026-05-18 16:17:54.316	[INFO] [DryRun] NIC-NSG 연결 예정: d-dip-flk01-nic (RG=hazr-d-dip-rg) -> d-dip-flk01-nsg
2026-05-18 16:17:54.349	[INFO] [DryRun] NSG 배포 예정: d-dip-flk02-nsg (RG=hazr-d-dch-rg)
2026-05-18 16:17:54.387	[INFO] [DryRun] NIC-NSG 연결 예정: d-dip-flk02-nic (RG=hazr-d-dip-rg) -> d-dip-flk02-nsg
2026-05-18 16:17:54.421	[INFO] [DryRun] NSG 배포 예정: d-dip-flk03-nsg (RG=hazr-d-dch-rg)
2026-05-18 16:17:54.455	[INFO] [DryRun] NIC-NSG 연결 예정: d-dip-flk03-nic (RG=hazr-d-dip-rg) -> d-dip-flk03-nsg
2026-05-18 16:17:54.495	[INFO] [DryRun] NSG 배포 예정: d-dip-geoap01-nsg (RG=hazr-d-dch-rg)
2026-05-18 16:17:54.534	[INFO] [DryRun] NIC-NSG 연결 예정: d-dip-geoap01-nic (RG=hazr-d-dip-rg) -> d-dip-geoap01-nsg
2026-05-18 16:17:54.571	[INFO] [DryRun] NSG 배포 예정: d-dip-kfk01-nsg (RG=hazr-d-dch-rg)
2026-05-18 16:17:54.605	[INFO] [DryRun] NIC-NSG 연결 예정: d-dip-kfk01-nic (RG=hazr-d-dip-rg) -> d-dip-kfk01-nsg
2026-05-18 16:17:54.641	[INFO] [DryRun] NSG 배포 예정: d-dip-kfk02-nsg (RG=hazr-d-dch-rg)
2026-05-18 16:17:54.677	[INFO] [DryRun] NIC-NSG 연결 예정: d-dip-kfk02-nic (RG=hazr-d-dip-rg) -> d-dip-kfk02-nsg
2026-05-18 16:17:54.715	[INFO] [DryRun] NSG 배포 예정: d-dip-kfk03-nsg (RG=hazr-d-dch-rg)
2026-05-18 16:17:54.749	[INFO] [DryRun] NIC-NSG 연결 예정: d-dip-kfk03-nic (RG=hazr-d-dip-rg) -> d-dip-kfk03-nsg
2026-05-18 16:17:54.784	[INFO] [DryRun] NSG 배포 예정: d-dip-mqap01-nsg (RG=hazr-d-dch-rg)
2026-05-18 16:17:54.830	[INFO] [DryRun] NIC-NSG 연결 예정: d-dip-mqap01-nic (RG=hazr-d-dip-rg) -> d-dip-mqap01-nsg
2026-05-18 16:17:54.873	[INFO] [DryRun] NSG 배포 예정: d-dip-mqweb01-nsg (RG=hazr-d-dch-rg)
2026-05-18 16:17:54.914	[INFO] [DryRun] NIC-NSG 연결 예정: d-dip-mqweb01-nic (RG=hazr-d-dip-rg) -> d-dip-mqweb01-nsg
2026-05-18 16:17:54.953	[INFO] [DryRun] NSG 배포 예정: d-dip-oms01-nsg (RG=hazr-d-dch-rg)
2026-05-18 16:17:54.997	[INFO] [DryRun] NIC-NSG 연결 예정: d-dip-oms01-nic (RG=hazr-d-dip-rg) -> d-dip-oms01-nsg
2026-05-18 16:17:55.068	[INFO] [DryRun] NSG 배포 예정: d-dip-web01-nsg (RG=hazr-d-dch-rg)
2026-05-18 16:17:55.113	[INFO] [DryRun] NIC-NSG 연결 예정: d-dip-web01-nic (RG=hazr-d-dip-rg) -> d-dip-web01-nsg
2026-05-18 16:17:55.169	[INFO] [DryRun] NSG 배포 예정: d-dis-adm01-nsg (RG=hazr-d-dch-rg)
2026-05-18 16:17:55.226	[INFO] [DryRun] NIC-NSG 연결 예정: d-dis-adm01-nic (RG=hazr-d-dis-rg) -> d-dis-adm01-nsg
2026-05-18 16:17:55.276	[INFO] [DryRun] NSG 배포 예정: d-dis-ap01-nsg (RG=hazr-d-dch-rg)
2026-05-18 16:17:55.322	[INFO] [DryRun] NIC-NSG 연결 예정: d-dis-ap01-nic (RG=hazr-d-dis-rg) -> d-dis-ap01-nsg
2026-05-18 16:17:55.381	[INFO] [DryRun] NSG 배포 예정: d-dis-bat01-nsg (RG=hazr-d-dch-rg)
2026-05-18 16:17:55.425	[INFO] [DryRun] NIC-NSG 연결 예정: d-dis-bat01-nic (RG=hazr-d-dis-rg) -> d-dis-bat01-nsg
2026-05-18 16:17:55.446	[INFO] [DryRun] NSG 배포 예정: d-dis-bbicltap01-nsg (RG=hazr-d-dch-rg)
2026-05-18 16:17:55.470	[INFO] [DryRun] NIC-NSG 연결 예정: d-dis-bbicltap01-nic (RG=hazr-d-dis-rg) -> d-dis-bbicltap01-nsg
2026-05-18 16:17:55.520	[INFO] [DryRun] NSG 배포 예정: d-dis-bbimsgap01-nsg (RG=hazr-d-dch-rg)
2026-05-18 16:17:55.565	[INFO] [DryRun] NIC-NSG 연결 예정: d-dis-bbimsgap01-nic (RG=hazr-d-dis-rg) -> d-dis-bbimsgap01-nsg
2026-05-18 16:17:55.595	[INFO] [DryRun] NSG 배포 예정: d-dis-bbiweb01-nsg (RG=hazr-d-dch-rg)
2026-05-18 16:17:55.645	[INFO] [DryRun] NIC-NSG 연결 예정: d-dis-bbiweb01-nic (RG=hazr-d-dis-rg) -> d-dis-bbiweb01-nsg
2026-05-18 16:17:55.690	[INFO] [DryRun] NSG 배포 예정: d-dis-cmbsap01-nsg (RG=hazr-d-dch-rg)
2026-05-18 16:17:55.737	[INFO] [DryRun] NIC-NSG 연결 예정: d-dis-cmbsap01-nic (RG=hazr-d-dis-rg) -> d-dis-cmbsap01-nsg
2026-05-18 16:17:55.784	[INFO] [DryRun] NSG 배포 예정: d-dis-cmsadm01-nsg (RG=hazr-d-dch-rg)
2026-05-18 16:17:55.831	[INFO] [DryRun] NIC-NSG 연결 예정: d-dis-cmsadm01-nic (RG=hazr-d-dis-rg) -> d-dis-cmsadm01-nsg
2026-05-18 16:17:55.877	[INFO] [DryRun] NSG 배포 예정: d-dis-cmsap01-nsg (RG=hazr-d-dch-rg)
2026-05-18 16:17:55.932	[INFO] [DryRun] NIC-NSG 연결 예정: d-dis-cmsap01-nic (RG=hazr-d-dis-rg) -> d-dis-cmsap01-nsg
2026-05-18 16:17:55.985	[INFO] [DryRun] NSG 배포 예정: d-dis-cmsweb01-nsg (RG=hazr-d-dch-rg)
2026-05-18 16:17:56.028	[INFO] [DryRun] NIC-NSG 연결 예정: d-dis-cmsweb01-nic (RG=hazr-d-dis-rg) -> d-dis-cmsweb01-nsg
2026-05-18 16:17:56.077	[INFO] [DryRun] NSG 배포 예정: d-dis-db-nsg (RG=hazr-d-dch-rg)
2026-05-18 16:17:56.132	[INFO] [DryRun] Subnet-NSG 연결 예정: hazr-d-dch-int-vnet/d-dis-db-sbn -> d-dis-db-nsg
2026-05-18 16:17:56.183	[INFO] [DryRun] NSG 배포 예정: d-dis-dfir01-nsg (RG=hazr-d-dch-rg)
2026-05-18 16:17:56.247	[INFO] [DryRun] NIC-NSG 연결 예정: d-dis-dfir01-nic (RG=hazr-d-dis-rg) -> d-dis-dfir01-nsg
2026-05-18 16:17:56.309	[INFO] [DryRun] NSG 배포 예정: d-dis-drvcltap01-nsg (RG=hazr-d-dch-rg)
2026-05-18 16:17:56.364	[INFO] [DryRun] NIC-NSG 연결 예정: d-dis-drvcltap01-nic (RG=hazr-d-dis-rg) -> d-dis-drvcltap01-nsg
2026-05-18 16:17:56.418	[INFO] [DryRun] NSG 배포 예정: d-dis-drvmsgap01-nsg (RG=hazr-d-dch-rg)
2026-05-18 16:17:56.461	[INFO] [DryRun] NIC-NSG 연결 예정: d-dis-drvmsgap01-nic (RG=hazr-d-dis-rg) -> d-dis-drvmsgap01-nsg
2026-05-18 16:17:56.503	[INFO] [DryRun] NSG 배포 예정: d-dis-pe-nsg (RG=hazr-d-dch-rg)
2026-05-18 16:17:56.547	[INFO] [DryRun] Subnet-NSG 연결 예정: hazr-d-dch-int-vnet/d-dis-pe-sbn -> d-dis-pe-nsg
2026-05-18 16:17:56.589	[INFO] [DryRun] NSG 배포 예정: d-dis-walkap01-nsg (RG=hazr-d-dch-rg)
2026-05-18 16:17:56.628	[INFO] [DryRun] NIC-NSG 연결 예정: d-dis-walkap01-nic (RG=hazr-d-dis-rg) -> d-dis-walkap01-nsg
2026-05-18 16:17:56.669	[INFO] [DryRun] NSG 배포 예정: d-dis-walkweb01-nsg (RG=hazr-d-dch-rg)
2026-05-18 16:17:56.713	[INFO] [DryRun] NIC-NSG 연결 예정: d-dis-walkweb01-nic (RG=hazr-d-dis-rg) -> d-dis-walkweb01-nsg
2026-05-18 16:17:56.760	[INFO] [DryRun] NSG 배포 예정: d-dis-web01-nsg (RG=hazr-d-dch-rg)
2026-05-18 16:17:56.810	[INFO] [DryRun] NIC-NSG 연결 예정: d-dis-web01-nic (RG=hazr-d-dis-rg) -> d-dis-web01-nsg
2026-05-18 16:17:56.855	[INFO] [DryRun] NSG 배포 예정: d-doip-adm01-nsg (RG=hazr-d-dch-rg)
2026-05-18 16:17:56.903	[INFO] [DryRun] NIC-NSG 연결 예정: d-doip-adm01-nic (RG=hazr-d-doip-rg) -> d-doip-adm01-nsg
2026-05-18 16:17:56.948	[INFO] [DryRun] NSG 배포 예정: d-doip-ap01-nsg (RG=hazr-d-dch-rg)
2026-05-18 16:17:56.991	[INFO] [DryRun] NIC-NSG 연결 예정: d-doip-ap01-nic (RG=hazr-d-doip-rg) -> d-doip-ap01-nsg
2026-05-18 16:17:57.035	[INFO] [DryRun] NSG 배포 예정: d-doip-db-nsg (RG=hazr-d-dch-rg)
2026-05-18 16:17:57.072	[INFO] [DryRun] Subnet-NSG 연결 예정: hazr-d-dch-int-vnet/d-doip-db-sbn -> d-doip-db-nsg
2026-05-18 16:17:57.106	[INFO] [DryRun] NSG 배포 예정: d-doip-pe-nsg (RG=hazr-d-dch-rg)
2026-05-18 16:17:57.141	[INFO] [DryRun] Subnet-NSG 연결 예정: hazr-d-dch-int-vnet/d-doip-pe-sbn -> d-doip-pe-nsg
2026-05-18 16:17:57.179	[INFO] [DryRun] NSG 배포 예정: d-doip-web01-nsg (RG=hazr-d-dch-rg)
2026-05-18 16:17:57.216	[INFO] [DryRun] NIC-NSG 연결 예정: d-doip-web01-nic (RG=hazr-d-doip-rg) -> d-doip-web01-nsg
2026-05-18 16:17:57.253	[INFO] [DryRun] NSG 배포 예정: d-dtg-admap01-nsg (RG=hazr-d-dch-rg)
2026-05-18 16:17:57.286	[INFO] [DryRun] NIC-NSG 연결 예정: d-dtg-admap01-nic (RG=hazr-d-dtg-rg) -> d-dtg-admap01-nsg
2026-05-18 16:17:57.321	[INFO] [DryRun] NSG 배포 예정: d-dtg-admweb01-nsg (RG=hazr-d-dch-rg)
2026-05-18 16:17:57.355	[INFO] [DryRun] NIC-NSG 연결 예정: d-dtg-admweb01-nic (RG=hazr-d-dtg-rg) -> d-dtg-admweb01-nsg
2026-05-18 16:17:57.392	[INFO] [DryRun] NSG 배포 예정: d-dtg-ap01-nsg (RG=hazr-d-dch-rg)
2026-05-18 16:17:57.427	[INFO] [DryRun] NIC-NSG 연결 예정: d-dtg-ap01-nic (RG=hazr-d-dtg-rg) -> d-dtg-ap01-nsg
2026-05-18 16:17:57.465	[INFO] [DryRun] NSG 배포 예정: d-dtg-cdmlap01-nsg (RG=hazr-d-dch-rg)
2026-05-18 16:17:57.498	[INFO] [DryRun] NIC-NSG 연결 예정: d-dtg-cdmlap01-nic (RG=hazr-d-dtg-rg) -> d-dtg-cdmlap01-nsg
2026-05-18 16:17:57.534	[INFO] [DryRun] NSG 배포 예정: d-dtg-cdstap01-nsg (RG=hazr-d-dch-rg)
2026-05-18 16:17:57.566	[INFO] [DryRun] NIC-NSG 연결 예정: d-dtg-cdstap01-nic (RG=hazr-d-dtg-rg) -> d-dtg-cdstap01-nsg
2026-05-18 16:17:57.599	[INFO] [DryRun] NSG 배포 예정: d-dtg-cdsvadm01-nsg (RG=hazr-d-dch-rg)
2026-05-18 16:17:57.630	[INFO] [DryRun] NIC-NSG 연결 예정: d-dtg-cdsvadm01-nic (RG=hazr-d-dtg-rg) -> d-dtg-cdsvadm01-nsg
2026-05-18 16:17:57.664	[INFO] [DryRun] NSG 배포 예정: d-dtg-diosap01-nsg (RG=hazr-d-dch-rg)
2026-05-18 16:17:57.697	[INFO] [DryRun] NIC-NSG 연결 예정: d-dtg-diosap01-nic (RG=hazr-d-dtg-rg) -> d-dtg-diosap01-nsg
2026-05-18 16:17:57.729	[INFO] [DryRun] NSG 배포 예정: d-dtg-diosweb01-nsg (RG=hazr-d-dch-rg)
2026-05-18 16:17:57.791	[INFO] [DryRun] NIC-NSG 연결 예정: d-dtg-diosweb01-nic (RG=hazr-d-dtg-rg) -> d-dtg-diosweb01-nsg
2026-05-18 16:17:57.826	[INFO] [DryRun] NSG 배포 예정: d-dtg-dprap01-nsg (RG=hazr-d-dch-rg)
2026-05-18 16:17:57.860	[INFO] [DryRun] NIC-NSG 연결 예정: d-dtg-dprap01-nic (RG=hazr-d-dtg-rg) -> d-dtg-dprap01-nsg
2026-05-18 16:17:57.895	[INFO] [DryRun] NSG 배포 예정: d-dtg-dprweb01-nsg (RG=hazr-d-dch-rg)
2026-05-18 16:17:57.928	[INFO] [DryRun] NIC-NSG 연결 예정: d-dtg-dprweb01-nic (RG=hazr-d-dtg-rg) -> d-dtg-dprweb01-nsg
2026-05-18 16:17:57.951	[INFO] [DryRun] NSG 배포 예정: d-dtg-dtoms01-nsg (RG=hazr-d-dch-rg)
2026-05-18 16:17:57.985	[INFO] [DryRun] NIC-NSG 연결 예정: d-dtg-dtoms01-nic (RG=hazr-d-dtg-rg) -> d-dtg-dtoms01-nsg
2026-05-18 16:17:58.020	[INFO] [DryRun] NSG 배포 예정: d-dtg-extgeoap01-nsg (RG=hazr-d-dch-rg)
2026-05-18 16:17:58.055	[INFO] [DryRun] NIC-NSG 연결 예정: d-dtg-extgeoap01-nic (RG=hazr-d-dtg-rg) -> d-dtg-extgeoap01-nsg
2026-05-18 16:17:58.086	[INFO] [DryRun] NSG 배포 예정: d-dtg-geoap01-nsg (RG=hazr-d-dch-rg)
2026-05-18 16:17:58.122	[INFO] [DryRun] NIC-NSG 연결 예정: d-dtg-geoap01-nic (RG=hazr-d-dtg-rg) -> d-dtg-geoap01-nsg
2026-05-18 16:17:58.154	[INFO] [DryRun] NSG 배포 예정: d-dtg-ingap01-nsg (RG=hazr-d-dch-rg)
2026-05-18 16:17:58.241	[INFO] [DryRun] NIC-NSG 연결 예정: d-dtg-ingap01-nic (RG=hazr-d-dtg-rg) -> d-dtg-ingap01-nsg
2026-05-18 16:17:58.286	[INFO] [DryRun] NSG 배포 예정: d-dtg-kfk01-nsg (RG=hazr-d-dch-rg)
2026-05-18 16:17:58.322	[INFO] [DryRun] NIC-NSG 연결 예정: d-dtg-kfk01-nic (RG=hazr-d-dtg-rg) -> d-dtg-kfk01-nsg
2026-05-18 16:17:58.358	[INFO] [DryRun] NSG 배포 예정: d-dtg-kfk02-nsg (RG=hazr-d-dch-rg)
2026-05-18 16:17:58.389	[INFO] [DryRun] NIC-NSG 연결 예정: d-dtg-kfk02-nic (RG=hazr-d-dtg-rg) -> d-dtg-kfk02-nsg
2026-05-18 16:17:58.424	[INFO] [DryRun] NSG 배포 예정: d-dtg-kfk03-nsg (RG=hazr-d-dch-rg)
2026-05-18 16:17:58.458	[INFO] [DryRun] NIC-NSG 연결 예정: d-dtg-kfk03-nic (RG=hazr-d-dtg-rg) -> d-dtg-kfk03-nsg
2026-05-18 16:17:58.498	[INFO] [DryRun] NSG 배포 예정: d-dtg-mdoms01-nsg (RG=hazr-d-dch-rg)
2026-05-18 16:17:58.534	[INFO] [DryRun] NIC-NSG 연결 예정: d-dtg-mdoms01-nic (RG=hazr-d-dtg-rg) -> d-dtg-mdoms01-nsg
2026-05-18 16:17:58.569	[INFO] [DryRun] NSG 배포 예정: d-dtg-mq01-nsg (RG=hazr-d-dch-rg)
2026-05-18 16:17:58.605	[INFO] [DryRun] NIC-NSG 연결 예정: d-dtg-mq01-nic (RG=hazr-d-dtg-rg) -> d-dtg-mq01-nsg
2026-05-18 16:17:58.641	[INFO] [DryRun] NSG 배포 예정: d-dtg-tsdb01-nsg (RG=hazr-d-dch-rg)
2026-05-18 16:17:58.674	[INFO] [DryRun] NIC-NSG 연결 예정: d-dtg-tsdb01-nic (RG=hazr-d-dtg-rg) -> d-dtg-tsdb01-nsg
2026-05-18 16:17:58.709	[INFO] [DryRun] NSG 배포 예정: d-dtg-web01-nsg (RG=hazr-d-dch-rg)
2026-05-18 16:17:58.744	[INFO] [DryRun] NIC-NSG 연결 예정: d-dtg-web01-nic (RG=hazr-d-dtg-rg) -> d-dtg-web01-nsg
2026-05-18 16:17:58.782	[INFO] [DryRun] NSG 배포 예정: d-dtg-zkp01-nsg (RG=hazr-d-dch-rg)
2026-05-18 16:17:58.817	[INFO] [DryRun] NIC-NSG 연결 예정: d-dtg-zkp01-nic (RG=hazr-d-dtg-rg) -> d-dtg-zkp01-nsg
2026-05-18 16:17:58.852	[INFO] [DryRun] NSG 배포 예정: d-dtg-zkp02-nsg (RG=hazr-d-dch-rg)
2026-05-18 16:17:58.887	[INFO] [DryRun] NIC-NSG 연결 예정: d-dtg-zkp02-nic (RG=hazr-d-dtg-rg) -> d-dtg-zkp02-nsg
2026-05-18 16:17:58.932	[INFO] [DryRun] NSG 배포 예정: d-dtg-zkp03-nsg (RG=hazr-d-dch-rg)
2026-05-18 16:17:58.971	[INFO] [DryRun] NIC-NSG 연결 예정: d-dtg-zkp03-nic (RG=hazr-d-dtg-rg) -> d-dtg-zkp03-nsg
2026-05-18 16:17:59.006	[INFO] [DryRun] NSG 배포 예정: d-if-db-nsg (RG=hazr-d-dch-rg)
2026-05-18 16:17:59.045	[INFO] [DryRun] Subnet-NSG 연결 예정: hazr-d-dch-int-vnet/d-if-db-sbn -> d-if-db-nsg
2026-05-18 16:17:59.084	[INFO] [DryRun] NSG 배포 예정: d-if-gramon01-nsg (RG=hazr-d-dch-rg)
2026-05-18 16:17:59.119	[INFO] [DryRun] NIC-NSG 연결 예정: d-if-gramon01-nic (RG=hazr-d-if-rg) -> d-if-gramon01-nsg
2026-05-18 16:17:59.154	[INFO] [DryRun] NSG 배포 예정: d-if-pe-nsg (RG=hazr-d-dch-rg)
2026-05-18 16:17:59.187	[INFO] [DryRun] Subnet-NSG 연결 예정: hazr-d-dch-int-vnet/d-if-pe-sbn -> d-if-pe-nsg
2026-05-18 16:17:59.229	[INFO] [DryRun] NSG 배포 예정: d-puls-db-nsg (RG=hazr-d-dch-rg)
2026-05-18 16:17:59.263	[INFO] [DryRun] Subnet-NSG 연결 예정: hazr-d-dch-int-vnet/d-puls-db-sbn -> d-puls-db-nsg
2026-05-18 16:17:59.300	[INFO] [DryRun] NSG 배포 예정: d-puls-pe-nsg (RG=hazr-d-dch-rg)
2026-05-18 16:17:59.334	[INFO] [DryRun] Subnet-NSG 연결 예정: hazr-d-dch-int-vnet/d-puls-pe-sbn -> d-puls-pe-nsg
2026-05-18 16:17:59.370	[INFO] [END] Deploy-Nsgs
2026-05-18 16:17:59.403	[INFO] [END] Script
2026-05-18 16:18:18.526	[INFO] [START] Script
2026-05-18 16:18:18.629	[INFO] [START] Initialize-Modules
2026-05-18 16:18:35.135	[INFO] [END] Initialize-Modules
2026-05-18 16:18:35.182	[INFO] [START] Ensure-AzSession
2026-05-18 16:18:37.802	[INFO] [END] Ensure-AzSession
2026-05-18 16:18:37.861	[INFO] [START] Validate-Inputs
2026-05-18 16:18:38.097	[INFO] Excel 시트 로드: NSG
2026-05-18 16:18:38.464	[WARN] 시트를 찾지 못했습니다. 후보: NSG_Detail, NSG_Rule, NSG_PRD_Rule
2026-05-18 16:18:38.653	[INFO] [END] Validate-Inputs
2026-05-18 16:18:38.701	[ERR] [NSG] Row=67, Name=d-dis-db-nsg, Field=SubnetName/Subnet: 서브넷 연결용 Subnet 이름이 필요합니다.
2026-05-18 16:18:54.532	[INFO] [START] Script
2026-05-18 16:18:54.584	[INFO] [START] Initialize-Modules
2026-05-18 16:19:22.699	[INFO] [END] Initialize-Modules
2026-05-18 16:19:22.818	[INFO] [START] Ensure-AzSession
2026-05-18 16:19:26.124	[INFO] [END] Ensure-AzSession
2026-05-18 16:19:26.254	[INFO] [START] Validate-Inputs
2026-05-18 16:19:26.818	[INFO] Excel 시트 로드: NSG
2026-05-18 16:19:28.576	[WARN] 시트를 찾지 못했습니다. 후보: NSG_Detail, NSG_Rule, NSG_PRD_Rule
2026-05-18 16:19:29.207	[INFO] [END] Validate-Inputs
2026-05-18 16:19:29.347	[ERR] [NSG] Row=67, Name=d-dis-db-nsg, Field=SubnetName/Subnet: 서브넷 연결용 Subnet 이름이 필요합니다.
2026-05-18 16:19:53.270	[INFO] [START] Script
2026-05-18 16:19:53.320	[INFO] [START] Initialize-Modules
2026-05-18 16:20:10.387	[INFO] [END] Initialize-Modules
2026-05-18 16:20:10.442	[INFO] [START] Ensure-AzSession
2026-05-18 16:20:13.104	[INFO] [END] Ensure-AzSession
2026-05-18 16:20:13.188	[INFO] [START] Validate-Inputs
2026-05-18 16:20:13.400	[INFO] Excel 시트 로드: NSG
2026-05-18 16:20:13.823	[WARN] 시트를 찾지 못했습니다. 후보: NSG_Detail, NSG_Rule, NSG_PRD_Rule
2026-05-18 16:20:13.980	[INFO] [END] Validate-Inputs
2026-05-18 16:20:14.040	[INFO] [START] Deploy-Nsgs
2026-05-18 16:20:14.222	[INFO] Excel 시트 로드: NSG
2026-05-18 16:20:14.525	[WARN] 시트를 찾지 못했습니다. 후보: NSG_Detail, NSG_Rule, NSG_PRD_Rule
2026-05-18 16:20:14.683	[INFO] Excel 시트 로드: VNET
2026-05-18 16:20:14.933	[INFO] [DryRun] NSG 배포 예정: d-bdp-airfw01-nsg (RG=hazr-d-dch-rg)
2026-05-18 16:20:14.969	[INFO] [DryRun] NIC-NSG 연결 예정: d-bdp-airfw01-nic (RG=hazr-d-bdp-rg) -> d-bdp-airfw01-nsg
2026-05-18 16:20:15.004	[INFO] [DryRun] NSG 배포 예정: d-bdp-crkap01-nsg (RG=hazr-d-dch-rg)
2026-05-18 16:20:15.039	[INFO] [DryRun] NIC-NSG 연결 예정: d-bdp-crkap01-nic (RG=hazr-d-bdp-rg) -> d-bdp-crkap01-nsg
2026-05-18 16:20:15.078	[INFO] [DryRun] NSG 배포 예정: d-bdp-crkml01-nsg (RG=hazr-d-dch-rg)
2026-05-18 16:20:15.114	[INFO] [DryRun] NIC-NSG 연결 예정: d-bdp-crkml01-nic (RG=hazr-d-bdp-rg) -> d-bdp-crkml01-nsg
2026-05-18 16:20:15.152	[INFO] [DryRun] NSG 배포 예정: d-bdp-crkweb01-nsg (RG=hazr-d-dch-rg)
2026-05-18 16:20:15.190	[INFO] [DryRun] NIC-NSG 연결 예정: d-bdp-crkweb01-nic (RG=hazr-d-bdp-rg) -> d-bdp-crkweb01-nsg
2026-05-18 16:20:15.231	[INFO] [DryRun] NSG 배포 예정: d-bdp-cxmadm01-nsg (RG=hazr-d-dch-rg)
2026-05-18 16:20:15.278	[INFO] [DryRun] NIC-NSG 연결 예정: d-bdp-cxmadm01-nic (RG=hazr-d-bdp-rg) -> d-bdp-cxmadm01-nsg
2026-05-18 16:20:15.320	[INFO] [DryRun] NSG 배포 예정: d-bdp-db-nsg (RG=hazr-d-dch-rg)
2026-05-18 16:20:15.353	[INFO] [DryRun] Subnet-NSG 연결 예정: hazr-d-dch-int-vnet/d-bdp-db-sbn -> d-bdp-db-nsg
2026-05-18 16:20:15.391	[INFO] [DryRun] NSG 배포 예정: d-bdp-kepler01-nsg (RG=hazr-d-dch-rg)
2026-05-18 16:20:15.427	[INFO] [DryRun] NIC-NSG 연결 예정: d-bdp-kepler01-nic (RG=hazr-d-bdp-rg) -> d-bdp-kepler01-nsg
2026-05-18 16:20:15.474	[INFO] [DryRun] NSG 배포 예정: d-bdp-pe-nsg (RG=hazr-d-dch-rg)
2026-05-18 16:20:15.508	[INFO] [DryRun] Subnet-NSG 연결 예정: hazr-d-dch-int-vnet/d-bdp-pe-sbn -> d-bdp-pe-nsg
2026-05-18 16:20:15.543	[INFO] [DryRun] NSG 배포 예정: d-bdp-slap01-nsg (RG=hazr-d-dch-rg)
2026-05-18 16:20:15.582	[INFO] [DryRun] NIC-NSG 연결 예정: d-bdp-slap01-nic (RG=hazr-d-bdp-rg) -> d-bdp-slap01-nsg
2026-05-18 16:20:15.619	[INFO] [DryRun] NSG 배포 예정: d-com-auth01-nsg (RG=hazr-d-dch-rg)
2026-05-18 16:20:15.654	[INFO] [DryRun] NIC-NSG 연결 예정: d-com-auth01-nic (RG=hazr-d-com-rg) -> d-com-auth01-nsg
2026-05-18 16:20:15.688	[INFO] [DryRun] NSG 배포 예정: d-com-db-nsg (RG=hazr-d-dch-rg)
2026-05-18 16:20:15.731	[INFO] [DryRun] Subnet-NSG 연결 예정: hazr-d-dch-int-vnet/d-com-db-sbn -> d-com-db-nsg
2026-05-18 16:20:15.765	[INFO] [DryRun] NSG 배포 예정: d-com-pe-nsg (RG=hazr-d-dch-rg)
2026-05-18 16:20:15.800	[INFO] [DryRun] Subnet-NSG 연결 예정: hazr-d-dch-int-vnet/d-com-pe-sbn -> d-com-pe-nsg
2026-05-18 16:20:15.844	[INFO] [DryRun] NSG 배포 예정: d-com-proxy01-nsg (RG=hazr-d-dch-rg)
2026-05-18 16:20:15.882	[INFO] [DryRun] NIC-NSG 연결 예정: d-com-proxy01-nic (RG=hazr-d-com-rg) -> d-com-proxy01-nsg
2026-05-18 16:20:15.918	[INFO] [DryRun] NSG 배포 예정: d-cs-db-nsg (RG=hazr-d-dch-rg)
2026-05-18 16:20:15.956	[INFO] [DryRun] Subnet-NSG 연결 예정: hazr-d-dch-int-vnet/d-cs-db-sbn -> d-cs-db-nsg
2026-05-18 16:20:15.998	[INFO] [DryRun] NSG 배포 예정: d-cs-pe-nsg (RG=hazr-d-dch-rg)
2026-05-18 16:20:16.035	[INFO] [DryRun] Subnet-NSG 연결 예정: hazr-d-dch-int-vnet/d-cs-pe-sbn -> d-cs-pe-nsg
2026-05-18 16:20:16.077	[INFO] [DryRun] NSG 배포 예정: d-ddg-db-nsg (RG=hazr-d-dch-rg)
2026-05-18 16:20:16.110	[INFO] [DryRun] Subnet-NSG 연결 예정: hazr-d-dch-int-vnet/d-ddg-db-sbn -> d-ddg-db-nsg
2026-05-18 16:20:16.144	[INFO] [DryRun] NSG 배포 예정: d-ddg-pe-nsg (RG=hazr-d-dch-rg)
2026-05-18 16:20:16.182	[INFO] [DryRun] Subnet-NSG 연결 예정: hazr-d-dch-int-vnet/d-ddg-pe-sbn -> d-ddg-pe-nsg
2026-05-18 16:20:16.233	[INFO] [DryRun] NSG 배포 예정: d-dip-adm01-nsg (RG=hazr-d-dch-rg)
2026-05-18 16:20:16.269	[INFO] [DryRun] NIC-NSG 연결 예정: d-dip-adm01-nic (RG=hazr-d-dip-rg) -> d-dip-adm01-nsg
2026-05-18 16:20:16.312	[INFO] [DryRun] NSG 배포 예정: d-dip-ap01-nsg (RG=hazr-d-dch-rg)
2026-05-18 16:20:16.353	[INFO] [DryRun] NIC-NSG 연결 예정: d-dip-ap01-nic (RG=hazr-d-dip-rg) -> d-dip-ap01-nsg
2026-05-18 16:20:16.394	[INFO] [DryRun] NSG 배포 예정: d-dip-db-nsg (RG=hazr-d-dch-rg)
2026-05-18 16:20:16.413	[INFO] [DryRun] Subnet-NSG 연결 예정: hazr-d-dch-int-vnet/d-dip-db-sbn -> d-dip-db-nsg
2026-05-18 16:20:16.452	[INFO] [DryRun] NSG 배포 예정: d-dip-flk01-nsg (RG=hazr-d-dch-rg)
2026-05-18 16:20:16.506	[INFO] [DryRun] NIC-NSG 연결 예정: d-dip-flk01-nic (RG=hazr-d-dip-rg) -> d-dip-flk01-nsg
2026-05-18 16:20:16.556	[INFO] [DryRun] NSG 배포 예정: d-dip-flk02-nsg (RG=hazr-d-dch-rg)
2026-05-18 16:20:16.595	[INFO] [DryRun] NIC-NSG 연결 예정: d-dip-flk02-nic (RG=hazr-d-dip-rg) -> d-dip-flk02-nsg
2026-05-18 16:20:16.633	[INFO] [DryRun] NSG 배포 예정: d-dip-flk03-nsg (RG=hazr-d-dch-rg)
2026-05-18 16:20:16.670	[INFO] [DryRun] NIC-NSG 연결 예정: d-dip-flk03-nic (RG=hazr-d-dip-rg) -> d-dip-flk03-nsg
2026-05-18 16:20:16.715	[INFO] [DryRun] NSG 배포 예정: d-dip-geoap01-nsg (RG=hazr-d-dch-rg)
2026-05-18 16:20:16.755	[INFO] [DryRun] NIC-NSG 연결 예정: d-dip-geoap01-nic (RG=hazr-d-dip-rg) -> d-dip-geoap01-nsg
2026-05-18 16:20:16.799	[INFO] [DryRun] NSG 배포 예정: d-dip-kfk01-nsg (RG=hazr-d-dch-rg)
2026-05-18 16:20:16.844	[INFO] [DryRun] NIC-NSG 연결 예정: d-dip-kfk01-nic (RG=hazr-d-dip-rg) -> d-dip-kfk01-nsg
2026-05-18 16:20:16.922	[INFO] [DryRun] NSG 배포 예정: d-dip-kfk02-nsg (RG=hazr-d-dch-rg)
2026-05-18 16:20:16.967	[INFO] [DryRun] NIC-NSG 연결 예정: d-dip-kfk02-nic (RG=hazr-d-dip-rg) -> d-dip-kfk02-nsg
2026-05-18 16:20:17.007	[INFO] [DryRun] NSG 배포 예정: d-dip-kfk03-nsg (RG=hazr-d-dch-rg)
2026-05-18 16:20:17.050	[INFO] [DryRun] NIC-NSG 연결 예정: d-dip-kfk03-nic (RG=hazr-d-dip-rg) -> d-dip-kfk03-nsg
2026-05-18 16:20:17.094	[INFO] [DryRun] NSG 배포 예정: d-dip-mqap01-nsg (RG=hazr-d-dch-rg)
2026-05-18 16:20:17.141	[INFO] [DryRun] NIC-NSG 연결 예정: d-dip-mqap01-nic (RG=hazr-d-dip-rg) -> d-dip-mqap01-nsg
2026-05-18 16:20:17.190	[INFO] [DryRun] NSG 배포 예정: d-dip-mqweb01-nsg (RG=hazr-d-dch-rg)
2026-05-18 16:20:17.238	[INFO] [DryRun] NIC-NSG 연결 예정: d-dip-mqweb01-nic (RG=hazr-d-dip-rg) -> d-dip-mqweb01-nsg
2026-05-18 16:20:17.279	[INFO] [DryRun] NSG 배포 예정: d-dip-oms01-nsg (RG=hazr-d-dch-rg)
2026-05-18 16:20:17.330	[INFO] [DryRun] NIC-NSG 연결 예정: d-dip-oms01-nic (RG=hazr-d-dip-rg) -> d-dip-oms01-nsg
2026-05-18 16:20:17.407	[INFO] [DryRun] NSG 배포 예정: d-dip-web01-nsg (RG=hazr-d-dch-rg)
2026-05-18 16:20:17.448	[INFO] [DryRun] NIC-NSG 연결 예정: d-dip-web01-nic (RG=hazr-d-dip-rg) -> d-dip-web01-nsg
2026-05-18 16:20:17.470	[INFO] [DryRun] NSG 배포 예정: d-dis-adm01-nsg (RG=hazr-d-dch-rg)
2026-05-18 16:20:17.511	[INFO] [DryRun] NIC-NSG 연결 예정: d-dis-adm01-nic (RG=hazr-d-dis-rg) -> d-dis-adm01-nsg
2026-05-18 16:20:17.547	[INFO] [DryRun] NSG 배포 예정: d-dis-ap01-nsg (RG=hazr-d-dch-rg)
2026-05-18 16:20:17.597	[INFO] [DryRun] NIC-NSG 연결 예정: d-dis-ap01-nic (RG=hazr-d-dis-rg) -> d-dis-ap01-nsg
2026-05-18 16:20:17.636	[INFO] [DryRun] NSG 배포 예정: d-dis-bat01-nsg (RG=hazr-d-dch-rg)
2026-05-18 16:20:17.682	[INFO] [DryRun] NIC-NSG 연결 예정: d-dis-bat01-nic (RG=hazr-d-dis-rg) -> d-dis-bat01-nsg
2026-05-18 16:20:17.723	[INFO] [DryRun] NSG 배포 예정: d-dis-bbicltap01-nsg (RG=hazr-d-dch-rg)
2026-05-18 16:20:17.765	[INFO] [DryRun] NIC-NSG 연결 예정: d-dis-bbicltap01-nic (RG=hazr-d-dis-rg) -> d-dis-bbicltap01-nsg
2026-05-18 16:20:17.803	[INFO] [DryRun] NSG 배포 예정: d-dis-bbimsgap01-nsg (RG=hazr-d-dch-rg)
2026-05-18 16:20:17.840	[INFO] [DryRun] NIC-NSG 연결 예정: d-dis-bbimsgap01-nic (RG=hazr-d-dis-rg) -> d-dis-bbimsgap01-nsg
2026-05-18 16:20:17.898	[INFO] [DryRun] NSG 배포 예정: d-dis-bbiweb01-nsg (RG=hazr-d-dch-rg)
2026-05-18 16:20:17.915	[INFO] [DryRun] NIC-NSG 연결 예정: d-dis-bbiweb01-nic (RG=hazr-d-dis-rg) -> d-dis-bbiweb01-nsg
2026-05-18 16:20:17.953	[INFO] [DryRun] NSG 배포 예정: d-dis-cmbsap01-nsg (RG=hazr-d-dch-rg)
2026-05-18 16:20:17.988	[INFO] [DryRun] NIC-NSG 연결 예정: d-dis-cmbsap01-nic (RG=hazr-d-dis-rg) -> d-dis-cmbsap01-nsg
2026-05-18 16:20:18.027	[INFO] [DryRun] NSG 배포 예정: d-dis-cmsadm01-nsg (RG=hazr-d-dch-rg)
2026-05-18 16:20:18.065	[INFO] [DryRun] NIC-NSG 연결 예정: d-dis-cmsadm01-nic (RG=hazr-d-dis-rg) -> d-dis-cmsadm01-nsg
2026-05-18 16:20:18.101	[INFO] [DryRun] NSG 배포 예정: d-dis-cmsap01-nsg (RG=hazr-d-dch-rg)
2026-05-18 16:20:18.152	[INFO] [DryRun] NIC-NSG 연결 예정: d-dis-cmsap01-nic (RG=hazr-d-dis-rg) -> d-dis-cmsap01-nsg
2026-05-18 16:20:18.188	[INFO] [DryRun] NSG 배포 예정: d-dis-cmsweb01-nsg (RG=hazr-d-dch-rg)
2026-05-18 16:20:18.229	[INFO] [DryRun] NIC-NSG 연결 예정: d-dis-cmsweb01-nic (RG=hazr-d-dis-rg) -> d-dis-cmsweb01-nsg
2026-05-18 16:20:18.265	[INFO] [DryRun] NSG 배포 예정: d-dis-db-nsg (RG=hazr-d-dch-rg)
2026-05-18 16:20:18.300	[INFO] [DryRun] NIC-NSG 연결 예정: __NO_ATTACH_NIC__ (RG=hazr-d-dch-rg) -> d-dis-db-nsg
2026-05-18 16:20:18.336	[INFO] [DryRun] NSG 배포 예정: d-dis-dfir01-nsg (RG=hazr-d-dch-rg)
2026-05-18 16:20:18.375	[INFO] [DryRun] NIC-NSG 연결 예정: d-dis-dfir01-nic (RG=hazr-d-dis-rg) -> d-dis-dfir01-nsg
2026-05-18 16:20:18.414	[INFO] [DryRun] NSG 배포 예정: d-dis-drvcltap01-nsg (RG=hazr-d-dch-rg)
2026-05-18 16:20:18.451	[INFO] [DryRun] NIC-NSG 연결 예정: d-dis-drvcltap01-nic (RG=hazr-d-dis-rg) -> d-dis-drvcltap01-nsg
2026-05-18 16:20:18.517	[INFO] [DryRun] NSG 배포 예정: d-dis-drvmsgap01-nsg (RG=hazr-d-dch-rg)
2026-05-18 16:20:18.577	[INFO] [DryRun] NIC-NSG 연결 예정: d-dis-drvmsgap01-nic (RG=hazr-d-dis-rg) -> d-dis-drvmsgap01-nsg
2026-05-18 16:20:18.625	[INFO] [DryRun] NSG 배포 예정: d-dis-pe-nsg (RG=hazr-d-dch-rg)
2026-05-18 16:20:18.688	[INFO] [DryRun] Subnet-NSG 연결 예정: hazr-d-dch-int-vnet/d-dis-pe-sbn -> d-dis-pe-nsg
2026-05-18 16:20:18.747	[INFO] [DryRun] NSG 배포 예정: d-dis-walkap01-nsg (RG=hazr-d-dch-rg)
2026-05-18 16:20:18.805	[INFO] [DryRun] NIC-NSG 연결 예정: d-dis-walkap01-nic (RG=hazr-d-dis-rg) -> d-dis-walkap01-nsg
2026-05-18 16:20:18.874	[INFO] [DryRun] NSG 배포 예정: d-dis-walkweb01-nsg (RG=hazr-d-dch-rg)
2026-05-18 16:20:18.928	[INFO] [DryRun] NIC-NSG 연결 예정: d-dis-walkweb01-nic (RG=hazr-d-dis-rg) -> d-dis-walkweb01-nsg
2026-05-18 16:20:18.987	[INFO] [DryRun] NSG 배포 예정: d-dis-web01-nsg (RG=hazr-d-dch-rg)
2026-05-18 16:20:19.036	[INFO] [DryRun] NIC-NSG 연결 예정: d-dis-web01-nic (RG=hazr-d-dis-rg) -> d-dis-web01-nsg
2026-05-18 16:20:19.073	[INFO] [DryRun] NSG 배포 예정: d-doip-adm01-nsg (RG=hazr-d-dch-rg)
2026-05-18 16:20:19.114	[INFO] [DryRun] NIC-NSG 연결 예정: d-doip-adm01-nic (RG=hazr-d-doip-rg) -> d-doip-adm01-nsg
2026-05-18 16:20:19.151	[INFO] [DryRun] NSG 배포 예정: d-doip-ap01-nsg (RG=hazr-d-dch-rg)
2026-05-18 16:20:19.187	[INFO] [DryRun] NIC-NSG 연결 예정: d-doip-ap01-nic (RG=hazr-d-doip-rg) -> d-doip-ap01-nsg
2026-05-18 16:20:19.224	[INFO] [DryRun] NSG 배포 예정: d-doip-db-nsg (RG=hazr-d-dch-rg)
2026-05-18 16:20:19.268	[INFO] [DryRun] Subnet-NSG 연결 예정: hazr-d-dch-int-vnet/d-doip-db-sbn -> d-doip-db-nsg
2026-05-18 16:20:19.304	[INFO] [DryRun] NSG 배포 예정: d-doip-pe-nsg (RG=hazr-d-dch-rg)
2026-05-18 16:20:19.340	[INFO] [DryRun] Subnet-NSG 연결 예정: hazr-d-dch-int-vnet/d-doip-pe-sbn -> d-doip-pe-nsg
2026-05-18 16:20:19.373	[INFO] [DryRun] NSG 배포 예정: d-doip-web01-nsg (RG=hazr-d-dch-rg)
2026-05-18 16:20:19.420	[INFO] [DryRun] NIC-NSG 연결 예정: d-doip-web01-nic (RG=hazr-d-doip-rg) -> d-doip-web01-nsg
2026-05-18 16:20:19.506	[INFO] [DryRun] NSG 배포 예정: d-dtg-admap01-nsg (RG=hazr-d-dch-rg)
2026-05-18 16:20:19.544	[INFO] [DryRun] NIC-NSG 연결 예정: d-dtg-admap01-nic (RG=hazr-d-dtg-rg) -> d-dtg-admap01-nsg
2026-05-18 16:20:19.581	[INFO] [DryRun] NSG 배포 예정: d-dtg-admweb01-nsg (RG=hazr-d-dch-rg)
2026-05-18 16:20:19.619	[INFO] [DryRun] NIC-NSG 연결 예정: d-dtg-admweb01-nic (RG=hazr-d-dtg-rg) -> d-dtg-admweb01-nsg
2026-05-18 16:20:19.657	[INFO] [DryRun] NSG 배포 예정: d-dtg-ap01-nsg (RG=hazr-d-dch-rg)
2026-05-18 16:20:19.691	[INFO] [DryRun] NIC-NSG 연결 예정: d-dtg-ap01-nic (RG=hazr-d-dtg-rg) -> d-dtg-ap01-nsg
2026-05-18 16:20:19.738	[INFO] [DryRun] NSG 배포 예정: d-dtg-cdmlap01-nsg (RG=hazr-d-dch-rg)
2026-05-18 16:20:19.799	[INFO] [DryRun] NIC-NSG 연결 예정: d-dtg-cdmlap01-nic (RG=hazr-d-dtg-rg) -> d-dtg-cdmlap01-nsg
2026-05-18 16:20:19.839	[INFO] [DryRun] NSG 배포 예정: d-dtg-cdstap01-nsg (RG=hazr-d-dch-rg)
2026-05-18 16:20:19.875	[INFO] [DryRun] NIC-NSG 연결 예정: d-dtg-cdstap01-nic (RG=hazr-d-dtg-rg) -> d-dtg-cdstap01-nsg
2026-05-18 16:20:19.912	[INFO] [DryRun] NSG 배포 예정: d-dtg-cdsvadm01-nsg (RG=hazr-d-dch-rg)
2026-05-18 16:20:19.946	[INFO] [DryRun] NIC-NSG 연결 예정: d-dtg-cdsvadm01-nic (RG=hazr-d-dtg-rg) -> d-dtg-cdsvadm01-nsg
2026-05-18 16:20:19.981	[INFO] [DryRun] NSG 배포 예정: d-dtg-diosap01-nsg (RG=hazr-d-dch-rg)
2026-05-18 16:20:20.019	[INFO] [DryRun] NIC-NSG 연결 예정: d-dtg-diosap01-nic (RG=hazr-d-dtg-rg) -> d-dtg-diosap01-nsg
2026-05-18 16:20:20.056	[INFO] [DryRun] NSG 배포 예정: d-dtg-diosweb01-nsg (RG=hazr-d-dch-rg)
2026-05-18 16:20:20.089	[INFO] [DryRun] NIC-NSG 연결 예정: d-dtg-diosweb01-nic (RG=hazr-d-dtg-rg) -> d-dtg-diosweb01-nsg
2026-05-18 16:20:20.123	[INFO] [DryRun] NSG 배포 예정: d-dtg-dprap01-nsg (RG=hazr-d-dch-rg)
2026-05-18 16:20:20.158	[INFO] [DryRun] NIC-NSG 연결 예정: d-dtg-dprap01-nic (RG=hazr-d-dtg-rg) -> d-dtg-dprap01-nsg
2026-05-18 16:20:20.195	[INFO] [DryRun] NSG 배포 예정: d-dtg-dprweb01-nsg (RG=hazr-d-dch-rg)
2026-05-18 16:20:20.246	[INFO] [DryRun] NIC-NSG 연결 예정: d-dtg-dprweb01-nic (RG=hazr-d-dtg-rg) -> d-dtg-dprweb01-nsg
2026-05-18 16:20:20.283	[INFO] [DryRun] NSG 배포 예정: d-dtg-dtoms01-nsg (RG=hazr-d-dch-rg)
2026-05-18 16:20:20.317	[INFO] [DryRun] NIC-NSG 연결 예정: d-dtg-dtoms01-nic (RG=hazr-d-dtg-rg) -> d-dtg-dtoms01-nsg
2026-05-18 16:20:20.355	[INFO] [DryRun] NSG 배포 예정: d-dtg-extgeoap01-nsg (RG=hazr-d-dch-rg)
2026-05-18 16:20:20.391	[INFO] [DryRun] NIC-NSG 연결 예정: d-dtg-extgeoap01-nic (RG=hazr-d-dtg-rg) -> d-dtg-extgeoap01-nsg
2026-05-18 16:20:20.427	[INFO] [DryRun] NSG 배포 예정: d-dtg-geoap01-nsg (RG=hazr-d-dch-rg)
2026-05-18 16:20:20.462	[INFO] [DryRun] NIC-NSG 연결 예정: d-dtg-geoap01-nic (RG=hazr-d-dtg-rg) -> d-dtg-geoap01-nsg
2026-05-18 16:20:20.497	[INFO] [DryRun] NSG 배포 예정: d-dtg-ingap01-nsg (RG=hazr-d-dch-rg)
2026-05-18 16:20:20.532	[INFO] [DryRun] NIC-NSG 연결 예정: d-dtg-ingap01-nic (RG=hazr-d-dtg-rg) -> d-dtg-ingap01-nsg
2026-05-18 16:20:20.571	[INFO] [DryRun] NSG 배포 예정: d-dtg-kfk01-nsg (RG=hazr-d-dch-rg)
2026-05-18 16:20:20.605	[INFO] [DryRun] NIC-NSG 연결 예정: d-dtg-kfk01-nic (RG=hazr-d-dtg-rg) -> d-dtg-kfk01-nsg
2026-05-18 16:20:20.642	[INFO] [DryRun] NSG 배포 예정: d-dtg-kfk02-nsg (RG=hazr-d-dch-rg)
2026-05-18 16:20:20.674	[INFO] [DryRun] NIC-NSG 연결 예정: d-dtg-kfk02-nic (RG=hazr-d-dtg-rg) -> d-dtg-kfk02-nsg
2026-05-18 16:20:20.707	[INFO] [DryRun] NSG 배포 예정: d-dtg-kfk03-nsg (RG=hazr-d-dch-rg)
2026-05-18 16:20:20.742	[INFO] [DryRun] NIC-NSG 연결 예정: d-dtg-kfk03-nic (RG=hazr-d-dtg-rg) -> d-dtg-kfk03-nsg
2026-05-18 16:20:20.779	[INFO] [DryRun] NSG 배포 예정: d-dtg-mdoms01-nsg (RG=hazr-d-dch-rg)
2026-05-18 16:20:20.812	[INFO] [DryRun] NIC-NSG 연결 예정: d-dtg-mdoms01-nic (RG=hazr-d-dtg-rg) -> d-dtg-mdoms01-nsg
2026-05-18 16:20:20.848	[INFO] [DryRun] NSG 배포 예정: d-dtg-mq01-nsg (RG=hazr-d-dch-rg)
2026-05-18 16:20:20.864	[INFO] [DryRun] NIC-NSG 연결 예정: d-dtg-mq01-nic (RG=hazr-d-dtg-rg) -> d-dtg-mq01-nsg
2026-05-18 16:20:20.898	[INFO] [DryRun] NSG 배포 예정: d-dtg-tsdb01-nsg (RG=hazr-d-dch-rg)
2026-05-18 16:20:20.932	[INFO] [DryRun] NIC-NSG 연결 예정: d-dtg-tsdb01-nic (RG=hazr-d-dtg-rg) -> d-dtg-tsdb01-nsg
2026-05-18 16:20:20.948	[INFO] [DryRun] NSG 배포 예정: d-dtg-web01-nsg (RG=hazr-d-dch-rg)
2026-05-18 16:20:20.988	[INFO] [DryRun] NIC-NSG 연결 예정: d-dtg-web01-nic (RG=hazr-d-dtg-rg) -> d-dtg-web01-nsg
2026-05-18 16:20:21.022	[INFO] [DryRun] NSG 배포 예정: d-dtg-zkp01-nsg (RG=hazr-d-dch-rg)
2026-05-18 16:20:21.055	[INFO] [DryRun] NIC-NSG 연결 예정: d-dtg-zkp01-nic (RG=hazr-d-dtg-rg) -> d-dtg-zkp01-nsg
2026-05-18 16:20:21.091	[INFO] [DryRun] NSG 배포 예정: d-dtg-zkp02-nsg (RG=hazr-d-dch-rg)
2026-05-18 16:20:21.126	[INFO] [DryRun] NIC-NSG 연결 예정: d-dtg-zkp02-nic (RG=hazr-d-dtg-rg) -> d-dtg-zkp02-nsg
2026-05-18 16:20:21.163	[INFO] [DryRun] NSG 배포 예정: d-dtg-zkp03-nsg (RG=hazr-d-dch-rg)
2026-05-18 16:20:21.196	[INFO] [DryRun] NIC-NSG 연결 예정: d-dtg-zkp03-nic (RG=hazr-d-dtg-rg) -> d-dtg-zkp03-nsg
2026-05-18 16:20:21.237	[INFO] [DryRun] NSG 배포 예정: d-if-db-nsg (RG=hazr-d-dch-rg)
2026-05-18 16:20:21.271	[INFO] [DryRun] Subnet-NSG 연결 예정: hazr-d-dch-int-vnet/d-if-db-sbn -> d-if-db-nsg
2026-05-18 16:20:21.306	[INFO] [DryRun] NSG 배포 예정: d-if-gramon01-nsg (RG=hazr-d-dch-rg)
2026-05-18 16:20:21.340	[INFO] [DryRun] NIC-NSG 연결 예정: d-if-gramon01-nic (RG=hazr-d-if-rg) -> d-if-gramon01-nsg
2026-05-18 16:20:21.386	[INFO] [DryRun] NSG 배포 예정: d-if-pe-nsg (RG=hazr-d-dch-rg)
2026-05-18 16:20:21.423	[INFO] [DryRun] Subnet-NSG 연결 예정: hazr-d-dch-int-vnet/d-if-pe-sbn -> d-if-pe-nsg
2026-05-18 16:20:21.459	[INFO] [DryRun] NSG 배포 예정: d-puls-db-nsg (RG=hazr-d-dch-rg)
2026-05-18 16:20:21.515	[INFO] [DryRun] Subnet-NSG 연결 예정: hazr-d-dch-int-vnet/d-puls-db-sbn -> d-puls-db-nsg
2026-05-18 16:20:21.559	[INFO] [DryRun] NSG 배포 예정: d-puls-pe-nsg (RG=hazr-d-dch-rg)
2026-05-18 16:20:21.596	[INFO] [DryRun] Subnet-NSG 연결 예정: hazr-d-dch-int-vnet/d-puls-pe-sbn -> d-puls-pe-nsg
2026-05-18 16:20:21.653	[INFO] [END] Deploy-Nsgs
2026-05-18 16:20:21.691	[INFO] [END] Script
2026-05-20 17:09:01.546	[INFO] [START] Script
2026-05-20 17:09:01.570	[INFO] [START] Initialize-Modules
2026-05-20 17:09:18.082	[INFO] [END] Initialize-Modules
2026-05-20 17:09:18.170	[WARN] 지정한 Excel 파일을 찾지 못해 최신 파일을 사용합니다: C:\Users\zenithn\PowerShell - 리소스 배포\서버정보\20260422_리소스배포_테스트.xlsx
2026-05-20 17:09:18.208	[INFO] [START] Ensure-AzSession
2026-05-20 17:09:22.825	[INFO] [END] Ensure-AzSession
2026-05-20 17:09:22.908	[INFO] [START] Validate-Inputs
2026-05-20 17:09:23.427	[INFO] Excel 시트 로드: LB
2026-05-20 17:09:23.929	[INFO] Excel 시트 로드: LB_Probe
2026-05-20 17:09:24.231	[INFO] Excel 시트 로드: LB_Rule
2026-05-20 17:09:24.638	[INFO] [END] Validate-Inputs
2026-05-20 17:09:24.708	[INFO] [START] Deploy-LoadBalancers
2026-05-20 17:09:24.887	[INFO] Excel 시트 로드: LB
2026-05-20 17:09:25.330	[INFO] Excel 시트 로드: LB_Probe
2026-05-20 17:09:25.632	[INFO] Excel 시트 로드: LB_Rule
2026-05-20 17:09:25.901	[INFO] [DryRun] 리소스 그룹 생성 예정: hazr-t-bdp-rg (koreacentral)
2026-05-20 17:09:25.935	[INFO] [DryRun] LB 배포 예정: hazr-t-bdp-crkap-lb (RG=hazr-t-bdp-rg, FE=t-bdp-crkap-lb-fe, Pool=t-bdp-crkap-lb-bp)
2026-05-20 17:09:25.998	[INFO] [DryRun] LB Rule 배포 예정: hazr-t-bdp-crkap-lb/t-bdp-crkap-lb-rule8085
2026-05-20 17:09:26.044	[INFO] [DryRun] 리소스 그룹 생성 예정: hazr-t-bdp-rg (koreacentral)
2026-05-20 17:09:26.110	[INFO] [DryRun] LB 배포 예정: hazr-t-bdp-crkml-lb (RG=hazr-t-bdp-rg, FE=t-bdp-crkml-lb-fe, Pool=t-bdp-crkml-lb-bp)
2026-05-20 17:09:26.163	[INFO] [DryRun] LB Rule 배포 예정: hazr-t-bdp-crkml-lb/t-bdp-crkml-lb-rule8082
2026-05-20 17:09:26.203	[INFO] [DryRun] 리소스 그룹 생성 예정: hazr-t-bdp-rg (koreacentral)
2026-05-20 17:09:26.238	[INFO] [DryRun] LB 배포 예정: hazr-t-bdp-crkweb-lb (RG=hazr-t-bdp-rg, FE=t-bdp-crkweb-lb-fe, Pool=t-bdp-crkweb-lb-bp)
2026-05-20 17:09:26.322	[INFO] [DryRun] LB Rule 배포 예정: hazr-t-bdp-crkweb-lb/t-bdp-crkweb-lb-rule443
2026-05-20 17:09:26.364	[INFO] [DryRun] 리소스 그룹 생성 예정: hazr-t-bdp-rg (koreacentral)
2026-05-20 17:09:26.414	[INFO] [DryRun] LB 배포 예정: hazr-t-bdp-cxmadm-lb (RG=hazr-t-bdp-rg, FE=t-bdp-cxmadm-lb-fe, Pool=t-bdp-cxmadm-lb-bp)
2026-05-20 17:09:26.469	[INFO] [DryRun] LB Rule 배포 예정: hazr-t-bdp-cxmadm-lb/t-bdp-cxmadm-lb-rule443
2026-05-20 17:09:26.512	[INFO] [DryRun] 리소스 그룹 생성 예정: hazr-t-bdp-rg (koreacentral)
2026-05-20 17:09:26.550	[INFO] [DryRun] LB 배포 예정: hazr-t-bdp-slap-lb (RG=hazr-t-bdp-rg, FE=t-bdp-slap-lb-fe, Pool=t-bdp-slap-lb-bp)
2026-05-20 17:09:26.593	[INFO] [DryRun] LB Rule 배포 예정: hazr-t-bdp-slap-lb/t-bdp-slap-lb-rule443
2026-05-20 17:09:26.634	[INFO] [DryRun] 리소스 그룹 생성 예정: hazr-t-com-rg (koreacentral)
2026-05-20 17:09:26.669	[INFO] [DryRun] LB 배포 예정: hazr-t-com-auth-lb (RG=hazr-t-com-rg, FE=t-com-auth-lb-fe, Pool=t-com-auth-lb-bp)
2026-05-20 17:09:26.713	[INFO] [DryRun] LB Rule 배포 예정: hazr-t-com-auth-lb/t-com-auth-lb-rule8088
2026-05-20 17:09:26.735	[INFO] [DryRun] LB Rule 배포 예정: hazr-t-com-auth-lb/t-com-auth-lb-rule9003
2026-05-20 17:09:26.769	[INFO] [DryRun] LB Rule 배포 예정: hazr-t-com-auth-lb/t-com-auth-lb-rule9005
2026-05-20 17:09:26.809	[INFO] [DryRun] 리소스 그룹 생성 예정: hazr-t-com-rg (koreacentral)
2026-05-20 17:09:26.848	[INFO] [DryRun] LB 배포 예정: hazr-t-com-proxy-lb (RG=hazr-t-com-rg, FE=t-com-proxy-lb-fe, Pool=t-com-proxy-lb-bp)
2026-05-20 17:09:26.887	[INFO] [DryRun] LB Rule 배포 예정: hazr-t-com-proxy-lb/t-com-proxy-lb-rule443
2026-05-20 17:09:26.927	[INFO] [DryRun] LB Rule 배포 예정: hazr-t-com-proxy-lb/t-com-proxy-lb-rule8080
2026-05-20 17:09:26.972	[INFO] [DryRun] 리소스 그룹 생성 예정: hazr-t-cs-rg (koreacentral)
2026-05-20 17:09:27.019	[INFO] [DryRun] LB 배포 예정: hazr-t-cs-chtap-lb (RG=hazr-t-cs-rg, FE=t-cs-chtap-lb-fe, Pool=t-cs-chtap-lb-bp)
2026-05-20 17:09:27.061	[INFO] [DryRun] 리소스 그룹 생성 예정: hazr-t-cs-rg (koreacentral)
2026-05-20 17:09:27.100	[INFO] [DryRun] LB 배포 예정: hazr-t-cs-chtintweb-lb (RG=hazr-t-cs-rg, FE=t-cs-chtintweb-lb-fe, Pool=t-cs-chtintweb-lb-bp)
2026-05-20 17:09:27.133	[INFO] [DryRun] 리소스 그룹 생성 예정: hazr-t-cs-rg (koreacentral)
2026-05-20 17:09:27.160	[INFO] [DryRun] LB 배포 예정: hazr-t-cs-chtweb-lb (RG=hazr-t-cs-rg, FE=t-cs-chtweb-lb-fe, Pool=t-cs-chtweb-lb-bp)
2026-05-20 17:09:27.240	[INFO] [DryRun] 리소스 그룹 생성 예정: hazr-t-dip-rg (koreacentral)
2026-05-20 17:09:27.286	[INFO] [DryRun] LB 배포 예정: hazr-t-dip-adm-lb (RG=hazr-t-dip-rg, FE=t-dip-adm-lb-fe, Pool=t-dip-adm-lb-bp)
2026-05-20 17:09:27.334	[INFO] [DryRun] LB Rule 배포 예정: hazr-t-dip-adm-lb/t-dip-adm-lb-rule443
2026-05-20 17:09:27.372	[INFO] [DryRun] LB Rule 배포 예정: hazr-t-dip-adm-lb/t-dip-adm-lb-rule8085
2026-05-20 17:09:27.407	[INFO] [DryRun] LB Rule 배포 예정: hazr-t-dip-adm-lb/t-dip-adm-lb-rule8900
2026-05-20 17:09:27.442	[INFO] [DryRun] LB Rule 배포 예정: hazr-t-dip-adm-lb/t-dip-adm-lb-rule8901
2026-05-20 17:09:27.479	[INFO] [DryRun] LB Rule 배포 예정: hazr-t-dip-adm-lb/t-dip-adm-lb-rule9100
2026-05-20 17:09:27.517	[INFO] [DryRun] 리소스 그룹 생성 예정: hazr-t-dip-rg (koreacentral)
2026-05-20 17:09:27.554	[INFO] [DryRun] LB 배포 예정: hazr-t-dip-ap-lb (RG=hazr-t-dip-rg, FE=t-dip-ap-lb-fe, Pool=t-dip-ap-lb-bp)
2026-05-20 17:09:27.599	[INFO] [DryRun] LB Rule 배포 예정: hazr-t-dip-ap-lb/t-dip-ap-lb-rule443
2026-05-20 17:09:27.632	[INFO] [DryRun] LB Rule 배포 예정: hazr-t-dip-ap-lb/t-dip-ap-lb-rule8100
2026-05-20 17:09:27.665	[INFO] [DryRun] LB Rule 배포 예정: hazr-t-dip-ap-lb/t-dip-ap-lb-rule8200
2026-05-20 17:09:27.696	[INFO] [DryRun] LB Rule 배포 예정: hazr-t-dip-ap-lb/t-dip-ap-lb-rule8300
2026-05-20 17:09:27.749	[INFO] [DryRun] LB Rule 배포 예정: hazr-t-dip-ap-lb/t-dip-ap-lb-rule8400
2026-05-20 17:09:27.788	[INFO] [DryRun] LB Rule 배포 예정: hazr-t-dip-ap-lb/t-dip-ap-lb-rule9100
2026-05-20 17:09:27.825	[INFO] [DryRun] LB Rule 배포 예정: hazr-t-dip-ap-lb/t-dip-ap-lb-rule9113
2026-05-20 17:09:27.858	[INFO] [DryRun] 리소스 그룹 생성 예정: hazr-t-dip-rg (koreacentral)
2026-05-20 17:09:27.896	[INFO] [DryRun] LB 배포 예정: hazr-t-dip-flk-lb (RG=hazr-t-dip-rg, FE=t-dip-flk-lb-fe, Pool=t-dip-flk-lb-bp)
2026-05-20 17:09:27.936	[INFO] [DryRun] 리소스 그룹 생성 예정: hazr-t-dip-rg (koreacentral)
2026-05-20 17:09:27.967	[INFO] [DryRun] LB 배포 예정: hazr-t-dip-geoap-lb (RG=hazr-t-dip-rg, FE=t-dip-geoap-lb-fe, Pool=t-dip-geoap-lb-bp)
2026-05-20 17:09:28.004	[INFO] [DryRun] LB Rule 배포 예정: hazr-t-dip-geoap-lb/t-dip-geoap-lb-rule3660
2026-05-20 17:09:28.040	[INFO] [DryRun] LB Rule 배포 예정: hazr-t-dip-geoap-lb/t-dip-geoap-lb-rule3661
2026-05-20 17:09:28.074	[INFO] [DryRun] LB Rule 배포 예정: hazr-t-dip-geoap-lb/t-dip-geoap-lb-rule3670
2026-05-20 17:09:28.110	[INFO] [DryRun] LB Rule 배포 예정: hazr-t-dip-geoap-lb/t-dip-geoap-lb-rule3671
2026-05-20 17:09:28.143	[INFO] [DryRun] LB Rule 배포 예정: hazr-t-dip-geoap-lb/t-dip-geoap-lb-rule9100
2026-05-20 17:09:28.178	[INFO] [DryRun] 리소스 그룹 생성 예정: hazr-t-dip-rg (koreacentral)
2026-05-20 17:09:28.210	[INFO] [DryRun] LB 배포 예정: hazr-t-dip-mqap-lb (RG=hazr-t-dip-rg, FE=t-dip-mqap-lb-fe, Pool=t-dip-mqap-lb-bp)
2026-05-20 17:09:28.247	[INFO] [DryRun] LB Rule 배포 예정: hazr-t-dip-mqap-lb/t-dip-mqap-lb-rule1883
2026-05-20 17:09:28.280	[INFO] [DryRun] LB Rule 배포 예정: hazr-t-dip-mqap-lb/t-dip-mqap-lb-rule1884
2026-05-20 17:09:28.313	[INFO] [DryRun] LB Rule 배포 예정: hazr-t-dip-mqap-lb/t-dip-mqap-lb-rule18083
2026-05-20 17:09:28.344	[INFO] [DryRun] LB Rule 배포 예정: hazr-t-dip-mqap-lb/t-dip-mqap-lb-rule9100
2026-05-20 17:09:28.379	[INFO] [DryRun] 리소스 그룹 생성 예정: hazr-t-dip-rg (koreacentral)
2026-05-20 17:09:28.412	[INFO] [DryRun] LB 배포 예정: hazr-t-dip-mqweb-lb (RG=hazr-t-dip-rg, FE=t-dip-mqweb-lb-fe, Pool=t-dip-mqweb-lb-bp)
2026-05-20 17:09:28.449	[INFO] [DryRun] LB Rule 배포 예정: hazr-t-dip-mqweb-lb/t-dip-mqweb-lb-rule8883
2026-05-20 17:09:28.482	[INFO] [DryRun] LB Rule 배포 예정: hazr-t-dip-mqweb-lb/t-dip-mqweb-lb-rule1884
2026-05-20 17:09:28.519	[INFO] [DryRun] LB Rule 배포 예정: hazr-t-dip-mqweb-lb/t-dip-mqweb-lb-rule9100
2026-05-20 17:09:28.551	[INFO] [DryRun] 리소스 그룹 생성 예정: hazr-t-dip-rg (koreacentral)
2026-05-20 17:09:28.578	[INFO] [DryRun] LB 배포 예정: hazr-t-dip-web-lb (RG=hazr-t-dip-rg, FE=t-dip-web-lb-fe, Pool=t-dip-web-lb-bp)
2026-05-20 17:09:28.616	[INFO] [DryRun] LB Rule 배포 예정: hazr-t-dip-web-lb/t-dip-web-lb-rule443
2026-05-20 17:09:28.650	[INFO] [DryRun] LB Rule 배포 예정: hazr-t-dip-web-lb/t-dip-web-lb-rule9100
2026-05-20 17:09:28.685	[INFO] [DryRun] 리소스 그룹 생성 예정: hazr-t-dis-rg (koreacentral)
2026-05-20 17:09:28.712	[INFO] [DryRun] LB 배포 예정: hazr-t-dis-adm-lb (RG=hazr-t-dis-rg, FE=t-dis-adm-lb-fe, Pool=t-dis-adm-lb-bp)
2026-05-20 17:09:28.757	[INFO] [DryRun] LB Rule 배포 예정: hazr-t-dis-adm-lb/t-dis-adm-lb-rule443
2026-05-20 17:09:28.796	[INFO] [DryRun] 리소스 그룹 생성 예정: hazr-t-dis-rg (koreacentral)
2026-05-20 17:09:28.836	[INFO] [DryRun] LB 배포 예정: hazr-t-dis-ap-lb (RG=hazr-t-dis-rg, FE=t-dis-ap-lb-fe, Pool=t-dis-ap-lb-bp)
2026-05-20 17:09:28.872	[INFO] [DryRun] LB Rule 배포 예정: hazr-t-dis-ap-lb/t-dis-ap-lb-rule8080
2026-05-20 17:09:28.905	[INFO] [DryRun] 리소스 그룹 생성 예정: hazr-t-dis-rg (koreacentral)
2026-05-20 17:09:28.937	[INFO] [DryRun] LB 배포 예정: hazr-t-dis-bbicltap-lb (RG=hazr-t-dis-rg, FE=t-dis-bbicltap-lb-fe, Pool=t-dis-bbicltap-lb-bp)
2026-05-20 17:09:28.975	[INFO] [DryRun] LB Rule 배포 예정: hazr-t-dis-bbicltap-lb/t-dis-bbicltap-lb-rule20000
2026-05-20 17:09:29.010	[INFO] [DryRun] LB Rule 배포 예정: hazr-t-dis-bbicltap-lb/t-dis-bbicltap-lb-rule21000
2026-05-20 17:09:29.042	[INFO] [DryRun] LB Rule 배포 예정: hazr-t-dis-bbicltap-lb/t-dis-bbicltap-lb-rule22000
2026-05-20 17:09:29.079	[INFO] [DryRun] 리소스 그룹 생성 예정: hazr-t-dis-rg (koreacentral)
2026-05-20 17:09:29.110	[INFO] [DryRun] LB 배포 예정: hazr-t-dis-bbimsgap-lb (RG=hazr-t-dis-rg, FE=t-dis-bbimsgap-lb-fe, Pool=t-dis-bbimsgap-lb-bp)
2026-05-20 17:09:29.148	[INFO] [DryRun] LB Rule 배포 예정: hazr-t-dis-bbimsgap-lb/t-dis-bbimsgap-lb-rule20030
2026-05-20 17:09:29.185	[INFO] [DryRun] 리소스 그룹 생성 예정: hazr-t-dis-rg (koreacentral)
2026-05-20 17:09:29.204	[INFO] [DryRun] LB 배포 예정: hazr-t-dis-bbiweb-lb (RG=hazr-t-dis-rg, FE=t-dis-bbiweb-lb-fe, Pool=t-dis-bbiweb-lb-bp)
2026-05-20 17:09:29.239	[INFO] [DryRun] LB Rule 배포 예정: hazr-t-dis-bbiweb-lb/t-dis-bbiweb-lb-rule443
2026-05-20 17:09:29.272	[INFO] [DryRun] 리소스 그룹 생성 예정: hazr-t-dis-rg (koreacentral)
2026-05-20 17:09:29.305	[INFO] [DryRun] LB 배포 예정: hazr-t-dis-cmbsap-lb (RG=hazr-t-dis-rg, FE=t-dis-cmbsap-lb-fe, Pool=t-dis-cmbsap-lb-bp)
2026-05-20 17:09:29.347	[INFO] [DryRun] LB Rule 배포 예정: hazr-t-dis-cmbsap-lb/t-dis-cmbsap-lb-rule8080
2026-05-20 17:09:29.366	[INFO] [DryRun] 리소스 그룹 생성 예정: hazr-t-dis-rg (koreacentral)
2026-05-20 17:09:29.398	[INFO] [DryRun] LB 배포 예정: hazr-t-dis-cmsadm-lb (RG=hazr-t-dis-rg, FE=t-dis-cmsadm-lb-fe, Pool=t-dis-cmsadm-lb-bp)
2026-05-20 17:09:29.437	[INFO] [DryRun] LB Rule 배포 예정: hazr-t-dis-cmsadm-lb/t-dis-cmsadm-lb-rule443
2026-05-20 17:09:29.470	[INFO] [DryRun] 리소스 그룹 생성 예정: hazr-t-dis-rg (koreacentral)
2026-05-20 17:09:29.506	[INFO] [DryRun] LB 배포 예정: hazr-t-dis-cmsap-lb (RG=hazr-t-dis-rg, FE=t-dis-cmsap-lb-fe, Pool=t-dis-cmsap-lb-bp)
2026-05-20 17:09:29.541	[INFO] [DryRun] LB Rule 배포 예정: hazr-t-dis-cmsap-lb/t-dis-cmsap-lb-rule4001
2026-05-20 17:09:29.574	[INFO] [DryRun] 리소스 그룹 생성 예정: hazr-t-dis-rg (koreacentral)
2026-05-20 17:09:29.614	[INFO] [DryRun] LB 배포 예정: hazr-t-dis-cmsweb-lb (RG=hazr-t-dis-rg, FE=t-dis-cmsweb-lb-fe, Pool=t-dis-cmsweb-lb-bp)
2026-05-20 17:09:29.652	[INFO] [DryRun] LB Rule 배포 예정: hazr-t-dis-cmsweb-lb/t-dis-cmsweb-lb-rule80
2026-05-20 17:09:29.686	[INFO] [DryRun] LB Rule 배포 예정: hazr-t-dis-cmsweb-lb/t-dis-cmsweb-lb-rule443
2026-05-20 17:09:29.719	[INFO] [DryRun] 리소스 그룹 생성 예정: hazr-t-dis-rg (koreacentral)
2026-05-20 17:09:29.751	[INFO] [DryRun] LB 배포 예정: hazr-t-dis-drvcltap-lb (RG=hazr-t-dis-rg, FE=t-dis-drvcltap-lb-fe, Pool=t-dis-drvcltap-lb-bp)
2026-05-20 17:09:29.788	[INFO] [DryRun] LB Rule 배포 예정: hazr-t-dis-drvcltap-lb/t-dis-drvcltap-lb-rule8081
2026-05-20 17:09:29.822	[INFO] [DryRun] 리소스 그룹 생성 예정: hazr-t-dis-rg (koreacentral)
2026-05-20 17:09:29.852	[INFO] [DryRun] LB 배포 예정: hazr-t-dis-drvmsgap-lb (RG=hazr-t-dis-rg, FE=t-dis-drvmsgap-lb-fe, Pool=t-dis-drvmsgap-lb-bp)
2026-05-20 17:09:29.893	[INFO] [DryRun] LB Rule 배포 예정: hazr-t-dis-drvmsgap-lb/t-dis-drvmsgap-lb-rule8080
2026-05-20 17:09:29.928	[INFO] [DryRun] 리소스 그룹 생성 예정: hazr-t-dis-rg (koreacentral)
2026-05-20 17:09:29.959	[INFO] [DryRun] LB 배포 예정: hazr-t-dis-walkap-lb (RG=hazr-t-dis-rg, FE=t-dis-walkap-lb-fe, Pool=t-dis-walkap-lb-bp)
2026-05-20 17:09:30.024	[INFO] [DryRun] LB Rule 배포 예정: hazr-t-dis-walkap-lb/t-dis-walkap-lb-rule8080
2026-05-20 17:09:30.061	[INFO] [DryRun] 리소스 그룹 생성 예정: hazr-t-dis-rg (koreacentral)
2026-05-20 17:09:30.096	[INFO] [DryRun] LB 배포 예정: hazr-t-dis-walkweb-lb (RG=hazr-t-dis-rg, FE=t-dis-walkweb-lb-fe, Pool=t-dis-walkweb-lb-bp)
2026-05-20 17:09:30.132	[INFO] [DryRun] LB Rule 배포 예정: hazr-t-dis-walkweb-lb/t-dis-walkweb-lb-rule443
2026-05-20 17:09:30.163	[INFO] [DryRun] 리소스 그룹 생성 예정: hazr-t-dis-rg (koreacentral)
2026-05-20 17:09:30.196	[INFO] [DryRun] LB 배포 예정: hazr-t-dis-web-lb (RG=hazr-t-dis-rg, FE=t-dis-web-lb-fe, Pool=t-dis-web-lb-bp)
2026-05-20 17:09:30.215	[INFO] [DryRun] LB Rule 배포 예정: hazr-t-dis-web-lb/t-dis-web-lb-rule80
2026-05-20 17:09:30.248	[INFO] [DryRun] LB Rule 배포 예정: hazr-t-dis-web-lb/t-dis-web-lb-rule443
2026-05-20 17:09:30.281	[INFO] [DryRun] 리소스 그룹 생성 예정: hazr-t-doip-rg (koreacentral)
2026-05-20 17:09:30.314	[INFO] [DryRun] LB 배포 예정: hazr-t-doip-adm-lb (RG=hazr-t-doip-rg, FE=t-doip-adm-lb-fe, Pool=t-doip-adm-lb-bp)
2026-05-20 17:09:30.356	[INFO] [DryRun] 리소스 그룹 생성 예정: hazr-t-doip-rg (koreacentral)
2026-05-20 17:09:30.389	[INFO] [DryRun] LB 배포 예정: hazr-t-doip-ap-lb (RG=hazr-t-doip-rg, FE=t-doip-ap-lb-fe, Pool=t-doip-ap-lb-bp)
2026-05-20 17:09:30.429	[INFO] [DryRun] 리소스 그룹 생성 예정: hazr-t-doip-rg (koreacentral)
2026-05-20 17:09:30.460	[INFO] [DryRun] LB 배포 예정: hazr-t-doip-web-lb (RG=hazr-t-doip-rg, FE=t-doip-web-lb-fe, Pool=t-doip-web-lb-bp)
2026-05-20 17:09:30.498	[INFO] [DryRun] 리소스 그룹 생성 예정: hazr-t-dtg-rg (koreacentral)
2026-05-20 17:09:30.531	[INFO] [DryRun] LB 배포 예정: hazr-t-dtg-admap-lb (RG=hazr-t-dtg-rg, FE=t-dtg-admap-lb-fe, Pool=t-dtg-admap-lb-bp)
2026-05-20 17:09:30.567	[INFO] [DryRun] LB Rule 배포 예정: hazr-t-dtg-admap-lb/t-dtg-admap-lb-rule8085
2026-05-20 17:09:30.598	[INFO] [DryRun] LB Rule 배포 예정: hazr-t-dtg-admap-lb/t-dtg-admap-lb-rule8087
2026-05-20 17:09:30.632	[INFO] [DryRun] 리소스 그룹 생성 예정: hazr-t-dtg-rg (koreacentral)
2026-05-20 17:09:30.667	[INFO] [DryRun] LB 배포 예정: hazr-t-dtg-admweb-lb (RG=hazr-t-dtg-rg, FE=t-dtg-admweb-lb-fe, Pool=t-dtg-admweb-lb-bp)
2026-05-20 17:09:30.706	[INFO] [DryRun] LB Rule 배포 예정: hazr-t-dtg-admweb-lb/t-dtg-admweb-lb-rule8088
2026-05-20 17:09:30.741	[INFO] [DryRun] 리소스 그룹 생성 예정: hazr-t-dtg-rg (koreacentral)
2026-05-20 17:09:30.774	[INFO] [DryRun] LB 배포 예정: hazr-t-dtg-ap-lb (RG=hazr-t-dtg-rg, FE=t-dtg-ap-lb-fe, Pool=t-dtg-ap-lb-bp)
2026-05-20 17:09:30.810	[INFO] [DryRun] LB Rule 배포 예정: hazr-t-dtg-ap-lb/t-dtg-ap-lb-rule8080
2026-05-20 17:09:30.842	[INFO] [DryRun] LB Rule 배포 예정: hazr-t-dtg-ap-lb/t-dtg-ap-lb-rule9087
2026-05-20 17:09:30.874	[INFO] [DryRun] 리소스 그룹 생성 예정: hazr-t-dtg-rg (koreacentral)
2026-05-20 17:09:30.910	[INFO] [DryRun] LB 배포 예정: hazr-t-dtg-cdmlap-lb (RG=hazr-t-dtg-rg, FE=t-dtg-cdmlap-lb-fe, Pool=t-dtg-cdmlap-lb-bp)
2026-05-20 17:09:30.947	[INFO] [DryRun] LB Rule 배포 예정: hazr-t-dtg-cdmlap-lb/t-dtg-cdmlap-lb-rule9305
2026-05-20 17:09:30.982	[INFO] [DryRun] LB Rule 배포 예정: hazr-t-dtg-cdmlap-lb/t-dtg-cdmlap-lb-rule9306
2026-05-20 17:09:31.072	[INFO] [DryRun] 리소스 그룹 생성 예정: hazr-t-dtg-rg (koreacentral)
2026-05-20 17:09:31.109	[INFO] [DryRun] LB 배포 예정: hazr-t-dtg-cdstap-lb (RG=hazr-t-dtg-rg, FE=t-dtg-cdstap-lb-fe, Pool=t-dtg-cdstap-lb-bp)
2026-05-20 17:09:31.154	[INFO] [DryRun] 리소스 그룹 생성 예정: hazr-t-dtg-rg (koreacentral)
2026-05-20 17:09:31.191	[INFO] [DryRun] LB 배포 예정: hazr-t-dtg-cdsvadm-lb (RG=hazr-t-dtg-rg, FE=t-dtg-cdsvadm-lb-fe, Pool=t-dtg-cdsvadm-lb-bp)
2026-05-20 17:09:31.246	[INFO] [DryRun] LB Rule 배포 예정: hazr-t-dtg-cdsvadm-lb/t-dtg-cdsvadm-lb-rule9100
2026-05-20 17:09:31.287	[INFO] [DryRun] LB Rule 배포 예정: hazr-t-dtg-cdsvadm-lb/t-dtg-cdsvadm-lb-rule9300
2026-05-20 17:09:31.328	[INFO] [DryRun] LB Rule 배포 예정: hazr-t-dtg-cdsvadm-lb/t-dtg-cdsvadm-lb-rule9105
2026-05-20 17:09:31.362	[INFO] [DryRun] LB Rule 배포 예정: hazr-t-dtg-cdsvadm-lb/t-dtg-cdsvadm-lb-rule9003
2026-05-20 17:09:31.397	[INFO] [DryRun] LB Rule 배포 예정: hazr-t-dtg-cdsvadm-lb/t-dtg-cdsvadm-lb-rule8088
2026-05-20 17:09:31.441	[INFO] [DryRun] 리소스 그룹 생성 예정: hazr-t-dtg-rg (koreacentral)
2026-05-20 17:09:31.482	[INFO] [DryRun] LB 배포 예정: hazr-t-dtg-diosap-lb (RG=hazr-t-dtg-rg, FE=t-dtg-diosap-lb-fe, Pool=t-dtg-diosap-lb-bp)
2026-05-20 17:09:31.525	[INFO] [DryRun] LB Rule 배포 예정: hazr-t-dtg-diosap-lb/t-dtg-diosap-lb-rule8080
2026-05-20 17:09:31.558	[INFO] [DryRun] 리소스 그룹 생성 예정: hazr-t-dtg-rg (koreacentral)
2026-05-20 17:09:31.577	[INFO] [DryRun] LB 배포 예정: hazr-t-dtg-diosweb-lb (RG=hazr-t-dtg-rg, FE=t-dtg-diosweb-lb-fe, Pool=t-dtg-diosweb-lb-bp)
2026-05-20 17:09:31.614	[INFO] [DryRun] LB Rule 배포 예정: hazr-t-dtg-diosweb-lb/t-dtg-diosweb-lb-rule443
2026-05-20 17:09:31.661	[INFO] [DryRun] 리소스 그룹 생성 예정: hazr-t-dtg-rg (koreacentral)
2026-05-20 17:09:31.704	[INFO] [DryRun] LB 배포 예정: hazr-t-dtg-dprap-lb (RG=hazr-t-dtg-rg, FE=t-dtg-dprap-lb-fe, Pool=t-dtg-dprap-lb-bp)
2026-05-20 17:09:31.744	[INFO] [DryRun] LB Rule 배포 예정: hazr-t-dtg-dprap-lb/t-dtg-dprap-lb-rule8082
2026-05-20 17:09:31.776	[INFO] [DryRun] 리소스 그룹 생성 예정: hazr-t-dtg-rg (koreacentral)
2026-05-20 17:09:31.807	[INFO] [DryRun] LB 배포 예정: hazr-t-dtg-dprweb-lb (RG=hazr-t-dtg-rg, FE=t-dtg-dprweb-lb-fe, Pool=t-dtg-dprweb-lb-bp)
2026-05-20 17:09:31.845	[INFO] [DryRun] LB Rule 배포 예정: hazr-t-dtg-dprweb-lb/t-dtg-dprweb-lb-rule443
2026-05-20 17:09:31.880	[INFO] [DryRun] 리소스 그룹 생성 예정: hazr-t-dtg-rg (koreacentral)
2026-05-20 17:09:31.916	[INFO] [DryRun] LB 배포 예정: hazr-t-dtg-extgeoap-lb (RG=hazr-t-dtg-rg, FE=t-dtg-extgeoap-lb-fe, Pool=t-dtg-extgeoap-lb-bp)
2026-05-20 17:09:31.958	[INFO] [DryRun] LB Rule 배포 예정: hazr-t-dtg-extgeoap-lb/t-dtg-extgeoap-lb-rule3660
2026-05-20 17:09:31.997	[INFO] [DryRun] LB Rule 배포 예정: hazr-t-dtg-extgeoap-lb/t-dtg-extgeoap-lb-rule3661
2026-05-20 17:09:32.036	[INFO] [DryRun] 리소스 그룹 생성 예정: hazr-t-dtg-rg (koreacentral)
2026-05-20 17:09:32.071	[INFO] [DryRun] LB 배포 예정: hazr-t-dtg-geoap-lb (RG=hazr-t-dtg-rg, FE=t-dtg-geoap-lb-fe, Pool=t-dtg-geoap-lb-bp)
2026-05-20 17:09:32.116	[INFO] [DryRun] LB Rule 배포 예정: hazr-t-dtg-geoap-lb/t-dtg-geoap-lb-rule8089
2026-05-20 17:09:32.180	[INFO] [DryRun] LB Rule 배포 예정: hazr-t-dtg-geoap-lb/t-dtg-geoap-lb-rule9089
2026-05-20 17:09:32.215	[INFO] [DryRun] 리소스 그룹 생성 예정: hazr-t-dtg-rg (koreacentral)
2026-05-20 17:09:32.253	[INFO] [DryRun] LB 배포 예정: hazr-t-dtg-ingap-lb (RG=hazr-t-dtg-rg, FE=t-dtg-ingap-lb-fe, Pool=t-dtg-ingap-lb-bp)
2026-05-20 17:09:32.291	[INFO] [DryRun] LB Rule 배포 예정: hazr-t-dtg-ingap-lb/t-dtg-ingap-lb-rule8081
2026-05-20 17:09:32.323	[INFO] [DryRun] 리소스 그룹 생성 예정: hazr-t-dtg-rg (koreacentral)
2026-05-20 17:09:32.339	[INFO] [DryRun] LB 배포 예정: hazr-t-dtg-mq-lb (RG=hazr-t-dtg-rg, FE=t-dtg-mq-lb-fe, Pool=t-dtg-mq-lb-bp)
2026-05-20 17:09:32.376	[INFO] [DryRun] LB Rule 배포 예정: hazr-t-dtg-mq-lb/t-dtg-mq-lb-rule1883
2026-05-20 17:09:32.409	[INFO] [DryRun] LB Rule 배포 예정: hazr-t-dtg-mq-lb/t-dtg-mq-lb-rule1884
2026-05-20 17:09:32.453	[INFO] [DryRun] 리소스 그룹 생성 예정: hazr-t-dtg-rg (koreacentral)
2026-05-20 17:09:32.503	[INFO] [DryRun] LB 배포 예정: hazr-t-dtg-web-lb (RG=hazr-t-dtg-rg, FE=t-dtg-web-lb-fe, Pool=t-dtg-web-lb-bp)
2026-05-20 17:09:32.559	[INFO] [DryRun] LB Rule 배포 예정: hazr-t-dtg-web-lb/t-dtg-web-lb-rule8080
2026-05-20 17:09:32.607	[INFO] [DryRun] LB Rule 배포 예정: hazr-t-dtg-web-lb/t-dtg-web-lb-rule8081
2026-05-20 17:09:32.657	[INFO] [END] Deploy-LoadBalancers
2026-05-20 17:09:32.693	[INFO] [END] Script
2026-05-20 17:14:50.333	[INFO] [START] Script
2026-05-20 17:14:50.381	[INFO] [START] Initialize-Modules
2026-05-20 17:15:07.591	[INFO] [END] Initialize-Modules
2026-05-20 17:15:07.652	[WARN] 지정한 Excel 파일을 찾지 못해 최신 파일을 사용합니다: C:\Users\zenithn\PowerShell - 리소스 배포\서버정보\20260422_리소스배포_테스트.xlsx
2026-05-20 17:15:07.688	[INFO] [START] Ensure-AzSession
2026-05-20 17:15:10.709	[INFO] [END] Ensure-AzSession
2026-05-20 17:15:10.821	[INFO] [START] Validate-Inputs
2026-05-20 17:15:11.164	[INFO] Excel 시트 로드: LB
2026-05-20 17:15:11.561	[INFO] Excel 시트 로드: LB_Probe
2026-05-20 17:15:11.859	[INFO] Excel 시트 로드: LB_Rule
2026-05-20 17:15:12.357	[INFO] [END] Validate-Inputs
2026-05-20 17:15:12.401	[INFO] [START] Deploy-LoadBalancers
2026-05-20 17:15:12.654	[INFO] Excel 시트 로드: LB
2026-05-20 17:15:13.093	[INFO] Excel 시트 로드: LB_Probe
2026-05-20 17:15:13.445	[INFO] Excel 시트 로드: LB_Rule
2026-05-20 17:15:13.767	[INFO] [DryRun] 리소스 그룹 생성 예정: hazr-t-bdp-rg (koreacentral)
2026-05-20 17:15:13.801	[INFO] [DryRun] LB 배포 예정: hazr-t-bdp-crkap-lb (RG=hazr-t-bdp-rg, FE=t-bdp-crkap-lb-fe, Pool=t-bdp-crkap-lb-bp)
2026-05-20 17:15:13.857	[INFO] [DryRun] LB Rule 배포 예정: hazr-t-bdp-crkap-lb/t-bdp-crkap-lb-rule8085
2026-05-20 17:15:13.891	[INFO] [DryRun] 리소스 그룹 생성 예정: hazr-t-bdp-rg (koreacentral)
2026-05-20 17:15:13.932	[INFO] [DryRun] LB 배포 예정: hazr-t-bdp-crkml-lb (RG=hazr-t-bdp-rg, FE=t-bdp-crkml-lb-fe, Pool=t-bdp-crkml-lb-bp)
2026-05-20 17:15:13.968	[INFO] [DryRun] LB Rule 배포 예정: hazr-t-bdp-crkml-lb/t-bdp-crkml-lb-rule8082
2026-05-20 17:15:14.022	[INFO] [DryRun] 리소스 그룹 생성 예정: hazr-t-bdp-rg (koreacentral)
2026-05-20 17:15:14.079	[INFO] [DryRun] LB 배포 예정: hazr-t-bdp-crkweb-lb (RG=hazr-t-bdp-rg, FE=t-bdp-crkweb-lb-fe, Pool=t-bdp-crkweb-lb-bp)
2026-05-20 17:15:14.145	[INFO] [DryRun] LB Rule 배포 예정: hazr-t-bdp-crkweb-lb/t-bdp-crkweb-lb-rule443
2026-05-20 17:15:14.188	[INFO] [DryRun] 리소스 그룹 생성 예정: hazr-t-bdp-rg (koreacentral)
2026-05-20 17:15:14.224	[INFO] [DryRun] LB 배포 예정: hazr-t-bdp-cxmadm-lb (RG=hazr-t-bdp-rg, FE=t-bdp-cxmadm-lb-fe, Pool=t-bdp-cxmadm-lb-bp)
2026-05-20 17:15:14.269	[INFO] [DryRun] LB Rule 배포 예정: hazr-t-bdp-cxmadm-lb/t-bdp-cxmadm-lb-rule443
2026-05-20 17:15:14.314	[INFO] [DryRun] 리소스 그룹 생성 예정: hazr-t-bdp-rg (koreacentral)
2026-05-20 17:15:14.357	[INFO] [DryRun] LB 배포 예정: hazr-t-bdp-slap-lb (RG=hazr-t-bdp-rg, FE=t-bdp-slap-lb-fe, Pool=t-bdp-slap-lb-bp)
2026-05-20 17:15:14.415	[INFO] [DryRun] LB Rule 배포 예정: hazr-t-bdp-slap-lb/t-bdp-slap-lb-rule443
2026-05-20 17:15:14.470	[INFO] [DryRun] 리소스 그룹 생성 예정: hazr-t-com-rg (koreacentral)
2026-05-20 17:15:14.523	[INFO] [DryRun] LB 배포 예정: hazr-t-com-auth-lb (RG=hazr-t-com-rg, FE=t-com-auth-lb-fe, Pool=t-com-auth-lb-bp)
2026-05-20 17:15:14.561	[INFO] [DryRun] LB Rule 배포 예정: hazr-t-com-auth-lb/t-com-auth-lb-rule8088
2026-05-20 17:15:14.600	[INFO] [DryRun] LB Rule 배포 예정: hazr-t-com-auth-lb/t-com-auth-lb-rule9003
2026-05-20 17:15:14.636	[INFO] [DryRun] LB Rule 배포 예정: hazr-t-com-auth-lb/t-com-auth-lb-rule9005
2026-05-20 17:15:14.675	[INFO] [DryRun] 리소스 그룹 생성 예정: hazr-t-com-rg (koreacentral)
2026-05-20 17:15:14.713	[INFO] [DryRun] LB 배포 예정: hazr-t-com-proxy-lb (RG=hazr-t-com-rg, FE=t-com-proxy-lb-fe, Pool=t-com-proxy-lb-bp)
2026-05-20 17:15:14.757	[INFO] [DryRun] LB Rule 배포 예정: hazr-t-com-proxy-lb/t-com-proxy-lb-rule443
2026-05-20 17:15:14.789	[INFO] [DryRun] LB Rule 배포 예정: hazr-t-com-proxy-lb/t-com-proxy-lb-rule8080
2026-05-20 17:15:14.825	[INFO] [DryRun] 리소스 그룹 생성 예정: hazr-t-cs-rg (koreacentral)
2026-05-20 17:15:14.881	[INFO] [DryRun] LB 배포 예정: hazr-t-cs-chtap-lb (RG=hazr-t-cs-rg, FE=t-cs-chtap-lb-fe, Pool=t-cs-chtap-lb-bp)
2026-05-20 17:15:14.947	[INFO] [DryRun] 리소스 그룹 생성 예정: hazr-t-cs-rg (koreacentral)
2026-05-20 17:15:14.998	[INFO] [DryRun] LB 배포 예정: hazr-t-cs-chtintweb-lb (RG=hazr-t-cs-rg, FE=t-cs-chtintweb-lb-fe, Pool=t-cs-chtintweb-lb-bp)
2026-05-20 17:15:15.069	[INFO] [DryRun] 리소스 그룹 생성 예정: hazr-t-cs-rg (koreacentral)
2026-05-20 17:15:15.114	[INFO] [DryRun] LB 배포 예정: hazr-t-cs-chtweb-lb (RG=hazr-t-cs-rg, FE=t-cs-chtweb-lb-fe, Pool=t-cs-chtweb-lb-bp)
2026-05-20 17:15:15.187	[INFO] [DryRun] 리소스 그룹 생성 예정: hazr-t-dip-rg (koreacentral)
2026-05-20 17:15:15.253	[INFO] [DryRun] LB 배포 예정: hazr-t-dip-adm-lb (RG=hazr-t-dip-rg, FE=t-dip-adm-lb-fe, Pool=t-dip-adm-lb-bp)
2026-05-20 17:15:15.307	[INFO] [DryRun] LB Rule 배포 예정: hazr-t-dip-adm-lb/t-dip-adm-lb-rule443
2026-05-20 17:15:15.352	[INFO] [DryRun] LB Rule 배포 예정: hazr-t-dip-adm-lb/t-dip-adm-lb-rule8085
2026-05-20 17:15:15.404	[INFO] [DryRun] LB Rule 배포 예정: hazr-t-dip-adm-lb/t-dip-adm-lb-rule8900
2026-05-20 17:15:15.454	[INFO] [DryRun] LB Rule 배포 예정: hazr-t-dip-adm-lb/t-dip-adm-lb-rule8901
2026-05-20 17:15:15.500	[INFO] [DryRun] LB Rule 배포 예정: hazr-t-dip-adm-lb/t-dip-adm-lb-rule9100
2026-05-20 17:15:15.543	[INFO] [DryRun] 리소스 그룹 생성 예정: hazr-t-dip-rg (koreacentral)
2026-05-20 17:15:15.587	[INFO] [DryRun] LB 배포 예정: hazr-t-dip-ap-lb (RG=hazr-t-dip-rg, FE=t-dip-ap-lb-fe, Pool=t-dip-ap-lb-bp)
2026-05-20 17:15:15.643	[INFO] [DryRun] LB Rule 배포 예정: hazr-t-dip-ap-lb/t-dip-ap-lb-rule443
2026-05-20 17:15:15.683	[INFO] [DryRun] LB Rule 배포 예정: hazr-t-dip-ap-lb/t-dip-ap-lb-rule8100
2026-05-20 17:15:15.722	[INFO] [DryRun] LB Rule 배포 예정: hazr-t-dip-ap-lb/t-dip-ap-lb-rule8200
2026-05-20 17:15:15.761	[INFO] [DryRun] LB Rule 배포 예정: hazr-t-dip-ap-lb/t-dip-ap-lb-rule8300
2026-05-20 17:15:15.815	[INFO] [DryRun] LB Rule 배포 예정: hazr-t-dip-ap-lb/t-dip-ap-lb-rule8400
2026-05-20 17:15:15.842	[INFO] [DryRun] LB Rule 배포 예정: hazr-t-dip-ap-lb/t-dip-ap-lb-rule9100
2026-05-20 17:15:15.897	[INFO] [DryRun] LB Rule 배포 예정: hazr-t-dip-ap-lb/t-dip-ap-lb-rule9113
2026-05-20 17:15:15.953	[INFO] [DryRun] 리소스 그룹 생성 예정: hazr-t-dip-rg (koreacentral)
2026-05-20 17:15:16.001	[INFO] [DryRun] LB 배포 예정: hazr-t-dip-flk-lb (RG=hazr-t-dip-rg, FE=t-dip-flk-lb-fe, Pool=t-dip-flk-lb-bp)
2026-05-20 17:15:16.070	[INFO] [DryRun] 리소스 그룹 생성 예정: hazr-t-dip-rg (koreacentral)
2026-05-20 17:15:16.125	[INFO] [DryRun] LB 배포 예정: hazr-t-dip-geoap-lb (RG=hazr-t-dip-rg, FE=t-dip-geoap-lb-fe, Pool=t-dip-geoap-lb-bp)
2026-05-20 17:15:16.192	[INFO] [DryRun] LB Rule 배포 예정: hazr-t-dip-geoap-lb/t-dip-geoap-lb-rule3660
2026-05-20 17:15:16.236	[INFO] [DryRun] LB Rule 배포 예정: hazr-t-dip-geoap-lb/t-dip-geoap-lb-rule3661
2026-05-20 17:15:16.282	[INFO] [DryRun] LB Rule 배포 예정: hazr-t-dip-geoap-lb/t-dip-geoap-lb-rule3670
2026-05-20 17:15:16.325	[INFO] [DryRun] LB Rule 배포 예정: hazr-t-dip-geoap-lb/t-dip-geoap-lb-rule3671
2026-05-20 17:15:16.350	[INFO] [DryRun] LB Rule 배포 예정: hazr-t-dip-geoap-lb/t-dip-geoap-lb-rule9100
2026-05-20 17:15:16.387	[INFO] [DryRun] 리소스 그룹 생성 예정: hazr-t-dip-rg (koreacentral)
2026-05-20 17:15:16.434	[INFO] [DryRun] LB 배포 예정: hazr-t-dip-mqap-lb (RG=hazr-t-dip-rg, FE=t-dip-mqap-lb-fe, Pool=t-dip-mqap-lb-bp)
2026-05-20 17:15:16.504	[INFO] [DryRun] LB Rule 배포 예정: hazr-t-dip-mqap-lb/t-dip-mqap-lb-rule1883
2026-05-20 17:15:16.547	[INFO] [DryRun] LB Rule 배포 예정: hazr-t-dip-mqap-lb/t-dip-mqap-lb-rule1884
2026-05-20 17:15:16.588	[INFO] [DryRun] LB Rule 배포 예정: hazr-t-dip-mqap-lb/t-dip-mqap-lb-rule18083
2026-05-20 17:15:16.630	[INFO] [DryRun] LB Rule 배포 예정: hazr-t-dip-mqap-lb/t-dip-mqap-lb-rule9100
2026-05-20 17:15:16.668	[INFO] [DryRun] 리소스 그룹 생성 예정: hazr-t-dip-rg (koreacentral)
2026-05-20 17:15:16.705	[INFO] [DryRun] LB 배포 예정: hazr-t-dip-mqweb-lb (RG=hazr-t-dip-rg, FE=t-dip-mqweb-lb-fe, Pool=t-dip-mqweb-lb-bp)
2026-05-20 17:15:16.746	[INFO] [DryRun] LB Rule 배포 예정: hazr-t-dip-mqweb-lb/t-dip-mqweb-lb-rule8883
2026-05-20 17:15:16.783	[INFO] [DryRun] LB Rule 배포 예정: hazr-t-dip-mqweb-lb/t-dip-mqweb-lb-rule1884
2026-05-20 17:15:16.817	[INFO] [DryRun] LB Rule 배포 예정: hazr-t-dip-mqweb-lb/t-dip-mqweb-lb-rule9100
2026-05-20 17:15:16.865	[INFO] [DryRun] 리소스 그룹 생성 예정: hazr-t-dip-rg (koreacentral)
2026-05-20 17:15:16.893	[INFO] [DryRun] LB 배포 예정: hazr-t-dip-web-lb (RG=hazr-t-dip-rg, FE=t-dip-web-lb-fe, Pool=t-dip-web-lb-bp)
2026-05-20 17:15:16.965	[INFO] [DryRun] LB Rule 배포 예정: hazr-t-dip-web-lb/t-dip-web-lb-rule443
2026-05-20 17:15:17.015	[INFO] [DryRun] LB Rule 배포 예정: hazr-t-dip-web-lb/t-dip-web-lb-rule9100
2026-05-20 17:15:17.074	[INFO] [DryRun] 리소스 그룹 생성 예정: hazr-t-dis-rg (koreacentral)
2026-05-20 17:15:17.133	[INFO] [DryRun] LB 배포 예정: hazr-t-dis-adm-lb (RG=hazr-t-dis-rg, FE=t-dis-adm-lb-fe, Pool=t-dis-adm-lb-bp)
2026-05-20 17:15:17.195	[INFO] [DryRun] LB Rule 배포 예정: hazr-t-dis-adm-lb/t-dis-adm-lb-rule443
2026-05-20 17:15:17.248	[INFO] [DryRun] 리소스 그룹 생성 예정: hazr-t-dis-rg (koreacentral)
2026-05-20 17:15:17.300	[INFO] [DryRun] LB 배포 예정: hazr-t-dis-ap-lb (RG=hazr-t-dis-rg, FE=t-dis-ap-lb-fe, Pool=t-dis-ap-lb-bp)
2026-05-20 17:15:17.327	[INFO] [DryRun] LB Rule 배포 예정: hazr-t-dis-ap-lb/t-dis-ap-lb-rule8080
2026-05-20 17:15:17.369	[INFO] [DryRun] 리소스 그룹 생성 예정: hazr-t-dis-rg (koreacentral)
2026-05-20 17:15:17.411	[INFO] [DryRun] LB 배포 예정: hazr-t-dis-bbicltap-lb (RG=hazr-t-dis-rg, FE=t-dis-bbicltap-lb-fe, Pool=t-dis-bbicltap-lb-bp)
2026-05-20 17:15:17.450	[INFO] [DryRun] LB Rule 배포 예정: hazr-t-dis-bbicltap-lb/t-dis-bbicltap-lb-rule20000
2026-05-20 17:15:17.485	[INFO] [DryRun] LB Rule 배포 예정: hazr-t-dis-bbicltap-lb/t-dis-bbicltap-lb-rule21000
2026-05-20 17:15:17.530	[INFO] [DryRun] LB Rule 배포 예정: hazr-t-dis-bbicltap-lb/t-dis-bbicltap-lb-rule22000
2026-05-20 17:15:17.594	[INFO] [DryRun] 리소스 그룹 생성 예정: hazr-t-dis-rg (koreacentral)
2026-05-20 17:15:17.640	[INFO] [DryRun] LB 배포 예정: hazr-t-dis-bbimsgap-lb (RG=hazr-t-dis-rg, FE=t-dis-bbimsgap-lb-fe, Pool=t-dis-bbimsgap-lb-bp)
2026-05-20 17:15:17.691	[INFO] [DryRun] LB Rule 배포 예정: hazr-t-dis-bbimsgap-lb/t-dis-bbimsgap-lb-rule20030
2026-05-20 17:15:17.730	[INFO] [DryRun] 리소스 그룹 생성 예정: hazr-t-dis-rg (koreacentral)
2026-05-20 17:15:17.774	[INFO] [DryRun] LB 배포 예정: hazr-t-dis-bbiweb-lb (RG=hazr-t-dis-rg, FE=t-dis-bbiweb-lb-fe, Pool=t-dis-bbiweb-lb-bp)
2026-05-20 17:15:17.826	[INFO] [DryRun] LB Rule 배포 예정: hazr-t-dis-bbiweb-lb/t-dis-bbiweb-lb-rule443
2026-05-20 17:15:17.878	[INFO] [DryRun] 리소스 그룹 생성 예정: hazr-t-dis-rg (koreacentral)
2026-05-20 17:15:17.935	[INFO] [DryRun] LB 배포 예정: hazr-t-dis-cmbsap-lb (RG=hazr-t-dis-rg, FE=t-dis-cmbsap-lb-fe, Pool=t-dis-cmbsap-lb-bp)
2026-05-20 17:15:18.026	[INFO] [DryRun] LB Rule 배포 예정: hazr-t-dis-cmbsap-lb/t-dis-cmbsap-lb-rule8080
2026-05-20 17:15:18.068	[INFO] [DryRun] 리소스 그룹 생성 예정: hazr-t-dis-rg (koreacentral)
2026-05-20 17:15:18.117	[INFO] [DryRun] LB 배포 예정: hazr-t-dis-cmsadm-lb (RG=hazr-t-dis-rg, FE=t-dis-cmsadm-lb-fe, Pool=t-dis-cmsadm-lb-bp)
2026-05-20 17:15:18.167	[INFO] [DryRun] LB Rule 배포 예정: hazr-t-dis-cmsadm-lb/t-dis-cmsadm-lb-rule443
2026-05-20 17:15:18.220	[INFO] [DryRun] 리소스 그룹 생성 예정: hazr-t-dis-rg (koreacentral)
2026-05-20 17:15:18.260	[INFO] [DryRun] LB 배포 예정: hazr-t-dis-cmsap-lb (RG=hazr-t-dis-rg, FE=t-dis-cmsap-lb-fe, Pool=t-dis-cmsap-lb-bp)
2026-05-20 17:15:18.304	[INFO] [DryRun] LB Rule 배포 예정: hazr-t-dis-cmsap-lb/t-dis-cmsap-lb-rule4001
2026-05-20 17:15:18.349	[INFO] [DryRun] 리소스 그룹 생성 예정: hazr-t-dis-rg (koreacentral)
2026-05-20 17:15:18.392	[INFO] [DryRun] LB 배포 예정: hazr-t-dis-cmsweb-lb (RG=hazr-t-dis-rg, FE=t-dis-cmsweb-lb-fe, Pool=t-dis-cmsweb-lb-bp)
2026-05-20 17:15:18.455	[INFO] [DryRun] LB Rule 배포 예정: hazr-t-dis-cmsweb-lb/t-dis-cmsweb-lb-rule80
2026-05-20 17:15:18.505	[INFO] [DryRun] LB Rule 배포 예정: hazr-t-dis-cmsweb-lb/t-dis-cmsweb-lb-rule443
2026-05-20 17:15:18.556	[INFO] [DryRun] 리소스 그룹 생성 예정: hazr-t-dis-rg (koreacentral)
2026-05-20 17:15:18.594	[INFO] [DryRun] LB 배포 예정: hazr-t-dis-drvcltap-lb (RG=hazr-t-dis-rg, FE=t-dis-drvcltap-lb-fe, Pool=t-dis-drvcltap-lb-bp)
2026-05-20 17:15:18.619	[INFO] [DryRun] LB Rule 배포 예정: hazr-t-dis-drvcltap-lb/t-dis-drvcltap-lb-rule8081
2026-05-20 17:15:18.645	[INFO] [DryRun] 리소스 그룹 생성 예정: hazr-t-dis-rg (koreacentral)
2026-05-20 17:15:18.668	[INFO] [DryRun] LB 배포 예정: hazr-t-dis-drvmsgap-lb (RG=hazr-t-dis-rg, FE=t-dis-drvmsgap-lb-fe, Pool=t-dis-drvmsgap-lb-bp)
2026-05-20 17:15:18.720	[INFO] [DryRun] LB Rule 배포 예정: hazr-t-dis-drvmsgap-lb/t-dis-drvmsgap-lb-rule8080
2026-05-20 17:15:18.762	[INFO] [DryRun] 리소스 그룹 생성 예정: hazr-t-dis-rg (koreacentral)
2026-05-20 17:15:18.852	[INFO] [DryRun] LB 배포 예정: hazr-t-dis-walkap-lb (RG=hazr-t-dis-rg, FE=t-dis-walkap-lb-fe, Pool=t-dis-walkap-lb-bp)
2026-05-20 17:15:18.940	[INFO] [DryRun] LB Rule 배포 예정: hazr-t-dis-walkap-lb/t-dis-walkap-lb-rule8080
2026-05-20 17:15:18.989	[INFO] [DryRun] 리소스 그룹 생성 예정: hazr-t-dis-rg (koreacentral)
2026-05-20 17:15:19.038	[INFO] [DryRun] LB 배포 예정: hazr-t-dis-walkweb-lb (RG=hazr-t-dis-rg, FE=t-dis-walkweb-lb-fe, Pool=t-dis-walkweb-lb-bp)
2026-05-20 17:15:19.088	[INFO] [DryRun] LB Rule 배포 예정: hazr-t-dis-walkweb-lb/t-dis-walkweb-lb-rule443
2026-05-20 17:15:19.157	[INFO] [DryRun] 리소스 그룹 생성 예정: hazr-t-dis-rg (koreacentral)
2026-05-20 17:15:19.200	[INFO] [DryRun] LB 배포 예정: hazr-t-dis-web-lb (RG=hazr-t-dis-rg, FE=t-dis-web-lb-fe, Pool=t-dis-web-lb-bp)
2026-05-20 17:15:19.242	[INFO] [DryRun] LB Rule 배포 예정: hazr-t-dis-web-lb/t-dis-web-lb-rule80
2026-05-20 17:15:19.311	[INFO] [DryRun] LB Rule 배포 예정: hazr-t-dis-web-lb/t-dis-web-lb-rule443
2026-05-20 17:15:19.351	[INFO] [DryRun] 리소스 그룹 생성 예정: hazr-t-doip-rg (koreacentral)
2026-05-20 17:15:19.386	[INFO] [DryRun] LB 배포 예정: hazr-t-doip-adm-lb (RG=hazr-t-doip-rg, FE=t-doip-adm-lb-fe, Pool=t-doip-adm-lb-bp)
2026-05-20 17:15:19.438	[INFO] [DryRun] 리소스 그룹 생성 예정: hazr-t-doip-rg (koreacentral)
2026-05-20 17:15:19.487	[INFO] [DryRun] LB 배포 예정: hazr-t-doip-ap-lb (RG=hazr-t-doip-rg, FE=t-doip-ap-lb-fe, Pool=t-doip-ap-lb-bp)
2026-05-20 17:15:19.542	[INFO] [DryRun] 리소스 그룹 생성 예정: hazr-t-doip-rg (koreacentral)
2026-05-20 17:15:19.622	[INFO] [DryRun] LB 배포 예정: hazr-t-doip-web-lb (RG=hazr-t-doip-rg, FE=t-doip-web-lb-fe, Pool=t-doip-web-lb-bp)
2026-05-20 17:15:19.691	[INFO] [DryRun] 리소스 그룹 생성 예정: hazr-t-dtg-rg (koreacentral)
2026-05-20 17:15:19.741	[INFO] [DryRun] LB 배포 예정: hazr-t-dtg-admap-lb (RG=hazr-t-dtg-rg, FE=t-dtg-admap-lb-fe, Pool=t-dtg-admap-lb-bp)
2026-05-20 17:15:19.782	[INFO] [DryRun] LB Rule 배포 예정: hazr-t-dtg-admap-lb/t-dtg-admap-lb-rule8085
2026-05-20 17:15:19.804	[INFO] [DryRun] LB Rule 배포 예정: hazr-t-dtg-admap-lb/t-dtg-admap-lb-rule8087
2026-05-20 17:15:19.849	[INFO] [DryRun] 리소스 그룹 생성 예정: hazr-t-dtg-rg (koreacentral)
2026-05-20 17:15:19.876	[INFO] [DryRun] LB 배포 예정: hazr-t-dtg-admweb-lb (RG=hazr-t-dtg-rg, FE=t-dtg-admweb-lb-fe, Pool=t-dtg-admweb-lb-bp)
2026-05-20 17:15:19.935	[INFO] [DryRun] LB Rule 배포 예정: hazr-t-dtg-admweb-lb/t-dtg-admweb-lb-rule8088
2026-05-20 17:15:19.984	[INFO] [DryRun] 리소스 그룹 생성 예정: hazr-t-dtg-rg (koreacentral)
2026-05-20 17:15:20.011	[INFO] [DryRun] LB 배포 예정: hazr-t-dtg-ap-lb (RG=hazr-t-dtg-rg, FE=t-dtg-ap-lb-fe, Pool=t-dtg-ap-lb-bp)
2026-05-20 17:15:20.062	[INFO] [DryRun] LB Rule 배포 예정: hazr-t-dtg-ap-lb/t-dtg-ap-lb-rule8080
2026-05-20 17:15:20.188	[INFO] [DryRun] LB Rule 배포 예정: hazr-t-dtg-ap-lb/t-dtg-ap-lb-rule9087
2026-05-20 17:15:20.222	[INFO] [DryRun] 리소스 그룹 생성 예정: hazr-t-dtg-rg (koreacentral)
2026-05-20 17:15:20.268	[INFO] [DryRun] LB 배포 예정: hazr-t-dtg-cdmlap-lb (RG=hazr-t-dtg-rg, FE=t-dtg-cdmlap-lb-fe, Pool=t-dtg-cdmlap-lb-bp)
2026-05-20 17:15:20.325	[INFO] [DryRun] LB Rule 배포 예정: hazr-t-dtg-cdmlap-lb/t-dtg-cdmlap-lb-rule9305
2026-05-20 17:15:20.363	[INFO] [DryRun] LB Rule 배포 예정: hazr-t-dtg-cdmlap-lb/t-dtg-cdmlap-lb-rule9306
2026-05-20 17:15:20.399	[INFO] [DryRun] 리소스 그룹 생성 예정: hazr-t-dtg-rg (koreacentral)
2026-05-20 17:15:20.439	[INFO] [DryRun] LB 배포 예정: hazr-t-dtg-cdstap-lb (RG=hazr-t-dtg-rg, FE=t-dtg-cdstap-lb-fe, Pool=t-dtg-cdstap-lb-bp)
2026-05-20 17:15:20.461	[INFO] [DryRun] 리소스 그룹 생성 예정: hazr-t-dtg-rg (koreacentral)
2026-05-20 17:15:20.496	[INFO] [DryRun] LB 배포 예정: hazr-t-dtg-cdsvadm-lb (RG=hazr-t-dtg-rg, FE=t-dtg-cdsvadm-lb-fe, Pool=t-dtg-cdsvadm-lb-bp)
2026-05-20 17:15:20.551	[INFO] [DryRun] LB Rule 배포 예정: hazr-t-dtg-cdsvadm-lb/t-dtg-cdsvadm-lb-rule9100
2026-05-20 17:15:20.597	[INFO] [DryRun] LB Rule 배포 예정: hazr-t-dtg-cdsvadm-lb/t-dtg-cdsvadm-lb-rule9300
2026-05-20 17:15:20.639	[INFO] [DryRun] LB Rule 배포 예정: hazr-t-dtg-cdsvadm-lb/t-dtg-cdsvadm-lb-rule9105
2026-05-20 17:15:20.673	[INFO] [DryRun] LB Rule 배포 예정: hazr-t-dtg-cdsvadm-lb/t-dtg-cdsvadm-lb-rule9003
2026-05-20 17:15:20.721	[INFO] [DryRun] LB Rule 배포 예정: hazr-t-dtg-cdsvadm-lb/t-dtg-cdsvadm-lb-rule8088
2026-05-20 17:15:20.778	[INFO] [DryRun] 리소스 그룹 생성 예정: hazr-t-dtg-rg (koreacentral)
2026-05-20 17:15:20.832	[INFO] [DryRun] LB 배포 예정: hazr-t-dtg-diosap-lb (RG=hazr-t-dtg-rg, FE=t-dtg-diosap-lb-fe, Pool=t-dtg-diosap-lb-bp)
2026-05-20 17:15:20.892	[INFO] [DryRun] LB Rule 배포 예정: hazr-t-dtg-diosap-lb/t-dtg-diosap-lb-rule8080
2026-05-20 17:15:20.948	[INFO] [DryRun] 리소스 그룹 생성 예정: hazr-t-dtg-rg (koreacentral)
2026-05-20 17:15:20.998	[INFO] [DryRun] LB 배포 예정: hazr-t-dtg-diosweb-lb (RG=hazr-t-dtg-rg, FE=t-dtg-diosweb-lb-fe, Pool=t-dtg-diosweb-lb-bp)
2026-05-20 17:15:21.051	[INFO] [DryRun] LB Rule 배포 예정: hazr-t-dtg-diosweb-lb/t-dtg-diosweb-lb-rule443
2026-05-20 17:15:21.110	[INFO] [DryRun] 리소스 그룹 생성 예정: hazr-t-dtg-rg (koreacentral)
2026-05-20 17:15:21.164	[INFO] [DryRun] LB 배포 예정: hazr-t-dtg-dprap-lb (RG=hazr-t-dtg-rg, FE=t-dtg-dprap-lb-fe, Pool=t-dtg-dprap-lb-bp)
2026-05-20 17:15:21.224	[INFO] [DryRun] LB Rule 배포 예정: hazr-t-dtg-dprap-lb/t-dtg-dprap-lb-rule8082
2026-05-20 17:15:21.267	[INFO] [DryRun] 리소스 그룹 생성 예정: hazr-t-dtg-rg (koreacentral)
2026-05-20 17:15:21.312	[INFO] [DryRun] LB 배포 예정: hazr-t-dtg-dprweb-lb (RG=hazr-t-dtg-rg, FE=t-dtg-dprweb-lb-fe, Pool=t-dtg-dprweb-lb-bp)
2026-05-20 17:15:21.365	[INFO] [DryRun] LB Rule 배포 예정: hazr-t-dtg-dprweb-lb/t-dtg-dprweb-lb-rule443
2026-05-20 17:15:21.406	[INFO] [DryRun] 리소스 그룹 생성 예정: hazr-t-dtg-rg (koreacentral)
2026-05-20 17:15:21.448	[INFO] [DryRun] LB 배포 예정: hazr-t-dtg-extgeoap-lb (RG=hazr-t-dtg-rg, FE=t-dtg-extgeoap-lb-fe, Pool=t-dtg-extgeoap-lb-bp)
2026-05-20 17:15:21.498	[INFO] [DryRun] LB Rule 배포 예정: hazr-t-dtg-extgeoap-lb/t-dtg-extgeoap-lb-rule3660
2026-05-20 17:15:21.541	[INFO] [DryRun] LB Rule 배포 예정: hazr-t-dtg-extgeoap-lb/t-dtg-extgeoap-lb-rule3661
2026-05-20 17:15:21.576	[INFO] [DryRun] 리소스 그룹 생성 예정: hazr-t-dtg-rg (koreacentral)
2026-05-20 17:15:21.612	[INFO] [DryRun] LB 배포 예정: hazr-t-dtg-geoap-lb (RG=hazr-t-dtg-rg, FE=t-dtg-geoap-lb-fe, Pool=t-dtg-geoap-lb-bp)
2026-05-20 17:15:21.664	[INFO] [DryRun] LB Rule 배포 예정: hazr-t-dtg-geoap-lb/t-dtg-geoap-lb-rule8089
2026-05-20 17:15:21.714	[INFO] [DryRun] LB Rule 배포 예정: hazr-t-dtg-geoap-lb/t-dtg-geoap-lb-rule9089
2026-05-20 17:15:21.766	[INFO] [DryRun] 리소스 그룹 생성 예정: hazr-t-dtg-rg (koreacentral)
2026-05-20 17:15:21.809	[INFO] [DryRun] LB 배포 예정: hazr-t-dtg-ingap-lb (RG=hazr-t-dtg-rg, FE=t-dtg-ingap-lb-fe, Pool=t-dtg-ingap-lb-bp)
2026-05-20 17:15:21.855	[INFO] [DryRun] LB Rule 배포 예정: hazr-t-dtg-ingap-lb/t-dtg-ingap-lb-rule8081
2026-05-20 17:15:21.909	[INFO] [DryRun] 리소스 그룹 생성 예정: hazr-t-dtg-rg (koreacentral)
2026-05-20 17:15:21.951	[INFO] [DryRun] LB 배포 예정: hazr-t-dtg-mq-lb (RG=hazr-t-dtg-rg, FE=t-dtg-mq-lb-fe, Pool=t-dtg-mq-lb-bp)
2026-05-20 17:15:22.006	[INFO] [DryRun] LB Rule 배포 예정: hazr-t-dtg-mq-lb/t-dtg-mq-lb-rule1883
2026-05-20 17:15:22.041	[INFO] [DryRun] LB Rule 배포 예정: hazr-t-dtg-mq-lb/t-dtg-mq-lb-rule1884
2026-05-20 17:15:22.079	[INFO] [DryRun] 리소스 그룹 생성 예정: hazr-t-dtg-rg (koreacentral)
2026-05-20 17:15:22.129	[INFO] [DryRun] LB 배포 예정: hazr-t-dtg-web-lb (RG=hazr-t-dtg-rg, FE=t-dtg-web-lb-fe, Pool=t-dtg-web-lb-bp)
2026-05-20 17:15:22.174	[INFO] [DryRun] LB Rule 배포 예정: hazr-t-dtg-web-lb/t-dtg-web-lb-rule8080
2026-05-20 17:15:22.213	[INFO] [DryRun] LB Rule 배포 예정: hazr-t-dtg-web-lb/t-dtg-web-lb-rule8081
2026-05-20 17:15:22.252	[INFO] [END] Deploy-LoadBalancers
2026-05-20 17:15:22.288	[INFO] [END] Script
2026-05-22 10:04:40.142	[INFO] [START] Script
2026-05-22 10:04:40.192	[INFO] [START] Initialize-Modules
2026-05-22 10:05:16.476	[INFO] [END] Initialize-Modules
2026-05-22 10:05:16.544	[INFO] [START] Ensure-AzSession
2026-05-22 10:05:20.185	[INFO] [END] Ensure-AzSession
2026-05-22 10:05:20.276	[INFO] [START] Validate-Inputs
2026-05-22 10:05:20.747	[INFO] Excel 시트 로드: RG
2026-05-22 10:05:21.322	[INFO] Excel 시트 로드: VNET
2026-05-22 10:05:21.788	[ERR] 치명적 오류: 필수 시트를 찾지 못했습니다. 후보: Storage
2026-05-22 10:05:24.057	[INFO] [END] Ensure-AzSession
2026-05-22 10:05:24.137	[INFO] [START] Validate-Inputs
2026-05-22 10:05:24.541	[INFO] Excel 시트 로드: RG
2026-05-22 10:05:25.033	[INFO] Excel 시트 로드: VNET
2026-05-22 10:05:25.441	[ERR] 치명적 오류: 필수 시트를 찾지 못했습니다. 후보: Storage
2026-05-22 10:05:35.145	[INFO] [START] Script
2026-05-22 10:05:35.200	[INFO] [START] Initialize-Modules
2026-05-22 10:05:54.708	[INFO] [END] Initialize-Modules
2026-05-22 10:05:54.769	[INFO] [START] Ensure-AzSession
2026-05-22 10:05:54.934	[INFO] [END] Initialize-Modules
2026-05-22 10:05:54.995	[INFO] [START] Ensure-AzSession
2026-05-22 10:05:57.582	[INFO] [END] Ensure-AzSession
2026-05-22 10:05:57.707	[INFO] [START] Validate-Inputs
2026-05-22 10:05:58.027	[INFO] [END] Ensure-AzSession
2026-05-22 10:05:58.131	[INFO] [START] Validate-Inputs
2026-05-22 10:05:58.346	[INFO] Excel 시트 로드: LB
2026-05-22 10:05:58.644	[INFO] Excel 시트 로드: LB
2026-05-22 10:05:58.876	[INFO] Excel 시트 로드: LB_Probe
2026-05-22 10:05:59.191	[INFO] Excel 시트 로드: LB_Probe
2026-05-22 10:05:59.316	[INFO] Excel 시트 로드: LB_Rule
2026-05-22 10:05:59.612	[INFO] Excel 시트 로드: LB_Rule
2026-05-22 10:05:59.895	[INFO] [END] Validate-Inputs
2026-05-22 10:05:59.995	[ERR] [LB_Probe] Row=19, Name=hazr-t-dtg-cdstap-lb, Field=Port: 필수 값이 비어 있습니다.
2026-05-22 10:06:00.202	[INFO] [END] Validate-Inputs
2026-05-22 10:06:00.261	[ERR] [LB_Probe] Row=19, Name=hazr-t-dtg-cdstap-lb, Field=Port: 필수 값이 비어 있습니다.
2026-05-22 10:10:19.306	[INFO] [START] Script
2026-05-22 10:10:19.337	[INFO] [START] Initialize-Modules
2026-05-22 10:10:38.984	[INFO] [END] Initialize-Modules
2026-05-22 10:10:39.046	[INFO] [START] Ensure-AzSession
2026-05-22 10:10:39.078	[INFO] [END] Initialize-Modules
2026-05-22 10:10:39.112	[INFO] [START] Ensure-AzSession
2026-05-22 10:10:41.592	[INFO] [END] Ensure-AzSession
2026-05-22 10:10:41.712	[INFO] [START] Validate-Inputs
2026-05-22 10:10:42.114	[INFO] [END] Ensure-AzSession
2026-05-22 10:10:42.168	[INFO] Excel 시트 로드: RG
2026-05-22 10:10:42.237	[INFO] [START] Validate-Inputs
2026-05-22 10:10:42.702	[INFO] Excel 시트 로드: RG

2026-05-22 10:10:43.189	[INFO] Excel 시트 로드: UDR
2026-05-22 10:10:43.262	[INFO] Excel 시트 로드: VNET
2026-05-22 10:10:43.661	[INFO] Excel 시트 로드: NSG
2026-05-22 10:10:43.756	[INFO] Excel 시트 로드: UDR
2026-05-22 10:10:44.052	[INFO] Excel 시트 로드: NSG_Rule
2026-05-22 10:10:44.237	[INFO] Excel 시트 로드: NSG
2026-05-22 10:10:44.636	[INFO] Excel 시트 로드: LB
2026-05-22 10:10:44.680	[INFO] Excel 시트 로드: NSG_Rule
2026-05-22 10:10:45.034	[INFO] Excel 시트 로드: LB_Probe
2026-05-22 10:10:45.206	[INFO] Excel 시트 로드: LB
2026-05-22 10:10:45.437	[INFO] Excel 시트 로드: LB_Rule
2026-05-22 10:10:45.628	[INFO] Excel 시트 로드: LB_Probe
2026-05-22 10:10:46.054	[INFO] Excel 시트 로드: LB_Rule
2026-05-22 10:10:46.110	[INFO] Excel 시트 로드: VM
2026-05-22 10:10:46.723	[INFO] Excel 시트 로드: VM
2026-05-22 10:10:46.780	[INFO] Excel 시트 로드: VM
2026-05-22 10:10:47.100	[INFO] [END] Validate-Inputs
2026-05-22 10:10:47.191	[ERR] [LB_Probe] Row=19, Name=hazr-t-dtg-cdstap-lb, Field=Port: 필수 값이 비어 있습니다.
2026-05-22 10:10:47.494	[INFO] Excel 시트 로드: VM
2026-05-22 10:10:47.800	[INFO] [END] Validate-Inputs
2026-05-22 10:10:47.885	[ERR] [LB_Probe] Row=19, Name=hazr-t-dtg-cdstap-lb, Field=Port: 필수 값이 비어 있습니다.
2026-05-22 10:11:41.183	[INFO] [START] Script
2026-05-22 10:11:41.238	[INFO] [START] Initialize-Modules
2026-05-22 10:12:01.810	[INFO] [END] Initialize-Modules
2026-05-22 10:12:01.890	[INFO] [START] Ensure-AzSession
2026-05-22 10:12:01.946	[INFO] [END] Initialize-Modules
2026-05-22 10:12:02.017	[INFO] [START] Ensure-AzSession
2026-05-22 10:12:03.943	[INFO] [END] Ensure-AzSession
2026-05-22 10:12:04.036	[INFO] [START] Validate-Inputs
2026-05-22 10:12:04.361	[INFO] [END] Ensure-AzSession
2026-05-22 10:12:04.446	[INFO] [START] Validate-Inputs
2026-05-22 10:12:04.884	[INFO] Excel 시트 로드: RG
2026-05-22 10:12:04.998	[INFO] Excel 시트 로드: VNET
2026-05-22 10:12:05.452	[INFO] Excel 시트 로드: VNET
2026-05-22 10:12:05.520	[INFO] Excel 시트 로드: UDR
2026-05-22 10:12:05.991	[INFO] Excel 시트 로드: UDR
2026-05-22 10:12:06.522	[INFO] Excel 시트 로드: NSG
ule
2026-05-22 10:12:06.979	[INFO] Excel 시트 로드: NSG_Rule
2026-05-22 10:12:07.461	[INFO] Excel 시트 로드: VM
2026-05-22 10:12:07.547	[INFO] Excel 시트 로드: VM
2026-05-22 10:12:07.792	[INFO] [END] Validate-Inputs
2026-05-22 10:12:07.843	[INFO] [START] Deploy-ResourceGroups
2026-05-22 10:12:08.103	[INFO] Excel 시트 로드: RG
2026-05-22 10:12:08.130	[INFO] Excel 시트 로드: VM
2026-05-22 10:12:08.551	[INFO] [DryRun] 리소스 그룹 생성 예정: hazr-t-dch-rg (koreacentral)
2026-05-22 10:12:08.596	[INFO] [DryRun] 리소스 그룹 생성 예정: hazr-t-com-rg (koreacentral)
2026-05-22 10:12:08.655	[INFO] [DryRun] 리소스 그룹 생성 예정: hazr-t-cs-rg (koreacentral)
2026-05-22 10:12:08.710	[INFO] [DryRun] 리소스 그룹 생성 예정: hazr-t-dis-rg (koreacentral)
2026-05-22 10:12:08.752	[INFO] [DryRun] 리소스 그룹 생성 예정: hazr-t-doip-rg (koreacentral)
2026-05-22 10:12:08.802	[INFO] [DryRun] 리소스 그룹 생성 예정: hazr-t-dtg-rg (koreacentral)
2026-05-22 10:12:08.879	[INFO] Excel 시트 로드: RG
 생성 예정: hazr-t-if-rg (koreacentral)
2026-05-22 10:12:08.909	[INFO] [DryRun] 리소스 그룹 생성 예정: hazr-t-bdp-rg (koreacentral)
2026-05-22 10:12:08.971	[INFO] [DryRun] 리소스 그룹 생성 예정: hazr-t-puls-rg (koreacentral)
2026-05-22 10:12:09.030	[INFO] [END] Deploy-ResourceGroups
2026-05-22 10:12:09.082	[INFO] [START] Deploy-Vnets
룹 생성 예정: hazr-t-dch-rg (koreacentral)
2026-05-22 10:12:09.125	[INFO] [DryRun] 리소스 그룹 생성 예정: hazr-t-com-rg (koreacentral)
2026-05-22 10:12:09.179	[INFO] [DryRun] 리소스 그룹 생성 예정: hazr-t-cs-rg (koreacentral)
2026-05-22 10:12:09.224	[INFO] [DryRun] 리소스 그룹 생성 예정: hazr-t-dis-rg (koreacentral)
2026-05-22 10:12:09.290	[INFO] Excel 시트 로드: VNET
2026-05-22 10:12:09.268	[INFO] [DryRun] 리소스 그룹 생성 예정: hazr-t-doip-rg (koreacentral)
2026-05-22 10:12:09.313	[INFO] [DryRun] 리소스 그룹 생성 예정: hazr-t-dtg-rg (koreacentral)
2026-05-22 10:12:09.363	[INFO] [DryRun] 리소스 그룹 생성 예정: hazr-t-if-rg (koreacentral)
2026-05-22 10:12:09.420	[INFO] [DryRun] 리소스 그룹 생성 예정: hazr-t-bdp-rg (koreacentral)
2026-05-22 10:12:09.497	[INFO] [DryRun] 리소스 그룹 생성 예정: hazr-t-puls-rg (koreacentral)
2026-05-22 10:12:09.566	[INFO] [DryRun] 리소스 그룹 생성 예정: hazr-t-dch-rg (koreacentral)
2026-05-22 10:12:09.625	[INFO] [START] Deploy-Vnets
��정: hazr-t-dch-ext-vnet
2026-05-22 10:12:09.674	[INFO] [DryRun] 리소스 그룹 생성 예정: hazr-t-dch-rg (koreacentral)
2026-05-22 10:12:09.729	[INFO] [DryRun] VNet 배포 예정: hazr-t-dch-int-vnet
2026-05-22 10:12:09.883	[INFO] Excel 시트 로드: VNET
2026-05-22 10:12:09.918	[INFO] [START] Deploy-Udrs
2026-05-22 10:12:10.142	[INFO] [DryRun] 리소스 그룹 생성 예정: hazr-t-dch-rg (koreacentral)
2026-05-22 10:12:10.218	[INFO] Excel 시트 로드: UDR
�: hazr-t-dch-ext-vnet
2026-05-22 10:12:10.258	[INFO] [DryRun] 리소스 그룹 생성 예정: hazr-t-dch-rg (koreacentral)
2026-05-22 10:12:10.321	[INFO] [DryRun] VNet 배포 예정: hazr-t-dch-int-vnet
2026-05-22 10:12:10.421	[INFO] [END] Deploy-Vnets
2026-05-22 10:12:10.499	[INFO] [START] Deploy-Udrs
�룹 생성 예정: hazr-t-dch-rg (koreacentral)
2026-05-22 10:12:10.554	[INFO] [DryRun] UDR 배포 예정: t-dch-ext-vnet-udr (RG=hazr-t-dch-rg, DisableBGPRoutePropagation=False)
2026-05-22 10:12:10.605	[INFO] [DryRun] UDR Route 추가/갱신 예정: t-dch-ext-vnet-udr/Internet (0.0.0.0/0 -> VirtualAppliance 10.155.200.4)
2026-05-22 10:12:10.661	[INFO] [DryRun] UDR Route 추가/갱신 예정: t-dch-ext-vnet-udr/hazr-o-devops-int-vnet_1 (10.155.128.0/24 -> VirtualAppliance 10.155.200.4)
2026-05-22 10:12:10.755	[INFO] Excel 시트 로드: UDR
갱신 예정: t-dch-ext-vnet-udr/hazr-o-devops-int-vnet_2 (10.155.129.0/24 -> VirtualAppliance 10.155.200.4)
2026-05-22 10:12:10.762	[INFO] [DryRun] UDR Route 추가/갱신 예정: t-dch-ext-vnet-udr/hazr-o-devops-int-vnet_3 (10.155.130.0/24 -> VirtualAppliance 10.155.200.4)
2026-05-22 10:12:10.811	[INFO] [DryRun] UDR Route 추가/갱신 예정: t-dch-ext-vnet-udr/hazr-o-devops-int-vnet_4 (10.155.131.0/24 -> VirtualAppliance 10.155.200.4)
2026-05-22 10:12:10.856	[INFO] [DryRun] UDR Route 추가/갱신 예정: t-dch-ext-vnet-udr/hazr-l-comm-vnet (10.155.160.0/22 -> VirtualAppliance 10.155.200.4)
2026-05-22 10:12:10.910	[INFO] [DryRun] UDR Route 추가/갱신 예정: t-dch-ext-vnet-udr/hazr-lt-sec-int-vnet (10.155.193.128/26 -> VirtualAppliance 10.155.200.4)
2026-05-22 10:12:10.956	[INFO] [DryRun] UDR Route 추가/갱신 예정: t-dch-ext-vnet-udr/hazr-t-dch-int-vnet_1 (10.157.144.0/20 -> VirtualAppliance 10.155.200.4)
2026-05-22 10:12:11.005	[INFO] [DryRun] UDR Route 추가/갱신 예정: t-dch-ext-vnet-udr/hazr-t-dch-int-vnet_2 (10.157.160.0/20 -> VirtualAppliance 10.155.200.4)
2026-05-22 10:12:11.048	[INFO] [DryRun] UDR Route 추가/갱신 예정: t-dch-ext-vnet-udr/hazr-t-dch-int-vnet_3 (10.157.176.0/20 -> VirtualAppliance 10.155.200.4)
2026-05-22 10:12:11.091	[INFO] [DryRun] UDR Route 추가/갱신 예정: t-dch-ext-vnet-udr/Onprem01 (10.0.0.0/8 -> VirtualAppliance 10.155.200.4)
iance 10.155.200.4)
2026-05-22 10:12:11.135	[INFO] [DryRun] UDR Route 추가/갱신 예정: t-dch-ext-vnet-udr/hazr-o-devops-int-vnet_2 (10.155.129.0/24 -> VirtualAppliance 10.155.200.4)
2026-05-22 10:12:11.183	[INFO] [DryRun] UDR Route 추가/갱신 예정: t-dch-ext-vnet-udr/hazr-o-devops-int-vnet_3 (10.155.130.0/24 -> VirtualAppliance 10.155.200.4)
2026-05-22 10:12:11.233	[INFO] [DryRun] UDR Route 추가/갱신 예정: t-dch-ext-vnet-udr/Onprem04 (172.20.0.0/16 -> VirtualAppliance 10.155.200.4)
ce 10.155.200.4)
2026-05-22 10:12:11.276	[INFO] [DryRun] UDR Route 추가/갱신 예정: t-dch-ext-vnet-udr/hazr-l-comm-vnet (10.155.160.0/22 -> VirtualAppliance 10.155.200.4)
2026-05-22 10:12:11.322	[INFO] [DryRun] UDR Route 추가/갱신 예정: t-dch-ext-vnet-udr/hazr-lt-sec-int-vnet (10.155.193.128/26 -> VirtualAppliance 10.155.200.4)
2026-05-22 10:12:11.366	[INFO] [DryRun] UDR Route 추가/갱신 예정: t-dch-ext-vnet-udr/hazr-t-dch-int-vnet_1 (10.157.144.0/20 -> VirtualAppliance 10.155.200.4)
2026-05-22 10:12:11.420	[INFO] [DryRun] UDR Route 추가/갱신 예정: t-dch-ext-vnet-udr/Onprem08 (172.30.0.0/16 -> VirtualAppliance 10.155.200.4)
10.155.200.4)
2026-05-22 10:12:11.464	[INFO] [DryRun] UDR Route 추가/갱신 예정: t-dch-ext-vnet-udr/Onprem09 (172.31.0.0/16 -> VirtualAppliance 10.155.200.4)
10.155.200.4)
2026-05-22 10:12:11.507	[INFO] [DryRun] UDR Route 추가/갱신 예정: t-dch-ext-vnet-udr/Onprem10 (172.32.0.0/16 -> VirtualAppliance 10.155.200.4)
2026-05-22 10:12:11.546	[INFO] [DryRun] 리소스 그룹 생성 예정: hazr-t-dch-rg (koreacentral)
72.16.0.0/16 -> VirtualAppliance 10.155.200.4)
2026-05-22 10:12:11.589	[INFO] [DryRun] UDR Route 추가/갱신 예정: t-dch-ext-vnet-udr/Onprem03 (172.18.0.0/16 -> VirtualAppliance 10.155.200.4)
2026-05-22 10:12:11.634	[INFO] [DryRun] UDR Route 추가/갱신 예정: t-dch-ext-vnet-udr/Onprem04 (172.20.0.0/16 -> VirtualAppliance 10.155.200.4)
2026-05-22 10:12:11.679	[INFO] [DryRun] UDR Route 추가/갱신 예정: t-dch-ext-vnet-udr/Onprem05 (172.26.0.0/16 -> VirtualAppliance 10.155.200.4)
ce 10.155.200.4)
2026-05-22 10:12:11.720	[INFO] [DryRun] UDR Route 추가/갱신 예정: t-dch-ext-vnet-udr/Onprem06 (172.28.0.0/16 -> VirtualAppliance 10.155.200.4)
ce 10.155.200.4)
2026-05-22 10:12:11.778	[INFO] [DryRun] UDR Route 추가/갱신 예정: t-dch-ext-vnet-udr/Onprem07 (172.29.0.0/16 -> VirtualAppliance 10.155.200.4)
ce 10.155.200.4)
2026-05-22 10:12:11.820	[INFO] [DryRun] UDR Route 추가/갱신 예정: t-dch-ext-vnet-udr/Onprem08 (172.30.0.0/16 -> VirtualAppliance 10.155.200.4)
ce 10.155.200.4)
2026-05-22 10:12:11.864	[INFO] [DryRun] UDR Route 추가/갱신 예정: t-dch-ext-vnet-udr/Onprem09 (172.31.0.0/16 -> VirtualAppliance 10.155.200.4)
5.200.4)
2026-05-22 10:12:11.902	[INFO] [DryRun] UDR Route 추가/갱신 예정: t-dch-ext-vnet-udr/Onprem10 (172.32.0.0/16 -> VirtualAppliance 10.155.200.4)
 10.155.200.4)
2026-05-22 10:12:11.957	[INFO] [DryRun] UDR Route 추가/갱신 예정: t-dch-int-vnet-udr/hazr-d-dch-ext-vnet_1 (10.157.128.0/20 -> VirtualAppliance 10.155.200.4)
2026-05-22 10:12:12.019	[INFO] [DryRun] UDR 배포 예정: t-dch-int-vnet-udr (RG=hazr-t-dch-rg, DisableBGPRoutePropagation=False)
10.155.200.4)
2026-05-22 10:12:12.072	[INFO] [DryRun] UDR Route 추가/갱신 예정: t-dch-int-vnet-udr/Onprem02 (172.16.0.0/16 -> VirtualAppliance 10.155.200.4)
2026-05-22 10:12:12.122	[INFO] [DryRun] UDR Route 추가/갱신 예정: t-dch-int-vnet-udr/hazr-o-devops-int-vnet_1 (10.155.128.0/24 -> VirtualAppliance 10.155.200.4)
2026-05-22 10:12:12.171	[INFO] [DryRun] UDR Route 추가/갱신 예정: t-dch-int-vnet-udr/hazr-o-devops-int-vnet_2 (10.155.129.0/24 -> VirtualAppliance 10.155.200.4)
2026-05-22 10:12:12.223	[INFO] [DryRun] UDR Route 추가/갱신 예정: t-dch-int-vnet-udr/hazr-o-devops-int-vnet_3 (10.155.130.0/24 -> VirtualAppliance 10.155.200.4)
2026-05-22 10:12:12.270	[INFO] [DryRun] UDR Route 추가/갱신 예정: t-dch-int-vnet-udr/hazr-o-devops-int-vnet_4 (10.155.131.0/24 -> VirtualAppliance 10.155.200.4)
2026-05-22 10:12:12.324	[INFO] [DryRun] UDR Route 추가/갱신 예정: t-dch-int-vnet-udr/hazr-l-comm-vnet (10.155.160.0/22 -> VirtualAppliance 10.155.200.4)
2026-05-22 10:12:12.376	[INFO] [DryRun] UDR Route 추가/갱신 예정: t-dch-int-vnet-udr/Onprem08 (172.30.0.0/16 -> VirtualAppliance 10.155.200.4)
 10.155.200.4)
2026-05-22 10:12:12.439	[INFO] [DryRun] UDR Route 추가/갱신 예정: t-dch-int-vnet-udr/hazr-d-dch-ext-vnet_1 (10.157.128.0/20 -> VirtualAppliance 10.155.200.4)
2026-05-22 10:12:12.497	[INFO] [DryRun] UDR Route 추가/갱신 예정: t-dch-int-vnet-udr/Onprem10 (172.32.0.0/16 -> VirtualAppliance 10.155.200.4)
2026-05-22 10:12:12.555	[INFO] [END] Deploy-Udrs
추가/갱신 예정: t-dch-int-vnet-udr/Onprem02 (172.16.0.0/16 -> VirtualAppliance 10.155.200.4)
2026-05-22 10:12:12.618	[INFO] [START] Deploy-Vms
��가/갱신 예정: t-dch-int-vnet-udr/Onprem03 (172.18.0.0/16 -> VirtualAppliance 10.155.200.4)
2026-05-22 10:12:12.672	[INFO] [DryRun] UDR Route 추가/갱신 예정: t-dch-int-vnet-udr/Onprem04 (172.20.0.0/16 -> VirtualAppliance 10.155.200.4)
2026-05-22 10:12:12.737	[INFO] [DryRun] UDR Route 추가/갱신 예정: t-dch-int-vnet-udr/Onprem05 (172.26.0.0/16 -> VirtualAppliance 10.155.200.4)
2026-05-22 10:12:12.796	[INFO] [DryRun] UDR Route 추가/갱신 예정: t-dch-int-vnet-udr/Onprem06 (172.28.0.0/16 -> VirtualAppliance 10.155.200.4)
2026-05-22 10:12:12.861	[INFO] [DryRun] UDR Route 추가/갱신 예정: t-dch-int-vnet-udr/Onprem07 (172.29.0.0/16 -> VirtualAppliance 10.155.200.4)
2026-05-22 10:12:12.986	[INFO] Excel 시트 로드: VM
/갱신 예정: t-dch-int-vnet-udr/Onprem08 (172.30.0.0/16 -> VirtualAppliance 10.155.200.4)
2026-05-22 10:12:13.010	[INFO] [DryRun] UDR Route 추가/갱신 예정: t-dch-int-vnet-udr/Onprem09 (172.31.0.0/16 -> VirtualAppliance 10.155.200.4)
2026-05-22 10:12:13.077	[INFO] [DryRun] UDR Route 추가/갱신 예정: t-dch-int-vnet-udr/Onprem10 (172.32.0.0/16 -> VirtualAppliance 10.155.200.4)
2026-05-22 10:12:13.134	[INFO] [END] Deploy-Udrs
2026-05-22 10:12:13.192	[INFO] [START] Deploy-Vms
2026-05-22 10:12:13.271	[INFO] [DryRun] 리소스 그룹 생성 예정: hazr-t-cs-rg (koreacentral)
2026-05-22 10:12:13.412	[INFO] [DryRun] VM 배포 예정: hazr-t-cs-chtweb01 (Template=.\템플릿\VM\template-VM-LinuxZone_Image.json)
2026-05-22 10:12:13.513	[INFO] Excel 시트 로드: VM
 생성 예정: hazr-t-cs-rg (koreacentral)
2026-05-22 10:12:13.544	[INFO] [DryRun] VM 배포 예정: hazr-t-cs-chtintweb01 (Template=.\템플릿\VM\template-VM-LinuxZone_Image.json)
2026-05-22 10:12:13.601	[INFO] [DryRun] 리소스 그룹 생성 예정: hazr-t-cs-rg (koreacentral)
2026-05-22 10:12:13.675	[INFO] [DryRun] VM 배포 예정: hazr-t-cs-chtap01 (Template=.\템플릿\VM\template-VM-LinuxZone_Image.json)
2026-05-22 10:12:13.735	[INFO] [DryRun] 리소스 그룹 생성 예정: hazr-t-dis-rg (koreacentral)
2026-05-22 10:12:13.822	[INFO] [DryRun] VM 배포 예정: hazr-t-dis-ap01 (Template=.\템플릿\VM\template-VM-LinuxZone_Image.json)
2026-05-22 10:12:13.859	[INFO] [DryRun] 리소스 그룹 생성 예정: hazr-t-dis-rg (koreacentral)
2026-05-22 10:12:13.921	[INFO] [DryRun] VM 배포 예정: hazr-t-dis-adm01 (Template=.\템플릿\VM\template-VM-LinuxZone_Image.json)

2026-05-22 10:12:13.972	[INFO] [DryRun] 리소스 그룹 생성 예정: hazr-t-dis-rg (koreacentral)
2026-05-22 10:12:14.038	[INFO] [DryRun] VM 배포 예정: hazr-t-dis-bbiweb01 (Template=.\템플릿\VM\template-VM-LinuxZone_Image.json)

2026-05-22 10:12:14.093	[INFO] [DryRun] 리소스 그룹 생성 예정: hazr-t-dis-rg (koreacentral)
2026-05-22 10:12:14.149	[INFO] [DryRun] VM 배포 예정: hazr-t-dis-bbicltap01 (Template=.\템플릿\VM\template-VM-LinuxZone_Image.json)
2026-05-22 10:12:14.192	[INFO] [DryRun] 리소스 그룹 생성 예정: hazr-t-dis-rg (koreacentral)
2026-05-22 10:12:14.248	[INFO] [DryRun] VM 배포 예정: hazr-t-dis-bbimsgap01 (Template=.\템플릿\VM\template-VM-LinuxZone_Image.json)
2026-05-22 10:12:14.316	[INFO] [DryRun] 리소스 그룹 생성 예정: hazr-t-dis-rg (koreacentral)
2026-05-22 10:12:14.386	[INFO] [DryRun] VM 배포 예정: hazr-t-dis-adm01 (Template=.\템플릿\VM\template-VM-LinuxZone_Image.json)
)
2026-05-22 10:12:14.446	[INFO] [DryRun] 리소스 그룹 생성 예정: hazr-t-dis-rg (koreacentral)
2026-05-22 10:12:14.521	[INFO] [DryRun] VM 배포 예정: hazr-t-dis-bat01 (Template=.\템플릿\VM\template-VM-LinuxZone_Image.json)
)
2026-05-22 10:12:14.572	[INFO] [DryRun] 리소스 그룹 생성 예정: hazr-t-dis-rg (koreacentral)
2026-05-22 10:12:14.629	[INFO] [DryRun] VM 배포 예정: hazr-t-dis-drvcltap01 (Template=.\템플릿\VM\template-VM-LinuxZone_Image.json)
2026-05-22 10:12:14.674	[INFO] [DryRun] 리소스 그룹 생성 예정: hazr-t-dis-rg (koreacentral)
2026-05-22 10:12:14.747	[INFO] [DryRun] VM 배포 예정: hazr-t-dis-bbimsgap01 (Template=.\템플릿\VM\template-VM-LinuxZone_Image.json)
2026-05-22 10:12:14.801	[INFO] [DryRun] 리소스 그룹 생성 예정: hazr-t-dis-rg (koreacentral)
2026-05-22 10:12:14.868	[INFO] [DryRun] VM 배포 예정: hazr-t-dis-drvmsgap01 (Template=.\템플릿\VM\template-VM-LinuxZone_Image.json)
2026-05-22 10:12:14.913	[INFO] [DryRun] 리소스 그룹 생성 예정: hazr-t-dis-rg (koreacentral)
2026-05-22 10:12:14.973	[INFO] [DryRun] VM 배포 예정: hazr-t-dis-web01 (Template=.\템플릿\VM\template-VM-LinuxZone_Image.json)
2026-05-22 10:12:15.030	[INFO] [DryRun] 리소스 그룹 생성 예정: hazr-t-dis-rg (koreacentral)
2026-05-22 10:12:15.101	[INFO] [DryRun] VM 배포 예정: hazr-t-dis-drvcltap01 (Template=.\템플릿\VM\template-VM-LinuxZone_Image.json)
2026-05-22 10:12:15.152	[INFO] [DryRun] 리소스 그룹 생성 예정: hazr-t-dis-rg (koreacentral)
2026-05-22 10:12:15.222	[INFO] [DryRun] VM 배포 예정: hazr-t-dis-walkweb01 (Template=.\템플릿\VM\template-VM-LinuxZone_Image.json)
2026-05-22 10:12:15.221	[INFO] [DryRun] VM 배포 예정: hazr-t-dis-cmsap01 (Template=.\템플릿\VM\template-VM-LinuxZone_Image.json)
2026-05-22 10:12:15.265	[INFO] [DryRun] 리소스 그룹 생성 예정: hazr-t-dis-rg (koreacentral)
2026-05-22 10:12:15.325	[INFO] [DryRun] VM 배포 예정: hazr-t-dis-drvmsgap01 (Template=.\템플릿\VM\template-VM-LinuxZone_Image.json)
2026-05-22 10:12:15.368	[INFO] [DryRun] 리소스 그룹 생성 예정: hazr-t-dis-rg (koreacentral)
2026-05-22 10:12:15.430	[INFO] [DryRun] VM 배포 예정: hazr-t-dis-cmbsap01 (Template=.\템플릿\VM\template-VM-LinuxZone_Image.json)
2026-05-22 10:12:15.469	[INFO] [DryRun] 리소스 그룹 생성 예정: hazr-t-dis-rg (ap)
central)
2026-05-22 10:12:15.528	[INFO] Windows ComputerName 자동 보정: VM=hazr-t-dis-dfir01 -> ComputerName=hazr-t-dis-dfir
one_Image.json)
2026-05-22 10:12:15.573	[INFO] [DryRun] 리소스 그룹 생성 예정: hazr-t-dis-rg (koreacentral)
(Template=.\템플릿\VM\template-VM-WindowsZone_Image.json)
2026-05-22 10:12:15.622	[INFO] [DryRun] VM 배포 예정: hazr-t-dis-dfir01 (Template=.\템플릿\VM\template-VM-WindowsZone_Image.json)
2026-05-22 10:12:15.668	[INFO] [DryRun] 리소스 그룹 생성 예정: hazr-t-dtg-rg (koreacentral)
2026-05-22 10:12:15.726	[INFO] [DryRun] VM 배포 예정: hazr-t-dtg-ingap01 (Template=.\템플릿\VM\template-VM-LinuxZone_Image.json)

2026-05-22 10:12:15.767	[INFO] [DryRun] 리소스 그룹 생성 예정: hazr-t-dtg-rg (koreacentral)
2026-05-22 10:12:15.816	[INFO] [DryRun] VM 배포 예정: hazr-t-dis-cmbsap01 (Template=.\템플릿\VM\template-VM-LinuxZone_Image.json)
2026-05-22 10:12:15.871	[INFO] [DryRun] 리소스 그룹 생성 예정: hazr-t-dis-rg (ap)
central)
2026-05-22 10:12:15.944	[INFO] Windows ComputerName 자동 보정: VM=hazr-t-dis-dfir01 -> ComputerName=hazr-t-dis-dfir
xZone_Image.json)
2026-05-22 10:12:15.992	[INFO] [DryRun] 리소스 그룹 생성 예정: hazr-t-dtg-rg (koreacentral)
(Template=.\템플릿\VM\template-VM-WindowsZone_Image.json)
2026-05-22 10:12:16.042	[INFO] [DryRun] VM 배포 예정: hazr-t-dis-dfir01 (Template=.\템플릿\VM\template-VM-WindowsZone_Image.json)
2026-05-22 10:12:16.065	[INFO] [DryRun] 리소스 그룹 생성 예정: hazr-t-dtg-rg (koreacentral)
2026-05-22 10:12:16.116	[INFO] [DryRun] VM 배포 예정: hazr-t-dtg-ingap01 (Template=.\템플릿\VM\template-VM-LinuxZone_Image.json)
2026-05-22 10:12:16.196	[INFO] [DryRun] 리소스 그룹 생성 예정: hazr-t-dtg-rg (koreacentral)
2026-05-22 10:12:16.247	[INFO] [DryRun] VM 배포 예정: hazr-t-dtg-ap01 (Template=.\템플릿\VM\template-VM-LinuxZone_Image.json)
n)
2026-05-22 10:12:16.287	[INFO] [DryRun] 리소스 그룹 생성 예정: hazr-t-dtg-rg (koreacentral)
2026-05-22 10:12:16.338	[INFO] [DryRun] VM 배포 예정: hazr-t-dtg-admap01 (Template=.\템플릿\VM\template-VM-LinuxZone_Image.json)
)
2026-05-22 10:12:16.383	[INFO] [DryRun] 리소스 그룹 생성 예정: hazr-t-dtg-rg (koreacentral)
2026-05-22 10:12:16.432	[INFO] [DryRun] VM 배포 예정: hazr-t-dtg-geoap01 (Template=.\템플릿\VM\template-VM-LinuxZone_Image.json)
2026-05-22 10:12:16.479	[INFO] [DryRun] 리소스 그룹 생성 예정: hazr-t-dtg-rg (koreacentral)
2026-05-22 10:12:16.535	[INFO] [DryRun] VM 배포 예정: hazr-t-dtg-mq01 (Template=.\템플릿\VM\template-VM-LinuxZone_Image.json)

2026-05-22 10:12:16.572	[INFO] [DryRun] 리소스 그룹 생성 예정: hazr-t-dtg-rg (koreacentral)
2026-05-22 10:12:16.619	[INFO] [DryRun] VM 배포 예정: hazr-t-dtg-admweb01 (Template=.\템플릿\VM\template-VM-LinuxZone_Image.json)
2026-05-22 10:12:16.621	[INFO] [DryRun] VM 배포 예정: hazr-t-dtg-web01 (Template=.\템플릿\VM\template-VM-LinuxZone_Image.json)
2026-05-22 10:12:16.659	[INFO] [DryRun] 리소스 그룹 생성 예정: hazr-t-dtg-rg (koreacentral)
2026-05-22 10:12:16.687	[INFO] [DryRun] VM 배포 예정: hazr-t-dtg-admap01 (Template=.\템플릿\VM\template-VM-LinuxZone_Image.json)
2026-05-22 10:12:16.725	[INFO] [DryRun] 리소스 그룹 생성 예정: hazr-t-dtg-rg (koreacentral)
2026-05-22 10:12:16.770	[INFO] [DryRun] VM 배포 예정: hazr-t-dtg-dtoms01 (Template=.\템플릿\VM\template-VM-LinuxZone_Image.json)
2026-05-22 10:12:16.813	[INFO] [DryRun] 리소스 그룹 생성 예정: hazr-t-dtg-rg (koreacentral)
2026-05-22 10:12:16.859	[INFO] [DryRun] VM 배포 예정: hazr-t-dtg-zkp03 (Template=.\템플릿\VM\template-VM-LinuxZone_Image.json)

2026-05-22 10:12:16.910	[INFO] [DryRun] 리소스 그룹 생성 예정: hazr-t-dtg-rg (koreacentral)
2026-05-22 10:12:16.985	[INFO] [DryRun] VM 배포 예정: hazr-t-dtg-kfk01 (Template=.\템플릿\VM\template-VM-LinuxZone_Image.json)
2026-05-22 10:12:17.040	[INFO] [DryRun] 리소스 그룹 생성 예정: hazr-t-dtg-rg (koreacentral)
2026-05-22 10:12:17.093	[INFO] [DryRun] VM 배포 예정: hazr-t-dtg-kfk02 (Template=.\템플릿\VM\template-VM-LinuxZone_Image.json)
2026-05-22 10:12:17.132	[INFO] [DryRun] 리소스 그룹 생성 예정: hazr-t-dtg-rg (koreacentral)
2026-05-22 10:12:17.184	[INFO] [DryRun] VM 배포 예정: hazr-t-dtg-zkp02 (Template=.\템플릿\VM\template-VM-LinuxZone_Image.json)
2026-05-22 10:12:17.184	[INFO] [DryRun] VM 배포 예정: hazr-t-dtg-kfk03 (Template=.\템플릿\VM\template-VM-LinuxZone_Image.json)
2026-05-22 10:12:17.223	[INFO] [DryRun] 리소스 그룹 생성 예정: hazr-t-dtg-rg (koreacentral)
2026-05-22 10:12:17.221	[INFO] [DryRun] 리소스 그룹 생성 예정: hazr-t-dtg-rg (koreacentral)
2026-05-22 10:12:17.264	[INFO] [DryRun] VM 배포 예정: hazr-t-dtg-zkp03 (Template=.\템플릿\VM\template-VM-LinuxZone_Image.json)

2026-05-22 10:12:17.320	[INFO] [DryRun] 리소스 그룹 생성 예정: hazr-t-dtg-rg (koreacentral)
2026-05-22 10:12:17.385	[INFO] [DryRun] VM 배포 예정: hazr-t-dtg-cdmlap01 (Template=.\템플릿\VM\template-VM-LinuxZone_Image.json)
2026-05-22 10:12:17.460	[INFO] [DryRun] 리소스 그룹 생성 예정: hazr-t-dtg-rg (koreacentral)
2026-05-22 10:12:17.509	[INFO] [DryRun] VM 배포 예정: hazr-t-dtg-cdstap01 (Template=.\템플릿\VM\template-VM-LinuxZone_Image.json)
2026-05-22 10:12:17.537	[INFO] [DryRun] 리소스 그룹 생성 예정: hazr-t-dtg-rg (koreacentral)
2026-05-22 10:12:17.564	[INFO] [DryRun] VM 배포 예정: hazr-t-dtg-cdsvadm01 (Template=.\템플릿\VM\template-VM-LinuxZone_Image.json)
2026-05-22 10:12:17.604	[INFO] [DryRun] 리소스 그룹 생성 예정: hazr-t-dtg-rg (koreacentral)
2026-05-22 10:12:17.657	[INFO] [DryRun] VM 배포 예정: hazr-t-dtg-mdoms01 (Template=.\템플릿\VM\template-VM-LinuxZone_Image.json)

2026-05-22 10:12:17.695	[INFO] [DryRun] 리소스 그룹 생성 예정: hazr-t-dtg-rg (koreacentral)
2026-05-22 10:12:17.739	[INFO] [DryRun] VM 배포 예정: hazr-t-dtg-diosweb01 (Template=.\템플릿\VM\template-VM-LinuxZone_Image.json)
2026-05-22 10:12:17.759	[INFO] [DryRun] 리소스 그룹 생성 예정: hazr-t-dtg-rg (koreacentral)
2026-05-22 10:12:17.805	[INFO] [DryRun] VM 배포 예정: hazr-t-dtg-cdstap01 (Template=.\템플릿\VM\template-VM-LinuxZone_Image.json)
2026-05-22 10:12:17.851	[INFO] [DryRun] 리소스 그룹 생성 예정: hazr-t-dtg-rg (koreacentral)
2026-05-22 10:12:17.898	[INFO] [DryRun] VM 배포 예정: hazr-t-dtg-cdsvadm01 (Template=.\템플릿\VM\template-VM-LinuxZone_Image.json)
2026-05-22 10:12:17.937	[INFO] [DryRun] 리소스 그룹 생성 예정: hazr-t-bdp-rg (koreacentral)
2026-05-22 10:12:17.992	[INFO] [DryRun] VM 배포 예정: hazr-t-bdp-airfw01 (Template=.\템플릿\VM\template-VM-LinuxZone_Image.json)

2026-05-22 10:12:18.031	[INFO] [DryRun] 리소스 그룹 생성 예정: hazr-t-bdp-rg (koreacentral)
2026-05-22 10:12:18.082	[INFO] [DryRun] VM 배포 예정: hazr-t-bdp-kepler01 (Template=.\템플릿\VM\template-VM-LinuxZone_Image.json)

2026-05-22 10:12:18.138	[INFO] [DryRun] 리소스 그룹 생성 예정: hazr-t-dtg-rg (koreacentral)
2026-05-22 10:12:18.186	[INFO] [DryRun] VM 배포 예정: hazr-t-bdp-cxmadm01 (Template=.\템플릿\VM\template-VM-LinuxZone_Image.json)
2026-05-22 10:12:18.187	[INFO] [DryRun] VM 배포 예정: hazr-t-dtg-dprweb01 (Template=.\템플릿\VM\template-VM-LinuxZone_Image.json)
2026-05-22 10:12:18.209	[INFO] [DryRun] 리소스 그룹 생성 예정: hazr-t-dtg-rg (koreacentral)
2026-05-22 10:12:18.260	[INFO] [DryRun] VM 배포 예정: hazr-t-dtg-dprap01 (Template=.\템플릿\VM\template-VM-LinuxZone_Image.json)
2026-05-22 10:12:18.298	[INFO] [DryRun] 리소스 그룹 생성 예정: hazr-t-bdp-rg (koreacentral)
2026-05-22 10:12:18.350	[INFO] [DryRun] VM 배포 예정: hazr-t-bdp-airfw01 (Template=.\템플릿\VM\template-VM-LinuxZone_Image.json)
2026-05-22 10:12:18.388	[INFO] [DryRun] 리소스 그룹 생성 예정: hazr-t-dip-rg (koreacentral)
2026-05-22 10:12:18.438	[INFO] [DryRun] VM 배포 예정: hazr-t-bdp-kepler01 (Template=.\템플릿\VM\template-VM-LinuxZone_Image.json)
2026-05-22 10:12:18.478	[INFO] [DryRun] 리소스 그룹 생성 예정: hazr-t-dip-rg (koreacentral)
2026-05-22 10:12:18.480	[INFO] [DryRun] 리소스 그룹 생성 예정: hazr-t-bdp-rg (koreacentral)
2026-05-22 10:12:18.551	[INFO] [DryRun] VM 배포 예정: hazr-t-dip-flk01 (Template=.\템플릿\VM\template-VM-LinuxZone_Image.json)
)
2026-05-22 10:12:18.595	[INFO] [DryRun] 리소스 그룹 생성 예정: hazr-t-dip-rg (koreacentral)
2026-05-22 10:12:18.644	[INFO] [DryRun] VM 배포 예정: hazr-t-dip-flk02 (Template=.\템플릿\VM\template-VM-LinuxZone_Image.json)

2026-05-22 10:12:18.685	[INFO] [DryRun] 리소스 그룹 생성 예정: hazr-t-dip-rg (koreacentral)
2026-05-22 10:12:18.685	[INFO] [DryRun] 리소스 그룹 생성 예정: hazr-t-dip-rg (koreacentral)
2026-05-22 10:12:18.735	[INFO] [DryRun] VM 배포 예정: hazr-t-dip-flk03 (Template=.\템플릿\VM\template-VM-LinuxZone_Image.json)
2026-05-22 10:12:18.772	[INFO] [DryRun] 리소스 그룹 생성 예정: hazr-t-dip-rg (koreacentral)
2026-05-22 10:12:18.845	[INFO] [DryRun] VM 배포 예정: hazr-t-dip-geoap01 (Template=.\템플릿\VM\template-VM-LinuxZone_Image.json)
2026-05-22 10:12:18.912	[INFO] [DryRun] 리소스 그룹 생성 예정: hazr-t-dip-rg (koreacentral)
2026-05-22 10:12:18.985	[INFO] [DryRun] VM 배포 예정: hazr-t-dip-kfk01 (Template=.\템플릿\VM\template-VM-LinuxZone_Image.json)
2026-05-22 10:12:19.058	[INFO] [DryRun] 리소스 그룹 생성 예정: hazr-t-dip-rg (koreacentral)
2026-05-22 10:12:19.115	[INFO] [DryRun] VM 배포 예정: hazr-t-dip-flk02 (Template=.\템플릿\VM\template-VM-LinuxZone_Image.json)
2026-05-22 10:12:19.157	[INFO] [DryRun] 리소스 그룹 생성 예정: hazr-t-dip-rg (koreacentral)
2026-05-22 10:12:19.217	[INFO] [DryRun] VM 배포 예정: hazr-t-dip-flk03 (Template=.\템플릿\VM\template-VM-LinuxZone_Image.json)
2026-05-22 10:12:19.259	[INFO] [DryRun] 리소스 그룹 생성 예정: hazr-t-dip-rg (koreacentral)
2026-05-22 10:12:19.319	[INFO] [DryRun] VM 배포 예정: hazr-t-dip-geoap01 (Template=.\템플릿\VM\template-VM-LinuxZone_Image.json)
2026-05-22 10:12:19.359	[INFO] [DryRun] 리소스 그룹 생성 예정: hazr-t-dip-rg (koreacentral)
2026-05-22 10:12:19.411	[INFO] [DryRun] VM 배포 예정: hazr-t-dip-mqweb01 (Template=.\템플릿\VM\template-VM-LinuxZone_Image.json)
2026-05-22 10:12:19.451	[INFO] [DryRun] 리소스 그룹 생성 예정: hazr-t-dip-rg (koreacentral)
2026-05-22 10:12:19.451	[INFO] [DryRun] 리소스 그룹 생성 예정: hazr-t-dip-rg (koreacentral)
2026-05-22 10:12:19.499	[INFO] [DryRun] VM 배포 예정: hazr-t-dip-kfk02 (Template=.\템플릿\VM\template-VM-LinuxZone_Image.json)
2026-05-22 10:12:19.499	[INFO] [DryRun] VM 배포 예정: hazr-t-dip-oms01 (Template=.\템플릿\VM\template-VM-LinuxZone_Image.json)
2026-05-22 10:12:19.544	[INFO] [DryRun] 리소스 그룹 생성 예정: hazr-t-dip-rg (koreacentral)
2026-05-22 10:12:19.588	[INFO] [DryRun] VM 배포 예정: hazr-t-dip-kfk03 (Template=.\템플릿\VM\template-VM-LinuxZone_Image.json)
2026-05-22 10:12:19.626	[INFO] [DryRun] 리소스 그룹 생성 예정: hazr-t-com-rg (koreacentral)
2026-05-22 10:12:19.671	[INFO] [DryRun] VM 배포 예정: hazr-t-dip-mqap01 (Template=.\템플릿\VM\template-VM-LinuxZone_Image.json)
2026-05-22 10:12:19.732	[INFO] [DryRun] 리소스 그룹 생성 예정: hazr-t-dip-rg (koreacentral)
emplate-VM-LinuxZone_Image.json)
2026-05-22 10:12:19.789	[INFO] [DryRun] 리소스 그룹 생성 예정: hazr-t-com-rg (koreacentral)
template-VM-LinuxZone_Image.json)
2026-05-22 10:12:19.838	[INFO] [DryRun] 리소스 그룹 생성 예정: hazr-t-dip-rg (koreacentral)
template-VM-LinuxZone_Image.json)
2026-05-22 10:12:19.879	[INFO] [DryRun] 리소스 그룹 생성 예정: hazr-t-if-rg (koreacentral)
emplate-VM-LinuxZone_Image.json)
2026-05-22 10:12:19.937	[INFO] [DryRun] 리소스 그룹 생성 예정: hazr-t-dip-rg (koreacentral)
template-VM-LinuxZone_Image.json)
2026-05-22 10:12:19.979	[INFO] [DryRun] 리소스 그룹 생성 예정: hazr-t-doip-rg (koreacentral)
plate-VM-LinuxZone_Image.json)
2026-05-22 10:12:20.026	[INFO] [DryRun] 리소스 그룹 생성 예정: hazr-t-com-rg (koreacentral)
2026-05-22 10:12:20.035	[INFO] [DryRun] VM 배포 예정: hazr-t-doip-web01 (Template=.\템플릿\VM\template-VM-LinuxZone_Image.json)
2026-05-22 10:12:20.066	[INFO] [DryRun] 리소스 그룹 생성 예정: hazr-t-doip-rg (koreacentral)
mplate-VM-LinuxZone_Image.json)
2026-05-22 10:12:20.106	[INFO] [DryRun] 리소스 그룹 생성 예정: hazr-t-com-rg (koreacentral)
mplate-VM-LinuxZone_Image.json)
2026-05-22 10:12:20.147	[INFO] [DryRun] 리소스 그룹 생성 예정: hazr-t-doip-rg (koreacentral)
emplate-VM-LinuxZone_Image.json)
2026-05-22 10:12:20.206	[INFO] [DryRun] VM 배포 예정: hazr-t-doip-adm01 (Template=.\템플릿\VM\template-VM-LinuxZone_Image.json)
2026-05-22 10:12:20.198	[INFO] [DryRun] 리소스 그룹 생성 예정: hazr-t-if-rg (koreacentral)
2026-05-22 10:12:20.236	[INFO] [DryRun] 리소스 그룹 생성 예정: hazr-t-bdp-rg (koreacentral)
template-VM-LinuxZone_Image.json)
2026-05-22 10:12:20.284	[INFO] [DryRun] VM 배포 예정: hazr-t-bdp-crkweb01 (Template=.\템플릿\VM\template-VM-LinuxZone_Image.json)
2026-05-22 10:12:20.277	[INFO] [DryRun] 리소스 그룹 생성 예정: hazr-t-doip-rg (koreacentral)
2026-05-22 10:12:20.315	[INFO] [DryRun] 리소스 그룹 생성 예정: hazr-t-bdp-rg (koreacentral)
emplate-VM-LinuxZone_Image.json)
2026-05-22 10:12:20.364	[INFO] [DryRun] VM 배포 예정: hazr-t-bdp-crkap01 (Template=.\템플릿\VM\template-VM-LinuxZone_Image.json)
2026-05-22 10:12:20.394	[INFO] [DryRun] 리소스 그룹 생성 예정: hazr-t-bdp-rg (koreacentral)
mplate-VM-LinuxZone_Image.json)
2026-05-22 10:12:20.434	[INFO] [DryRun] 리소스 그룹 생성 예정: hazr-t-doip-rg (koreacentral)
2026-05-22 10:12:20.447	[INFO] [DryRun] VM 배포 예정: hazr-t-bdp-crkml01 (Template=.\템플릿\VM\template-VM-LinuxZone_Image.json)
2026-05-22 10:12:20.475	[INFO] [DryRun] 리소스 그룹 생성 예정: hazr-l-mon-rg (koreacentral)
emplate-VM-LinuxZone_Image.json)
2026-05-22 10:12:20.527	[INFO] [DryRun] VM 배포 예정: hazr-l-mon-whtap01 (Template=.\템플릿\VM\template-VM-LinuxZone_Image.json)
2026-05-22 10:12:20.554	[INFO] [DryRun] 리소스 그룹 생성 예정: hazr-l-mon-rg (koreacentral)
\template-VM-LinuxZone_Image.json)
2026-05-22 10:12:20.602	[INFO] [DryRun] VM 배포 예정: hazr-l-mon-whtap02 (Template=.\템플릿\VM\template-VM-LinuxZone_Image.json)
2026-05-22 10:12:20.633	[INFO] [DryRun] 리소스 그룹 생성 예정: hazr-l-mon-rg (koreacentral)
template-VM-LinuxZone_Image.json)
2026-05-22 10:12:20.680	[INFO] [DryRun] VM 배포 예정: hazr-l-mon-whtap03 (Template=.\템플릿\VM\template-VM-LinuxZone_Image.json)
2026-05-22 10:12:20.723	[INFO] [DryRun] VM 배포 예정: hazr-t-bdp-crkml01 (Template=.\템플릿\VM\template-VM-LinuxZone_Image.json)
2026-05-22 10:12:20.715	[INFO] [END] Deploy-Vms
2026-05-22 10:12:20.755	[INFO] [DryRun] 리소스 그룹 생성 예정: hazr-l-mon-rg (koreacentral)
2026-05-22 10:12:20.811	[INFO] [DryRun] VM 배포 예정: hazr-l-mon-whtap01 (Template=.\템플릿\VM\template-VM-LinuxZone_Image.json)
2026-05-22 10:12:20.851	[INFO] [DryRun] 리소스 그룹 생성 예정: hazr-l-mon-rg (koreacentral)
2026-05-22 10:12:20.914	[INFO] [DryRun] VM 배포 예정: hazr-l-mon-whtap02 (Template=.\템플릿\VM\template-VM-LinuxZone_Image.json)
2026-05-22 10:12:20.971	[INFO] [DryRun] 리소스 그룹 생성 예정: hazr-l-mon-rg (koreacentral)
2026-05-22 10:12:21.030	[INFO] [DryRun] VM 배포 예정: hazr-l-mon-whtap03 (Template=.\템플릿\VM\template-VM-LinuxZone_Image.json)
2026-05-22 10:12:21.072	[INFO] [END] Deploy-Vms
2026-05-22 10:12:21.115	[INFO] [START] Deploy-DataDisks
2026-05-22 10:12:22.440	[INFO] [END] Deploy-DataDisks
2026-05-22 10:12:22.528	[INFO] [START] Deploy-Nsgs
2026-05-22 10:12:22.658	[INFO] [END] Deploy-DataDisks
2026-05-22 10:12:22.728	[INFO] [START] Deploy-Nsgs
NSG
2026-05-22 10:12:22.951	[INFO] Excel 시트 로드: NSG
2026-05-22 10:12:23.110	[INFO] Excel 시트 로드: NSG_Rule
2026-05-22 10:12:23.398	[INFO] Excel 시트 로드: NSG_Rule
2026-05-22 10:12:23.508	[INFO] Excel 시트 로드: VNET
2026-05-22 10:12:23.767	[INFO] Excel 시트 로드: VNET
2026-05-22 10:12:23.823	[INFO] [DryRun] NSG 배포 예정: l-mon-whtap01-nsg (RG=hazr-l-mon-rg)
2026-05-22 10:12:23.872	[INFO] [DryRun] NIC-NSG 연결 예정: l-mon-whtap01-nic (RG=hazr-l-mon-rg) -> l-mon-whtap01-nsg
2026-05-22 10:12:23.917	[INFO] [DryRun] NSG 배포 예정: l-mon-whtap02-nsg (RG=hazr-l-mon-rg)
2026-05-22 10:12:23.962	[INFO] [DryRun] NIC-NSG 연결 예정: l-mon-whtap02-nic (RG=hazr-l-mon-rg) -> l-mon-whtap02-nsg
2026-05-22 10:12:24.013	[INFO] [DryRun] NSG 배포 예정: l-mon-whtap03-nsg (RG=hazr-l-mon-rg)
2026-05-22 10:12:24.066	[INFO] [DryRun] NIC-NSG 연결 예정: l-mon-whtap03-nic (RG=hazr-l-mon-rg) -> l-mon-whtap03-nsg
2026-05-22 10:12:24.109	[INFO] [DryRun] NSG 배포 예정: t-bdp-airfw01-nsg (RG=hazr-t-dch-rg)
g) -> l-mon-whtap01-nsg
2026-05-22 10:12:24.152	[INFO] [DryRun] NIC-NSG 연결 예정: t-bdp-airfw01-nic (RG=hazr-t-bdp-rg) -> t-bdp-airfw01-nsg
2026-05-22 10:12:24.188	[INFO] [DryRun] NIC-NSG 연결 예정: l-mon-whtap02-nic (RG=hazr-l-mon-rg) -> l-mon-whtap02-nsg
2026-05-22 10:12:24.229	[INFO] [DryRun] NIC-NSG 연결 예정: t-bdp-crkap01-nic (RG=hazr-t-bdp-rg) -> t-bdp-crkap01-nsg
2026-05-22 10:12:24.229	[INFO] [DryRun] NSG 배포 예정: l-mon-whtap03-nsg (RG=hazr-l-mon-rg)
2026-05-22 10:12:24.267	[INFO] [DryRun] NIC-NSG 연결 예정: l-mon-whtap03-nic (RG=hazr-l-mon-rg) -> l-mon-whtap03-nsg
2026-05-22 10:12:24.308	[INFO] [DryRun] NSG 배포 예정: t-bdp-airfw01-nsg (RG=hazr-t-dch-rg)
g) -> t-bdp-crkml01-nsg
2026-05-22 10:12:24.348	[INFO] [DryRun] NIC-NSG 연결 예정: t-bdp-airfw01-nic (RG=hazr-t-bdp-rg) -> t-bdp-airfw01-nsg
2026-05-22 10:12:24.348	[INFO] [DryRun] NSG 배포 예정: t-bdp-crkweb01-nsg (RG=hazr-t-dch-rg)
2026-05-22 10:12:24.393	[INFO] [DryRun] NIC-NSG 연결 예정: t-bdp-crkweb01-nic (RG=hazr-t-bdp-rg) -> t-bdp-crkweb01-nsg
2026-05-22 10:12:24.386	[INFO] [DryRun] NSG 배포 예정: t-bdp-crkap01-nsg (RG=hazr-t-dch-rg)
2026-05-22 10:12:24.431	[INFO] [DryRun] NSG 배포 예정: t-bdp-cxmadm01-nsg (RG=hazr-t-dch-rg)
) -> t-bdp-crkap01-nsg
2026-05-22 10:12:24.469	[INFO] [DryRun] NIC-NSG 연결 예정: t-bdp-cxmadm01-nic (RG=hazr-t-bdp-rg) -> t-bdp-cxmadm01-nsg
2026-05-22 10:12:24.508	[INFO] [DryRun] NIC-NSG 연결 예정: t-bdp-crkml01-nic (RG=hazr-t-bdp-rg) -> t-bdp-crkml01-nsg
2026-05-22 10:12:24.552	[INFO] [DryRun] Subnet-NSG 연결 예정: hazr-t-dch-int-vnet/t-bdp-db-sbn -> t-bdp-db-nsg
2026-05-22 10:12:24.551	[INFO] [DryRun] NSG 배포 예정: t-bdp-crkweb01-nsg (RG=hazr-t-dch-rg)
2026-05-22 10:12:24.595	[INFO] [DryRun] NSG 배포 예정: t-bdp-kepler01-nsg (RG=hazr-t-dch-rg)
2026-05-22 10:12:24.599	[INFO] [DryRun] NIC-NSG 연결 예정: t-bdp-crkweb01-nic (RG=hazr-t-bdp-rg) -> t-bdp-crkweb01-nsg
2026-05-22 10:12:24.632	[INFO] [DryRun] NIC-NSG 연결 예정: t-bdp-kepler01-nic (RG=hazr-t-bdp-rg) -> t-bdp-kepler01-nsg
2026-05-22 10:12:24.670	[INFO] [DryRun] NSG 배포 예정: t-bdp-cxmadm01-nsg (RG=hazr-t-dch-rg)
2026-05-22 10:12:24.700	[INFO] [DryRun] NIC-NSG 연결 예정: t-bdp-cxmadm01-nic (RG=hazr-t-bdp-rg) -> t-bdp-cxmadm01-nsg
2026-05-22 10:12:24.717	[INFO] [DryRun] NSG 배포 예정: t-bdp-db-nsg (RG=hazr-t-dch-rg)
pe-sbn -> t-bdp-pe-nsg
2026-05-22 10:12:24.759	[INFO] [DryRun] Subnet-NSG 연결 예정: hazr-t-dch-int-vnet/t-bdp-db-sbn -> t-bdp-db-nsg
2026-05-22 10:12:24.802	[INFO] [DryRun] NSG 배포 예정: t-bdp-kepler01-nsg (RG=hazr-t-dch-rg)
 -> t-bdp-slap01-nsg
2026-05-22 10:12:24.841	[INFO] [DryRun] NIC-NSG 연결 예정: t-bdp-kepler01-nic (RG=hazr-t-bdp-rg) -> t-bdp-kepler01-nsg
2026-05-22 10:12:24.841	[INFO] [DryRun] NSG 배포 예정: t-com-auth01-nsg (RG=hazr-t-dch-rg)
2026-05-22 10:12:24.885	[INFO] [DryRun] NIC-NSG 연결 예정: t-com-auth01-nic (RG=hazr-t-com-rg) -> t-com-auth01-nsg
2026-05-22 10:12:24.924	[INFO] [DryRun] Subnet-NSG 연결 예정: hazr-t-dch-int-vnet/t-bdp-pe-sbn -> t-bdp-pe-nsg
2026-05-22 10:12:24.972	[INFO] [DryRun] Subnet-NSG 연결 예정: hazr-t-dch-int-vnet/t-com-db-sbn -> t-com-db-nsg
2026-05-22 10:12:25.009	[INFO] [DryRun] NSG 배포 예정: t-com-pe-nsg (RG=hazr-t-dch-rg)
dp-rg) -> t-bdp-slap01-nsg
2026-05-22 10:12:25.045	[INFO] [DryRun] Subnet-NSG 연결 예정: hazr-t-dch-int-vnet/t-com-pe-sbn -> t-com-pe-nsg
2026-05-22 10:12:25.044	[INFO] [DryRun] NSG 배포 예정: t-com-auth01-nsg (RG=hazr-t-dch-rg)
2026-05-22 10:12:25.085	[INFO] [DryRun] NSG 배포 예정: t-com-proxy01-nsg (RG=hazr-t-dch-rg)
) -> t-com-auth01-nsg
2026-05-22 10:12:25.131	[INFO] [DryRun] NSG 배포 예정: t-com-db-nsg (RG=hazr-t-dch-rg)
com-rg) -> t-com-proxy01-nsg
2026-05-22 10:12:25.173	[INFO] [DryRun] NSG 배포 예정: t-cs-chtap01-nsg (RG=hazr-t-dch-rg)
bn -> t-com-db-nsg
2026-05-22 10:12:25.219	[INFO] [DryRun] NSG 배포 예정: t-com-pe-nsg (RG=hazr-t-dch-rg)
s-rg) -> t-cs-chtap01-nsg
2026-05-22 10:12:25.259	[INFO] [DryRun] NSG 배포 예정: t-cs-chtintweb01-nsg (RG=hazr-t-dch-rg)
> t-com-pe-nsg
2026-05-22 10:12:25.307	[INFO] [DryRun] NSG 배포 예정: t-com-proxy01-nsg (RG=hazr-t-dch-rg)
-rg) -> t-cs-chtintweb01-nsg
2026-05-22 10:12:25.356	[INFO] [DryRun] NIC-NSG 연결 예정: t-com-proxy01-nic (RG=hazr-t-com-rg) -> t-com-proxy01-nsg
2026-05-22 10:12:25.405	[INFO] [DryRun] NIC-NSG 연결 예정: t-cs-chtweb01-nic (RG=hazr-t-cs-rg) -> t-cs-chtweb01-nsg
2026-05-22 10:12:25.490	[INFO] [DryRun] NSG 배포 예정: t-cs-db-nsg (RG=hazr-t-dch-rg)
cs-rg) -> t-cs-chtap01-nsg
2026-05-22 10:12:25.540	[INFO] [DryRun] Subnet-NSG 연결 예정: hazr-t-dch-int-vnet/t-cs-db-sbn -> t-cs-db-nsg
2026-05-22 10:12:25.588	[INFO] [DryRun] NSG 배포 예정: t-cs-pe-nsg (RG=hazr-t-dch-rg)
r-t-cs-rg) -> t-cs-chtintweb01-nsg
2026-05-22 10:12:25.632	[INFO] [DryRun] NSG 배포 예정: t-cs-chtweb01-nsg (RG=hazr-t-dch-rg)
 -> t-cs-pe-nsg
2026-05-22 10:12:25.682	[INFO] [DryRun] NIC-NSG 연결 예정: t-cs-chtweb01-nic (RG=hazr-t-cs-rg) -> t-cs-chtweb01-nsg
2026-05-22 10:12:25.728	[INFO] [DryRun] NIC-NSG 연결 예정: t-dip-adm01-nic (RG=hazr-t-dip-rg) -> t-dip-adm01-nsg
2026-05-22 10:12:25.765	[INFO] [DryRun] NSG 배포 예정: t-dip-ap01-nsg (RG=hazr-t-dch-rg)
2026-05-22 10:12:25.765	[INFO] [DryRun] Subnet-NSG 연결 예정: hazr-t-dch-int-vnet/t-cs-db-sbn -> t-cs-db-nsg
2026-05-22 10:12:25.805	[INFO] [DryRun] NSG 배포 예정: t-cs-pe-nsg (RG=hazr-t-dch-rg)
p-rg) -> t-dip-ap01-nsg
2026-05-22 10:12:25.847	[INFO] [DryRun] NSG 배포 예정: t-dip-db-nsg (RG=hazr-t-dch-rg)
e-sbn -> t-cs-pe-nsg
2026-05-22 10:12:25.886	[INFO] [DryRun] Subnet-NSG 연결 예정: hazr-t-dch-int-vnet/t-dip-db-sbn -> t-dip-db-nsg
2026-05-22 10:12:25.935	[INFO] [DryRun] NIC-NSG 연결 예정: t-dip-adm01-nic (RG=hazr-t-dip-rg) -> t-dip-adm01-nsg
2026-05-22 10:12:25.934	[INFO] [DryRun] NSG 배포 예정: t-dip-flk01-nsg (RG=hazr-t-dch-rg)
2026-05-22 10:12:25.979	[INFO] [DryRun] NSG 배포 예정: t-dip-ap01-nsg (RG=hazr-t-dch-rg)
rg) -> t-dip-flk01-nsg
2026-05-22 10:12:26.018	[INFO] [DryRun] NSG 배포 예정: t-dip-flk02-nsg (RG=hazr-t-dch-rg)
2026-05-22 10:12:26.018	[INFO] [DryRun] NIC-NSG 연결 예정: t-dip-ap01-nic (RG=hazr-t-dip-rg) -> t-dip-ap01-nsg
2026-05-22 10:12:26.066	[INFO] [DryRun] NIC-NSG 연결 예정: t-dip-flk02-nic (RG=hazr-t-dip-rg) -> t-dip-flk02-nsg
2026-05-22 10:12:26.104	[INFO] [DryRun] NSG 배포 예정: t-dip-flk03-nsg (RG=hazr-t-dch-rg)
sbn -> t-dip-db-nsg
2026-05-22 10:12:26.146	[INFO] [DryRun] NSG 배포 예정: t-dip-flk01-nsg (RG=hazr-t-dch-rg)
g) -> t-dip-flk03-nsg
2026-05-22 10:12:26.190	[INFO] [DryRun] NIC-NSG 연결 예정: t-dip-flk01-nic (RG=hazr-t-dip-rg) -> t-dip-flk01-nsg
2026-05-22 10:12:26.211	[INFO] [DryRun] NIC-NSG 연결 예정: t-dip-geoap01-nic (RG=hazr-t-dip-rg) -> t-dip-geoap01-nsg
2026-05-22 10:12:26.252	[INFO] [DryRun] NIC-NSG 연결 예정: t-dip-flk02-nic (RG=hazr-t-dip-rg) -> t-dip-flk02-nsg
2026-05-22 10:12:26.251	[INFO] [DryRun] NSG 배포 예정: t-dip-kfk01-nsg (RG=hazr-t-dch-rg)
2026-05-22 10:12:26.294	[INFO] [DryRun] NIC-NSG 연결 예정: t-dip-kfk01-nic (RG=hazr-t-dip-rg) -> t-dip-kfk01-nsg
2026-05-22 10:12:26.333	[INFO] [DryRun] NSG 배포 예정: t-dip-kfk02-nsg (RG=hazr-t-dch-rg)
g) -> t-dip-flk03-nsg
2026-05-22 10:12:26.372	[INFO] [DryRun] NSG 배포 예정: t-dip-geoap01-nsg (RG=hazr-t-dch-rg)
2026-05-22 10:12:26.372	[INFO] [DryRun] NIC-NSG 연결 예정: t-dip-kfk02-nic (RG=hazr-t-dip-rg) -> t-dip-kfk02-nsg
2026-05-22 10:12:26.411	[INFO] [DryRun] NIC-NSG 연결 예정: t-dip-geoap01-nic (RG=hazr-t-dip-rg) -> t-dip-geoap01-nsg
2026-05-22 10:12:26.452	[INFO] [DryRun] NSG 배포 예정: t-dip-kfk01-nsg (RG=hazr-t-dch-rg)
g) -> t-dip-kfk03-nsg
2026-05-22 10:12:26.491	[INFO] [DryRun] NSG 배포 예정: t-dip-mqap01-nsg (RG=hazr-t-dch-rg)
) -> t-dip-kfk01-nsg
2026-05-22 10:12:26.533	[INFO] [DryRun] NSG 배포 예정: t-dip-kfk02-nsg (RG=hazr-t-dch-rg)
rg) -> t-dip-mqap01-nsg
2026-05-22 10:12:26.574	[INFO] [DryRun] NIC-NSG 연결 예정: t-dip-kfk02-nic (RG=hazr-t-dip-rg) -> t-dip-kfk02-nsg
2026-05-22 10:12:26.613	[INFO] [DryRun] NIC-NSG 연결 예정: t-dip-mqweb01-nic (RG=hazr-t-dip-rg) -> t-dip-mqweb01-nsg
2026-05-22 10:12:26.653	[INFO] [DryRun] NIC-NSG 연결 예정: t-dip-kfk03-nic (RG=hazr-t-dip-rg) -> t-dip-kfk03-nsg
2026-05-22 10:12:26.694	[INFO] [DryRun] NSG 배포 예정: t-dip-mqap01-nsg (RG=hazr-t-dch-rg)
) -> t-dip-oms01-nsg
2026-05-22 10:12:26.735	[INFO] [DryRun] NSG 배포 예정: t-dip-pe-nsg (RG=hazr-t-dch-rg)
ip-rg) -> t-dip-mqap01-nsg
2026-05-22 10:12:26.775	[INFO] [DryRun] Subnet-NSG 연결 예정: hazr-t-dch-int-vnet/t-dip-pe-sbn -> t-dip-pe-nsg
2026-05-22 10:12:26.816	[INFO] [DryRun] NIC-NSG 연결 예정: t-dip-mqweb01-nic (RG=hazr-t-dip-rg) -> t-dip-mqweb01-nsg
2026-05-22 10:12:26.858	[INFO] [DryRun] NIC-NSG 연결 예정: t-dip-web01-nic (RG=hazr-t-dip-rg) -> t-dip-web01-nsg
2026-05-22 10:12:26.908	[INFO] [DryRun] NSG 배포 예정: t-dis-adm01-nsg (RG=hazr-t-dch-rg)
g) -> t-dip-oms01-nsg
2026-05-22 10:12:26.945	[INFO] [DryRun] NIC-NSG 연결 예정: t-dis-adm01-nic (RG=hazr-t-dis-rg) -> t-dis-adm01-nsg
2026-05-22 10:12:26.967	[INFO] [DryRun] NSG 배포 예정: t-dis-ap01-nsg (RG=hazr-t-dch-rg)
2026-05-22 10:12:26.966	[INFO] [DryRun] Subnet-NSG 연결 예정: hazr-t-dch-int-vnet/t-dip-pe-sbn -> t-dip-pe-nsg
2026-05-22 10:12:27.004	[INFO] [DryRun] NIC-NSG 연결 예정: t-dis-ap01-nic (RG=hazr-t-dis-rg) -> t-dis-ap01-nsg
2026-05-22 10:12:27.043	[INFO] [DryRun] NIC-NSG 연결 예정: t-dip-web01-nic (RG=hazr-t-dip-rg) -> t-dip-web01-nsg
2026-05-22 10:12:27.045	[INFO] [DryRun] NSG 배포 예정: t-dis-bat01-nsg (RG=hazr-t-dch-rg)
2026-05-22 10:12:27.199	[INFO] [DryRun] NIC-NSG 연결 예정: t-dis-adm01-nic (RG=hazr-t-dis-rg) -> t-dis-adm01-nsg
2026-05-22 10:12:27.246	[INFO] [DryRun] NSG 배포 예정: t-dis-bbicltap01-nsg (RG=hazr-t-dch-rg)
2026-05-22 10:12:27.296	[INFO] [DryRun] NIC-NSG 연결 예정: t-dis-bbicltap01-nic (RG=hazr-t-dis-rg) -> t-dis-bbicltap01-nsg
2026-05-22 10:12:27.336	[INFO] [DryRun] NSG 배포 예정: t-dis-bbimsgap01-nsg (RG=hazr-t-dch-rg)
2026-05-22 10:12:27.358	[INFO] [DryRun] NIC-NSG 연결 예정: t-dis-bat01-nic (RG=hazr-t-dis-rg) -> t-dis-bat01-nsg
ap01-nsg
2026-05-22 10:12:27.397	[INFO] [DryRun] NSG 배포 예정: t-dis-bbicltap01-nsg (RG=hazr-t-dch-rg)
2026-05-22 10:12:27.396	[INFO] [DryRun] NSG 배포 예정: t-dis-bbiweb01-nsg (RG=hazr-t-dch-rg)
2026-05-22 10:12:27.433	[INFO] [DryRun] NIC-NSG 연결 예정: t-dis-bbicltap01-nic (RG=hazr-t-dis-rg) -> t-dis-bbicltap01-nsg
2026-05-22 10:12:27.471	[INFO] [DryRun] NSG 배포 예정: t-dis-bbimsgap01-nsg (RG=hazr-t-dch-rg)
2026-05-22 10:12:27.472	[INFO] [DryRun] NSG 배포 예정: t-dis-cmbsap01-nsg (RG=hazr-t-dch-rg)
2026-05-22 10:12:27.509	[INFO] [DryRun] NIC-NSG 연결 예정: t-dis-cmbsap01-nic (RG=hazr-t-dis-rg) -> t-dis-cmbsap01-nsg
sg
2026-05-22 10:12:27.546	[INFO] [DryRun] NSG 배포 예정: t-dis-cmsadm01-nsg (RG=hazr-t-dch-rg)
2026-05-22 10:12:27.546	[INFO] [DryRun] NSG 배포 예정: t-dis-bbiweb01-nsg (RG=hazr-t-dch-rg)
2026-05-22 10:12:27.595	[INFO] [DryRun] NIC-NSG 연결 예정: t-dis-cmsadm01-nic (RG=hazr-t-dis-rg) -> t-dis-cmsadm01-nsg
2026-05-22 10:12:27.632	[INFO] [DryRun] NSG 배포 예정: t-dis-cmsap01-nsg (RG=hazr-t-dch-rg)
2026-05-22 10:12:27.632	[INFO] [DryRun] NSG 배포 예정: t-dis-cmbsap01-nsg (RG=hazr-t-dch-rg)
2026-05-22 10:12:27.678	[INFO] [DryRun] NIC-NSG 연결 예정: t-dis-cmbsap01-nic (RG=hazr-t-dis-rg) -> t-dis-cmbsap01-nsg
2026-05-22 10:12:27.715	[INFO] [DryRun] NSG 배포 예정: t-dis-cmsweb01-nsg (RG=hazr-t-dch-rg)
2026-05-22 10:12:27.756	[INFO] [DryRun] NIC-NSG 연결 예정: t-dis-cmsweb01-nic (RG=hazr-t-dis-rg) -> t-dis-cmsweb01-nsg
2026-05-22 10:12:27.794	[INFO] [DryRun] NSG 배포 예정: t-dis-cmsap01-nsg (RG=hazr-t-dch-rg)
2026-05-22 10:12:27.794	[INFO] [DryRun] NSG 배포 예정: t-dis-db-nsg (RG=hazr-t-dch-rg)
2026-05-22 10:12:27.833	[INFO] [DryRun] NIC-NSG 연결 예정: t-dis-cmsap01-nic (RG=hazr-t-dis-rg) -> t-dis-cmsap01-nsg
2026-05-22 10:12:27.873	[INFO] [DryRun] NSG 배포 예정: t-dis-dfir01-nsg (RG=hazr-t-dch-rg)

2026-05-22 10:12:27.917	[INFO] [DryRun] NIC-NSG 연결 예정: t-dis-cmsweb01-nic (RG=hazr-t-dis-rg) -> t-dis-cmsweb01-nsg
2026-05-22 10:12:27.958	[INFO] [DryRun] NSG 배포 예정: t-dis-db-nsg (RG=hazr-t-dch-rg)
2026-05-22 10:12:27.957	[INFO] [DryRun] NSG 배포 예정: t-dis-drvcltap01-nsg (RG=hazr-t-dch-rg)
2026-05-22 10:12:27.997	[INFO] [DryRun] NIC-NSG 연결 예정: t-dis-drvcltap01-nic (RG=hazr-t-dis-rg) -> t-dis-drvcltap01-nsg
2026-05-22 10:12:28.038	[INFO] [DryRun] NSG 배포 예정: t-dis-drvmsgap01-nsg (RG=hazr-t-dch-rg)
2026-05-22 10:12:28.077	[INFO] [DryRun] NIC-NSG 연결 예정: t-dis-drvmsgap01-nic (RG=hazr-t-dis-rg) -> t-dis-drvmsgap01-nsg
2026-05-22 10:12:28.077	[INFO] [DryRun] NIC-NSG 연결 예정: t-dis-dfir01-nic (RG=hazr-t-dis-rg) -> t-dis-dfir01-nsg
2026-05-22 10:12:28.114	[INFO] [DryRun] NSG 배포 예정: t-dis-drvcltap01-nsg (RG=hazr-t-dch-rg)
2026-05-22 10:12:28.114	[INFO] [DryRun] NSG 배포 예정: t-dis-pe-nsg (RG=hazr-t-dch-rg)
2026-05-22 10:12:28.151	[INFO] [DryRun] NIC-NSG 연결 예정: t-dis-drvcltap01-nic (RG=hazr-t-dis-rg) -> t-dis-drvcltap01-nsg
2026-05-22 10:12:28.192	[INFO] [DryRun] NSG 배포 예정: t-dis-walkap01-nsg (RG=hazr-t-dch-rg)

2026-05-22 10:12:28.231	[INFO] [DryRun] NIC-NSG 연결 예정: t-dis-drvmsgap01-nic (RG=hazr-t-dis-rg) -> t-dis-drvmsgap01-nsg
2026-05-22 10:12:28.270	[INFO] [DryRun] NSG 배포 예정: t-dis-walkweb01-nsg (RG=hazr-t-dch-rg)
2026-05-22 10:12:28.270	[INFO] [DryRun] NSG 배포 예정: t-dis-pe-nsg (RG=hazr-t-dch-rg)
2026-05-22 10:12:28.311	[INFO] [DryRun] NIC-NSG 연결 예정: t-dis-walkweb01-nic (RG=hazr-t-dis-rg) -> t-dis-walkweb01-nsg
2026-05-22 10:12:28.350	[INFO] [DryRun] NSG 배포 예정: t-dis-web01-nsg (RG=hazr-t-dch-rg)
)
2026-05-22 10:12:28.394	[INFO] [DryRun] NIC-NSG 연결 예정: t-dis-web01-nic (RG=hazr-t-dis-rg) -> t-dis-web01-nsg
-nsg
2026-05-22 10:12:28.431	[INFO] [DryRun] NSG 배포 예정: t-doip-adm01-nsg (RG=hazr-t-dch-rg)
2026-05-22 10:12:28.431	[INFO] [DryRun] NSG 배포 예정: t-dis-walkweb01-nsg (RG=hazr-t-dch-rg)
 -> t-doip-adm01-nsg
2026-05-22 10:12:28.533	[INFO] [DryRun] NSG 배포 예정: t-doip-ap01-nsg (RG=hazr-t-dch-rg)
is-rg) -> t-dis-walkweb01-nsg
2026-05-22 10:12:28.574	[INFO] [DryRun] NIC-NSG 연결 예정: t-doip-ap01-nic (RG=hazr-t-doip-rg) -> t-doip-ap01-nsg
2026-05-22 10:12:28.612	[INFO] [DryRun] NIC-NSG 연결 예정: t-dis-web01-nic (RG=hazr-t-dis-rg) -> t-dis-web01-nsg
2026-05-22 10:12:28.652	[INFO] [DryRun] Subnet-NSG 연결 예정: hazr-t-dch-int-vnet/t-doip-db-sbn -> t-doip-db-nsg
2026-05-22 10:12:28.688	[INFO] [DryRun] NSG 배포 예정: t-doip-pe-nsg (RG=hazr-t-dch-rg)
ip-rg) -> t-doip-adm01-nsg
2026-05-22 10:12:28.739	[INFO] [DryRun] NSG 배포 예정: t-doip-ap01-nsg (RG=hazr-t-dch-rg)
2026-05-22 10:12:28.738	[INFO] [DryRun] Subnet-NSG 연결 예정: hazr-t-dch-int-vnet/t-doip-pe-sbn -> t-doip-pe-nsg
2026-05-22 10:12:28.774	[INFO] [DryRun] NIC-NSG 연결 예정: t-doip-ap01-nic (RG=hazr-t-doip-rg) -> t-doip-ap01-nsg
2026-05-22 10:12:28.774	[INFO] [DryRun] NSG 배포 예정: t-doip-web01-nsg (RG=hazr-t-dch-rg)
2026-05-22 10:12:28.813	[INFO] [DryRun] NSG 배포 예정: t-doip-db-nsg (RG=hazr-t-dch-rg)
ip-rg) -> t-doip-web01-nsg
2026-05-22 10:12:28.854	[INFO] [DryRun] Subnet-NSG 연결 예정: hazr-t-dch-int-vnet/t-doip-db-sbn -> t-doip-db-nsg
2026-05-22 10:12:28.852	[INFO] [DryRun] NSG 배포 예정: t-dtg-admap01-nsg (RG=hazr-t-dch-rg)
2026-05-22 10:12:28.893	[INFO] [DryRun] NIC-NSG 연결 예정: t-dtg-admap01-nic (RG=hazr-t-dtg-rg) -> t-dtg-admap01-nsg
2026-05-22 10:12:28.893	[INFO] [DryRun] NSG 배포 예정: t-doip-pe-nsg (RG=hazr-t-dch-rg)
2026-05-22 10:12:28.930	[INFO] [DryRun] Subnet-NSG 연결 예정: hazr-t-dch-int-vnet/t-doip-pe-sbn -> t-doip-pe-nsg
2026-05-22 10:12:28.982	[INFO] [DryRun] NSG 배포 예정: t-doip-web01-nsg (RG=hazr-t-dch-rg)
-rg) -> t-dtg-admweb01-nsg
2026-05-22 10:12:29.020	[INFO] [DryRun] NSG 배포 예정: t-dtg-ap01-nsg (RG=hazr-t-dch-rg)
p-rg) -> t-doip-web01-nsg
2026-05-22 10:12:29.059	[INFO] [DryRun] NIC-NSG 연결 예정: t-dtg-ap01-nic (RG=hazr-t-dtg-rg) -> t-dtg-ap01-nsg
2026-05-22 10:12:29.098	[INFO] [DryRun] NSG 배포 예정: t-dtg-cdmlap01-nsg (RG=hazr-t-dch-rg)
) -> t-dtg-admap01-nsg
2026-05-22 10:12:29.139	[INFO] [DryRun] NIC-NSG 연결 예정: t-dtg-cdmlap01-nic (RG=hazr-t-dtg-rg) -> t-dtg-cdmlap01-nsg
2026-05-22 10:12:29.137	[INFO] [DryRun] NSG 배포 예정: t-dtg-admweb01-nsg (RG=hazr-t-dch-rg)
2026-05-22 10:12:29.177	[INFO] [DryRun] NIC-NSG 연결 예정: t-dtg-admweb01-nic (RG=hazr-t-dtg-rg) -> t-dtg-admweb01-nsg
2026-05-22 10:12:29.220	[INFO] [DryRun] NSG 배포 예정: t-dtg-ap01-nsg (RG=hazr-t-dch-rg)
tg-rg) -> t-dtg-cdstap01-nsg
2026-05-22 10:12:29.259	[INFO] [DryRun] NSG 배포 예정: t-dtg-cdsvadm01-nsg (RG=hazr-t-dch-rg)
 t-dtg-ap01-nsg
2026-05-22 10:12:29.297	[INFO] [DryRun] NIC-NSG 연결 예정: t-dtg-cdsvadm01-nic (RG=hazr-t-dtg-rg) -> t-dtg-cdsvadm01-nsg
2026-05-22 10:12:29.296	[INFO] [DryRun] NSG 배포 예정: t-dtg-cdmlap01-nsg (RG=hazr-t-dch-rg)
2026-05-22 10:12:29.334	[INFO] [DryRun] NSG 배포 예정: t-dtg-db-nsg (RG=hazr-t-dch-rg)
2026-05-22 10:12:29.335	[INFO] [DryRun] NIC-NSG 연결 예정: t-dtg-cdmlap01-nic (RG=hazr-t-dtg-rg) -> t-dtg-cdmlap01-nsg
2026-05-22 10:12:29.370	[INFO] [DryRun] Subnet-NSG 연결 예정: hazr-t-dch-int-vnet/t-dtg-db-sbn -> t-dtg-db-nsg
2026-05-22 10:12:29.412	[INFO] [DryRun] NIC-NSG 연결 예정: t-dtg-cdstap01-nic (RG=hazr-t-dtg-rg) -> t-dtg-cdstap01-nsg
2026-05-22 10:12:29.457	[INFO] [DryRun] NSG 배포 예정: t-dtg-cdsvadm01-nsg (RG=hazr-t-dch-rg)
) -> t-dtg-diosap01-nsg
2026-05-22 10:12:29.515	[INFO] [DryRun] NIC-NSG 연결 예정: t-dtg-cdsvadm01-nic (RG=hazr-t-dtg-rg) -> t-dtg-cdsvadm01-nsg
2026-05-22 10:12:29.552	[INFO] [DryRun] NSG 배포 예정: t-dtg-db-nsg (RG=hazr-t-dch-rg)
t-dtg-rg) -> t-dtg-diosweb01-nsg
2026-05-22 10:12:29.594	[INFO] [DryRun] Subnet-NSG 연결 예정: hazr-t-dch-int-vnet/t-dtg-db-sbn -> t-dtg-db-nsg
2026-05-22 10:12:29.638	[INFO] [DryRun] NSG 배포 예정: t-dtg-diosap01-nsg (RG=hazr-t-dch-rg)
) -> t-dtg-dprap01-nsg
2026-05-22 10:12:29.678	[INFO] [DryRun] NSG 배포 예정: t-dtg-dprweb01-nsg (RG=hazr-t-dch-rg)
g) -> t-dtg-diosap01-nsg
2026-05-22 10:12:29.717	[INFO] [DryRun] NSG 배포 예정: t-dtg-diosweb01-nsg (RG=hazr-t-dch-rg)
) -> t-dtg-dprweb01-nsg
2026-05-22 10:12:29.757	[INFO] [DryRun] NSG 배포 예정: t-dtg-dtoms01-nsg (RG=hazr-t-dch-rg)
2026-05-22 10:12:29.757	[INFO] [DryRun] NIC-NSG 연결 예정: t-dtg-diosweb01-nic (RG=hazr-t-dtg-rg) -> t-dtg-diosweb01-nsg
2026-05-22 10:12:29.863	[INFO] [DryRun] NSG 배포 예정: t-dtg-extgeoap01-nsg (RG=hazr-t-dch-rg)
2026-05-22 10:12:29.862	[INFO] [DryRun] NSG 배포 예정: t-dtg-dprap01-nsg (RG=hazr-t-dch-rg)
2026-05-22 10:12:29.906	[INFO] [DryRun] NIC-NSG 연결 예정: t-dtg-extgeoap01-nic (RG=hazr-t-dtg-rg) -> t-dtg-extgeoap01-nsg
2026-05-22 10:12:29.906	[INFO] [DryRun] NIC-NSG 연결 예정: t-dtg-dprap01-nic (RG=hazr-t-dtg-rg) -> t-dtg-dprap01-nsg
2026-05-22 10:12:29.960	[INFO] [DryRun] NSG 배포 예정: t-dtg-geoap01-nsg (RG=hazr-t-dch-rg)

2026-05-22 10:12:30.001	[INFO] [DryRun] NIC-NSG 연결 예정: t-dtg-geoap01-nic (RG=hazr-t-dtg-rg) -> t-dtg-geoap01-nsg

2026-05-22 10:12:30.054	[INFO] [DryRun] NSG 배포 예정: t-dtg-dtoms01-nsg (RG=hazr-t-dch-rg)
2026-05-22 10:12:30.075	[INFO] [DryRun] NIC-NSG 연결 예정: t-dtg-dtoms01-nic (RG=hazr-t-dtg-rg) -> t-dtg-dtoms01-nsg
2026-05-22 10:12:30.114	[INFO] [DryRun] NSG 배포 예정: t-dtg-kfk01-nsg (RG=hazr-t-dch-rg)
rg)
2026-05-22 10:12:30.155	[INFO] [DryRun] NIC-NSG 연결 예정: t-dtg-extgeoap01-nic (RG=hazr-t-dtg-rg) -> t-dtg-extgeoap01-nsg
2026-05-22 10:12:30.195	[INFO] [DryRun] NSG 배포 예정: t-dtg-geoap01-nsg (RG=hazr-t-dch-rg)
2026-05-22 10:12:30.235	[INFO] [DryRun] NIC-NSG 연결 예정: t-dtg-kfk02-nic (RG=hazr-t-dtg-rg) -> t-dtg-kfk02-nsg
sg
2026-05-22 10:12:30.277	[INFO] [DryRun] NSG 배포 예정: t-dtg-ingap01-nsg (RG=hazr-t-dch-rg)
2026-05-22 10:12:30.326	[INFO] [DryRun] NIC-NSG 연결 예정: t-dtg-kfk03-nic (RG=hazr-t-dtg-rg) -> t-dtg-kfk03-nsg
sg
2026-05-22 10:12:30.366	[INFO] [DryRun] NSG 배포 예정: t-dtg-kfk01-nsg (RG=hazr-t-dch-rg)

2026-05-22 10:12:30.412	[INFO] [DryRun] NIC-NSG 연결 예정: t-dtg-mdoms01-nic (RG=hazr-t-dtg-rg) -> t-dtg-mdoms01-nsg
2026-05-22 10:12:30.451	[INFO] [DryRun] NSG 배포 예정: t-dtg-mq01-nsg (RG=hazr-t-dch-rg)

2026-05-22 10:12:30.491	[INFO] [DryRun] NIC-NSG 연결 예정: t-dtg-kfk02-nic (RG=hazr-t-dtg-rg) -> t-dtg-kfk02-nsg
2026-05-22 10:12:30.542	[INFO] [DryRun] NSG 배포 예정: t-dtg-pe-nsg (RG=hazr-t-dch-rg)
)
2026-05-22 10:12:30.581	[INFO] [DryRun] Subnet-NSG 연결 예정: hazr-t-dch-int-vnet/t-dtg-pe-sbn -> t-dtg-pe-nsg

2026-05-22 10:12:30.623	[INFO] [DryRun] NSG 배포 예정: t-dtg-tsdb01-nsg (RG=hazr-t-dch-rg)

2026-05-22 10:12:30.662	[INFO] [DryRun] NIC-NSG 연결 예정: t-dtg-tsdb01-nic (RG=hazr-t-dtg-rg) -> t-dtg-tsdb01-nsg

2026-05-22 10:12:30.703	[INFO] [DryRun] NSG 배포 예정: t-dtg-web01-nsg (RG=hazr-t-dch-rg)
2026-05-22 10:12:30.739	[INFO] [DryRun] NIC-NSG 연결 예정: t-dtg-mq01-nic (RG=hazr-t-dtg-rg) -> t-dtg-mq01-nsg

2026-05-22 10:12:30.761	[INFO] [DryRun] NSG 배포 예정: t-dtg-zkp01-nsg (RG=hazr-t-dch-rg)
2026-05-22 10:12:30.801	[INFO] [DryRun] NIC-NSG 연결 예정: t-dtg-zkp01-nic (RG=hazr-t-dtg-rg) -> t-dtg-zkp01-nsg
2026-05-22 10:12:30.842	[INFO] [DryRun] NSG 배포 예정: t-dtg-zkp02-nsg (RG=hazr-t-dch-rg)

2026-05-22 10:12:30.882	[INFO] [DryRun] NIC-NSG 연결 예정: t-dtg-zkp02-nic (RG=hazr-t-dtg-rg) -> t-dtg-zkp02-nsg

2026-05-22 10:12:30.925	[INFO] [DryRun] NSG 배포 예정: t-dtg-web01-nsg (RG=hazr-t-dch-rg)
2026-05-22 10:12:30.967	[INFO] [DryRun] NIC-NSG 연결 예정: t-dtg-web01-nic (RG=hazr-t-dtg-rg) -> t-dtg-web01-nsg
2026-05-22 10:12:30.966	[INFO] [DryRun] NIC-NSG 연결 예정: t-dtg-zkp03-nic (RG=hazr-t-dtg-rg) -> t-dtg-zkp03-nsg
2026-05-22 10:12:31.005	[INFO] [DryRun] NSG 배포 예정: t-dtg-zkp01-nsg (RG=hazr-t-dch-rg)
2026-05-22 10:12:31.006	[INFO] [DryRun] NSG 배포 예정: t-if-db-nsg (RG=hazr-t-dch-rg)
tg-rg) -> t-dtg-zkp01-nsg
2026-05-22 10:12:31.108	[INFO] [DryRun] Subnet-NSG 연결 예정: hazr-t-dch-int-vnet/t-if-db-sbn -> t-if-db-nsg
2026-05-22 10:12:31.147	[INFO] [DryRun] NSG 배포 예정: t-if-gramon01-nsg (RG=hazr-t-dch-rg)
 -> t-dtg-zkp02-nsg
2026-05-22 10:12:31.165	[INFO] [DryRun] NIC-NSG 연결 예정: t-if-gramon01-nic (RG=hazr-t-if-rg) -> t-if-gramon01-nsg
2026-05-22 10:12:31.209	[INFO] [DryRun] NSG 배포 예정: t-if-pe-nsg (RG=hazr-t-dch-rg)
tg-rg) -> t-dtg-zkp03-nsg
2026-05-22 10:12:31.244	[INFO] [DryRun] Subnet-NSG 연결 예정: hazr-t-dch-int-vnet/t-if-pe-sbn -> t-if-pe-nsg
2026-05-22 10:12:31.294	[INFO] [DryRun] NSG 배포 예정: t-puls-db-nsg (RG=hazr-t-dch-rg)
-sbn -> t-if-db-nsg
2026-05-22 10:12:31.330	[INFO] [DryRun] Subnet-NSG 연결 예정: hazr-t-dch-int-vnet/t-puls-db-sbn -> t-puls-db-nsg
2026-05-22 10:12:31.366	[INFO] [DryRun] NIC-NSG 연결 예정: t-if-gramon01-nic (RG=hazr-t-if-rg) -> t-if-gramon01-nsg
2026-05-22 10:12:31.411	[INFO] [DryRun] Subnet-NSG 연결 예정: hazr-t-dch-int-vnet/t-puls-pe-sbn -> t-puls-pe-nsg
2026-05-22 10:12:31.451	[INFO] [END] Deploy-Nsgs
 연결 예정: hazr-t-dch-int-vnet/t-if-pe-sbn -> t-if-pe-nsg
2026-05-22 10:12:31.498	[INFO] [DryRun] NSG 배포 예정: t-puls-db-nsg (RG=hazr-t-dch-rg)
2026-05-22 10:12:31.532	[INFO] [DryRun] Subnet-NSG 연결 예정: hazr-t-dch-int-vnet/t-puls-db-sbn -> t-puls-db-nsg
2026-05-22 10:12:31.590	[INFO] [DryRun] NSG 배포 예정: t-puls-pe-nsg (RG=hazr-t-dch-rg)
2026-05-22 10:12:31.630	[INFO] [DryRun] Subnet-NSG 연결 예정: hazr-t-dch-int-vnet/t-puls-pe-sbn -> t-puls-pe-nsg
2026-05-22 10:12:31.673	[INFO] [END] Deploy-Nsgs
2026-05-22 10:12:31.711	[INFO] [END] Script
2026-05-22 10:24:29.739	[INFO] [START] Script
2026-05-22 10:24:29.789	[INFO] [START] Initialize-Modules
2026-05-22 10:24:45.585	[INFO] [END] Initialize-Modules
2026-05-22 10:24:45.639	[INFO] [START] Ensure-AzSession
2026-05-22 10:24:48.557	[INFO] [END] Ensure-AzSession
2026-05-22 10:24:48.623	[INFO] [START] Validate-Inputs
2026-05-22 10:24:49.012	[INFO] Excel 시트 로드: RG
2026-05-22 10:24:49.475	[INFO] Excel 시트 로드: VNET
2026-05-22 10:24:49.881	[INFO] Excel 시트 로드: UDR
2026-05-22 10:24:50.254	[INFO] Excel 시트 로드: NSG
2026-05-22 10:24:50.615	[INFO] Excel 시트 로드: NSG_Rule
2026-05-22 10:24:51.006	[INFO] Excel 시트 로드: LB
2026-05-22 10:24:51.302	[INFO] Excel 시트 로드: LB_Probe
2026-05-22 10:24:51.602	[INFO] Excel 시트 로드: LB_Rule
2026-05-22 10:24:52.048	[INFO] Excel 시트 로드: VM
2026-05-22 10:24:52.567	[INFO] Excel 시트 로드: VM
2026-05-22 10:24:52.752	[INFO] [END] Validate-Inputs
2026-05-22 10:24:52.803	[ERR] [LB_Probe] Row=19, Name=hazr-t-dtg-cdstap-lb, Field=Port: 필수 값이 비어 있습니다.
2026-05-22 10:27:28.111	[INFO] [START] Script
2026-05-22 10:27:28.146	[INFO] [START] Initialize-Modules
2026-05-22 10:27:47.620	[INFO] [END] Initialize-Modules
2026-05-22 10:27:47.687	[INFO] [START] Ensure-AzSession
2026-05-22 10:27:47.691	[INFO] [END] Initialize-Modules
2026-05-22 10:27:47.749	[INFO] [START] Ensure-AzSession
2026-05-22 10:27:50.363	[INFO] [END] Ensure-AzSession
2026-05-22 10:27:50.466	[INFO] [START] Validate-Inputs
2026-05-22 10:27:50.873	[INFO] Excel 시트 로드: RG
2026-05-22 10:27:51.449	[INFO] Excel 시트 로드: VNET
2026-05-22 10:27:51.912	[INFO] Excel 시트 로드: UDR
2026-05-22 10:27:51.927	[INFO] Excel 시트 로드: UDR
2026-05-22 10:27:52.376	[INFO] Excel 시트 로드: NSG
2026-05-22 10:27:52.775	[INFO] Excel 시트 로드: NSG_Rule
2026-05-22 10:27:52.859	[INFO] Excel 시트 로드: NSG_Rule
2026-05-22 10:27:53.317	[INFO] Excel 시트 로드: LB
2026-05-22 10:27:53.657	[INFO] Excel 시트 로드: LB_Probe
2026-05-22 10:27:54.035	[INFO] Excel 시트 로드: LB_Rule
2026-05-22 10:27:54.577	[INFO] Excel 시트 로드: VM
2026-05-22 10:27:55.251	[INFO] Excel 시트 로드: VM
2026-05-22 10:27:55.278	[INFO] Excel 시트 로드: VM
2026-05-22 10:27:55.542	[INFO] [END] Validate-Inputs
2026-05-22 10:27:55.581	[INFO] [END] Validate-Inputs
Groups
2026-05-22 10:27:55.627	[INFO] [START] Deploy-ResourceGroups
2026-05-22 10:27:55.838	[INFO] Excel 시트 로드: RG
2026-05-22 10:27:55.903	[INFO] Excel 시트 로드: RG
2026-05-22 10:27:56.104	[INFO] [DryRun] 리소스 그룹 생성 예정: hazr-t-dch-rg (koreacentral)
2026-05-22 10:27:56.120	[INFO] [DryRun] 리소스 그룹 생성 예정: hazr-t-com-rg (koreacentral)
2026-05-22 10:27:56.162	[INFO] [DryRun] 리소스 그룹 생성 예정: hazr-t-cs-rg (koreacentral)
2026-05-22 10:27:56.162	[INFO] [DryRun] 리소스 그룹 생성 예정: hazr-t-cs-rg (koreacentral)
2026-05-22 10:27:56.204	[INFO] [DryRun] 리소스 그룹 생성 예정: hazr-t-dis-rg (koreacentral)
2026-05-22 10:27:56.204	[INFO] [DryRun] 리소스 그룹 생성 예정: hazr-t-dis-rg (koreacentral)
2026-05-22 10:27:56.244	[INFO] [DryRun] 리소스 그룹 생성 예정: hazr-t-doip-rg (koreacentral)
2026-05-22 10:27:56.282	[INFO] [DryRun] 리소스 그룹 생성 예정: hazr-t-dtg-rg (koreacentral)
2026-05-22 10:27:56.321	[INFO] [DryRun] 리소스 그룹 생성 예정: hazr-t-if-rg (koreacentral)
2026-05-22 10:27:56.363	[INFO] [DryRun] 리소스 그룹 생성 예정: hazr-t-bdp-rg (koreacentral)
2026-05-22 10:27:56.415	[INFO] [DryRun] 리소스 그룹 생성 예정: hazr-t-puls-rg (koreacentral)
2026-05-22 10:27:56.461	[INFO] [END] Deploy-ResourceGroups
2026-05-22 10:27:56.516	[INFO] [START] Deploy-Vnets
2026-05-22 10:27:56.736	[INFO] Excel 시트 로드: VNET
2026-05-22 10:27:56.985	[INFO] [DryRun] 리소스 그룹 생성 예정: hazr-t-dch-rg (koreacentral)
2026-05-22 10:27:57.040	[INFO] [DryRun] VNet 배포 예정: hazr-t-dch-ext-vnet
2026-05-22 10:27:57.087	[INFO] [DryRun] 리소스 그룹 생성 예정: hazr-t-dch-rg (koreacentral)
2026-05-22 10:27:57.128	[INFO] [DryRun] VNet 배포 예정: hazr-t-dch-int-vnet
2026-05-22 10:27:57.252	[INFO] [END] Deploy-Vnets
2026-05-22 10:27:57.314	[INFO] [START] Deploy-Udrs
2026-05-22 10:27:57.518	[INFO] Excel 시트 로드: UDR
2026-05-22 10:27:57.754	[INFO] [DryRun] 리소스 그룹 생성 예정: hazr-t-dch-rg (koreacentral)
2026-05-22 10:27:57.783	[INFO] [DryRun] UDR 배포 예정: t-dch-ext-vnet-udr (RG=hazr-t-dch-rg, DisableBGPRoutePropagation=False)
2026-05-22 10:27:57.827	[INFO] [DryRun] UDR Route 추가/갱신 예정: t-dch-ext-vnet-udr/Internet (0.0.0.0/0 -> VirtualAppliance 10.155.200.4)
2026-05-22 10:27:57.869	[INFO] [DryRun] UDR Route 추가/갱신 예정: t-dch-ext-vnet-udr/hazr-o-devops-int-vnet_1 (10.155.128.0/24 -> VirtualAppliance 10.155.200.4)
2026-05-22 10:27:57.913	[INFO] [DryRun] UDR Route 추가/갱신 예정: t-dch-ext-vnet-udr/hazr-o-devops-int-vnet_2 (10.155.129.0/24 -> VirtualAppliance 10.155.200.4)
2026-05-22 10:27:57.963	[INFO] [DryRun] UDR Route 추가/갱신 예정: t-dch-ext-vnet-udr/hazr-o-devops-int-vnet_3 (10.155.130.0/24 -> VirtualAppliance 10.155.200.4)
2026-05-22 10:27:58.018	[INFO] [DryRun] UDR Route 추가/갱신 예정: t-dch-ext-vnet-udr/hazr-o-devops-int-vnet_4 (10.155.131.0/24 -> VirtualAppliance 10.155.200.4)
2026-05-22 10:27:58.068	[INFO] [DryRun] UDR Route 추가/갱신 예정: t-dch-ext-vnet-udr/hazr-l-comm-vnet (10.155.160.0/22 -> VirtualAppliance 10.155.200.4)
2026-05-22 10:27:58.116	[INFO] [DryRun] UDR Route 추가/갱신 예정: t-dch-ext-vnet-udr/hazr-lt-sec-int-vnet (10.155.193.128/26 -> VirtualAppliance 10.155.200.4)
2026-05-22 10:27:58.171	[INFO] [DryRun] UDR Route 추가/갱신 예정: t-dch-ext-vnet-udr/hazr-t-dch-int-vnet_1 (10.157.144.0/20 -> VirtualAppliance 10.155.200.4)
2026-05-22 10:27:58.217	[INFO] [DryRun] UDR Route 추가/갱신 예정: t-dch-ext-vnet-udr/hazr-t-dch-int-vnet_2 (10.157.160.0/20 -> VirtualAppliance 10.155.200.4)
2026-05-22 10:27:58.270	[INFO] [DryRun] UDR Route 추가/갱신 예정: t-dch-ext-vnet-udr/hazr-t-dch-int-vnet_3 (10.157.176.0/20 -> VirtualAppliance 10.155.200.4)
2026-05-22 10:27:58.311	[INFO] [DryRun] UDR Route 추가/갱신 예정: t-dch-ext-vnet-udr/Onprem01 (10.0.0.0/8 -> VirtualAppliance 10.155.200.4)
2026-05-22 10:27:58.351	[INFO] [DryRun] UDR Route 추가/갱신 예정: t-dch-ext-vnet-udr/Onprem02 (172.16.0.0/16 -> VirtualAppliance 10.155.200.4)
2026-05-22 10:27:58.373	[INFO] [DryRun] UDR Route 추가/갱신 예정: t-dch-ext-vnet-udr/Onprem03 (172.18.0.0/16 -> VirtualAppliance 10.155.200.4)
2026-05-22 10:27:58.412	[INFO] [DryRun] UDR Route 추가/갱신 예정: t-dch-ext-vnet-udr/Onprem04 (172.20.0.0/16 -> VirtualAppliance 10.155.200.4)
2026-05-22 10:27:58.456	[INFO] [DryRun] UDR Route 추가/갱신 예정: t-dch-ext-vnet-udr/Onprem05 (172.26.0.0/16 -> VirtualAppliance 10.155.200.4)
2026-05-22 10:27:58.500	[INFO] [DryRun] UDR Route 추가/갱신 예정: t-dch-ext-vnet-udr/Onprem06 (172.28.0.0/16 -> VirtualAppliance 10.155.200.4)
2026-05-22 10:27:58.540	[INFO] [DryRun] UDR Route 추가/갱신 예정: t-dch-ext-vnet-udr/Onprem07 (172.29.0.0/16 -> VirtualAppliance 10.155.200.4)
2026-05-22 10:27:58.539	[INFO] [DryRun] UDR Route 추가/갱신 예정: t-dch-ext-vnet-udr/Onprem07 (172.29.0.0/16 -> VirtualAppliance 10.155.200.4)
2026-05-22 10:27:58.583	[INFO] [DryRun] UDR Route 추가/갱신 예정: t-dch-ext-vnet-udr/Onprem08 (172.30.0.0/16 -> VirtualAppliance 10.155.200.4)
2026-05-22 10:27:58.621	[INFO] [DryRun] UDR Route 추가/갱신 예정: t-dch-ext-vnet-udr/Onprem09 (172.31.0.0/16 -> VirtualAppliance 10.155.200.4)
2026-05-22 10:27:58.661	[INFO] [DryRun] UDR Route 추가/갱신 예정: t-dch-ext-vnet-udr/Onprem10 (172.32.0.0/16 -> VirtualAppliance 10.155.200.4)
2026-05-22 10:27:58.702	[INFO] [DryRun] 리소스 그룹 생성 예정: hazr-t-dch-rg (koreacentral)
2026-05-22 10:27:58.750	[INFO] [DryRun] UDR 배포 예정: t-dch-int-vnet-udr (RG=hazr-t-dch-rg, DisableBGPRoutePropagation=False)
2026-05-22 10:27:58.787	[INFO] [DryRun] UDR Route 추가/갱신 예정: t-dch-int-vnet-udr/Internet (0.0.0.0/0 -> VirtualAppliance 10.155.200.4)
2026-05-22 10:27:58.829	[INFO] [DryRun] UDR Route 추가/갱신 예정: t-dch-int-vnet-udr/hazr-o-devops-int-vnet_1 (10.155.128.0/24 -> VirtualAppliance 10.155.200.4)
2026-05-22 10:27:58.879	[INFO] [DryRun] UDR Route 추가/갱신 예정: t-dch-int-vnet-udr/hazr-o-devops-int-vnet_2 (10.155.129.0/24 -> VirtualAppliance 10.155.200.4)
2026-05-22 10:27:58.915	[INFO] [DryRun] UDR Route 추가/갱신 예정: t-dch-int-vnet-udr/hazr-o-devops-int-vnet_3 (10.155.130.0/24 -> VirtualAppliance 10.155.200.4)
2026-05-22 10:27:58.955	[INFO] [DryRun] UDR Route 추가/갱신 예정: t-dch-int-vnet-udr/hazr-o-devops-int-vnet_4 (10.155.131.0/24 -> VirtualAppliance 10.155.200.4)
2026-05-22 10:27:58.992	[INFO] [DryRun] UDR Route 추가/갱신 예정: t-dch-int-vnet-udr/hazr-l-comm-vnet (10.155.160.0/22 -> VirtualAppliance 10.155.200.4)
2026-05-22 10:27:59.035	[INFO] [DryRun] UDR Route 추가/갱신 예정: t-dch-int-vnet-udr/hazr-lt-sec-int-vnet (10.155.193.128/26 -> VirtualAppliance 10.155.200.4)
2026-05-22 10:27:59.085	[INFO] [DryRun] UDR Route 추가/갱신 예정: t-dch-int-vnet-udr/hazr-d-dch-ext-vnet_1 (10.157.128.0/20 -> VirtualAppliance 10.155.200.4)
2026-05-22 10:27:59.127	[INFO] [DryRun] UDR Route 추가/갱신 예정: t-dch-int-vnet-udr/Onprem01 (10.0.0.0/8 -> VirtualAppliance 10.155.200.4)
2026-05-22 10:27:59.176	[INFO] [DryRun] UDR Route 추가/갱신 예정: t-dch-int-vnet-udr/Onprem02 (172.16.0.0/16 -> VirtualAppliance 10.155.200.4)
2026-05-22 10:27:59.222	[INFO] [DryRun] UDR Route 추가/갱신 예정: t-dch-int-vnet-udr/Onprem03 (172.18.0.0/16 -> VirtualAppliance 10.155.200.4)
2026-05-22 10:27:59.284	[INFO] [DryRun] UDR Route 추가/갱신 예정: t-dch-int-vnet-udr/Onprem04 (172.20.0.0/16 -> VirtualAppliance 10.155.200.4)
2026-05-22 10:27:59.337	[INFO] [DryRun] UDR Route 추가/갱신 예정: t-dch-int-vnet-udr/Onprem05 (172.26.0.0/16 -> VirtualAppliance 10.155.200.4)
2026-05-22 10:27:59.336	[INFO] [DryRun] UDR Route 추가/갱신 예정: t-dch-int-vnet-udr/Onprem05 (172.26.0.0/16 -> VirtualAppliance 10.155.200.4)
2026-05-22 10:27:59.397	[INFO] [DryRun] UDR Route 추가/갱신 예정: t-dch-int-vnet-udr/Onprem06 (172.28.0.0/16 -> VirtualAppliance 10.155.200.4)
2026-05-22 10:27:59.397	[INFO] [DryRun] UDR Route 추가/갱신 예정: t-dch-int-vnet-udr/Onprem06 (172.28.0.0/16 -> VirtualAppliance 10.155.200.4)
2026-05-22 10:27:59.460	[INFO] [DryRun] UDR Route 추가/갱신 예정: t-dch-int-vnet-udr/Onprem07 (172.29.0.0/16 -> VirtualAppliance 10.155.200.4)
2026-05-22 10:27:59.508	[INFO] [DryRun] UDR Route 추가/갱신 예정: t-dch-int-vnet-udr/Onprem08 (172.30.0.0/16 -> VirtualAppliance 10.155.200.4)
2026-05-22 10:27:59.510	[INFO] [DryRun] UDR Route 추가/갱신 예정: t-dch-int-vnet-udr/Onprem08 (172.30.0.0/16 -> VirtualAppliance 10.155.200.4)
2026-05-22 10:27:59.644	[INFO] [DryRun] UDR Route 추가/갱신 예정: t-dch-int-vnet-udr/Onprem09 (172.31.0.0/16 -> VirtualAppliance 10.155.200.4)
2026-05-22 10:27:59.692	[INFO] [END] Deploy-Udrs
추가/갱신 예정: t-dch-int-vnet-udr/Onprem10 (172.32.0.0/16 -> VirtualAppliance 10.155.200.4)
2026-05-22 10:27:59.737	[INFO] [END] Deploy-Udrs
Balancers
2026-05-22 10:27:59.808	[INFO] [START] Deploy-LoadBalancers
2026-05-22 10:28:00.049	[INFO] Excel 시트 로드: LB
2026-05-22 10:28:00.118	[INFO] Excel 시트 로드: LB
2026-05-22 10:28:00.529	[INFO] Excel 시트 로드: LB_Probe
2026-05-22 10:28:00.604	[INFO] Excel 시트 로드: LB_Probe
2026-05-22 10:28:01.095	[INFO] Excel 시트 로드: LB_Rule
2026-05-22 10:28:01.459	[INFO] [DryRun] 리소스 그룹 생성 예정: hazr-t-bdp-rg (koreacentral)
2026-05-22 10:28:01.492	[INFO] [DryRun] LB 배포 예정: hazr-t-bdp-crkap-lb (RG=hazr-t-bdp-rg, FE=t-bdp-crkap-lb-fe, Pool=t-bdp-crkap-lb-bp)
2026-05-22 10:28:01.558	[INFO] [DryRun] LB Probe 배포 예정: hazr-t-bdp-crkap-lb/t-bdp-crkap-lb-pb8085
2026-05-22 10:28:01.611	[INFO] [DryRun] LB Rule 배포 예정: hazr-t-bdp-crkap-lb/t-bdp-crkap-lb-rule8085
2026-05-22 10:28:01.652	[INFO] [DryRun] 리소스 그룹 생성 예정: hazr-t-bdp-rg (koreacentral)
2026-05-22 10:28:01.688	[INFO] [DryRun] LB 배포 예정: hazr-t-bdp-crkml-lb (RG=hazr-t-bdp-rg, FE=t-bdp-crkml-lb-fe, Pool=t-bdp-crkml-lb-bp)
2026-05-22 10:28:01.742	[INFO] [DryRun] LB Probe 배포 예정: hazr-t-bdp-crkml-lb/t-bdp-crkml-lb-pb8082
2026-05-22 10:28:01.798	[INFO] [DryRun] LB Rule 배포 예정: hazr-t-bdp-crkml-lb/t-bdp-crkml-lb-rule8082
2026-05-22 10:28:01.842	[INFO] [DryRun] 리소스 그룹 생성 예정: hazr-t-bdp-rg (koreacentral)
2026-05-22 10:28:01.893	[INFO] [DryRun] LB 배포 예정: hazr-t-bdp-crkweb-lb (RG=hazr-t-bdp-rg, FE=t-bdp-crkweb-lb-fe, Pool=t-bdp-crkweb-lb-bp)
2026-05-22 10:28:01.936	[INFO] [DryRun] LB Probe 배포 예정: hazr-t-bdp-crkweb-lb/t-bdp-crkweb-lb-pb443
2026-05-22 10:28:02.000	[INFO] [DryRun] LB Rule 배포 예정: hazr-t-bdp-crkweb-lb/t-bdp-crkweb-lb-rule443
2026-05-22 10:28:02.047	[INFO] [DryRun] 리소스 그룹 생성 예정: hazr-t-bdp-rg (koreacentral)
2026-05-22 10:28:02.094	[INFO] [DryRun] LB 배포 예정: hazr-t-bdp-cxmadm-lb (RG=hazr-t-bdp-rg, FE=t-bdp-cxmadm-lb-fe, Pool=t-bdp-cxmadm-lb-bp)
2026-05-22 10:28:02.146	[INFO] [DryRun] LB Probe 배포 예정: hazr-t-bdp-cxmadm-lb/t-bdp-cxmadm-lb-pb443
2026-05-22 10:28:02.202	[INFO] [DryRun] LB Rule 배포 예정: hazr-t-bdp-cxmadm-lb/t-bdp-cxmadm-lb-rule443
2026-05-22 10:28:02.257	[INFO] [DryRun] 리소스 그룹 생성 예정: hazr-t-bdp-rg (koreacentral)
2026-05-22 10:28:02.307	[INFO] [DryRun] LB 배포 예정: hazr-t-bdp-slap-lb (RG=hazr-t-bdp-rg, FE=t-bdp-slap-lb-fe, Pool=t-bdp-slap-lb-bp)
2026-05-22 10:28:02.370	[INFO] [DryRun] LB Probe 배포 예정: hazr-t-bdp-slap-lb/t-bdp-slap-lb-pb443
2026-05-22 10:28:02.448	[INFO] [DryRun] LB Rule 배포 예정: hazr-t-bdp-slap-lb/t-bdp-slap-lb-rule443
2026-05-22 10:28:02.499	[INFO] [DryRun] 리소스 그룹 생성 예정: hazr-t-com-rg (koreacentral)
2026-05-22 10:28:02.545	[INFO] [DryRun] LB 배포 예정: hazr-t-com-auth-lb (RG=hazr-t-com-rg, FE=t-com-auth-lb-fe, Pool=t-com-auth-lb-bp)
2026-05-22 10:28:02.619	[INFO] [DryRun] LB Probe 배포 예정: hazr-t-com-auth-lb/t-com-auth-lb-pb8088
2026-05-22 10:28:02.669	[INFO] [DryRun] LB Probe 배포 예정: hazr-t-com-auth-lb/t-com-auth-lb-pb9003
2026-05-22 10:28:02.719	[INFO] [DryRun] LB Probe 배포 예정: hazr-t-com-auth-lb/t-com-auth-lb-pb9005
2026-05-22 10:28:02.776	[INFO] [DryRun] LB Rule 배포 예정: hazr-t-com-auth-lb/t-com-auth-lb-rule8088
2026-05-22 10:28:02.820	[INFO] [DryRun] LB Rule 배포 예정: hazr-t-com-auth-lb/t-com-auth-lb-rule9003
2026-05-22 10:28:02.871	[INFO] [DryRun] LB Rule 배포 예정: hazr-t-com-auth-lb/t-com-auth-lb-rule9005
2026-05-22 10:28:02.929	[INFO] [DryRun] 리소스 그룹 생성 예정: hazr-t-com-rg (koreacentral)
2026-05-22 10:28:02.990	[INFO] [DryRun] LB 배포 예정: hazr-t-com-proxy-lb (RG=hazr-t-com-rg, FE=t-com-proxy-lb-fe, Pool=t-com-proxy-lb-bp)
2026-05-22 10:28:03.056	[INFO] [DryRun] LB Probe 배포 예정: hazr-t-com-proxy-lb/t-com-proxy-lb-pb443
2026-05-22 10:28:03.109	[INFO] [DryRun] LB Probe 배포 예정: hazr-t-com-proxy-lb/t-com-proxy-lb-pb8080
2026-05-22 10:28:03.169	[INFO] [DryRun] LB Rule 배포 예정: hazr-t-com-proxy-lb/t-com-proxy-lb-rule443
2026-05-22 10:28:03.215	[INFO] [DryRun] LB Rule 배포 예정: hazr-t-com-proxy-lb/t-com-proxy-lb-rule8080
2026-05-22 10:28:03.261	[INFO] [DryRun] 리소스 그룹 생성 예정: hazr-t-cs-rg (koreacentral)
2026-05-22 10:28:03.298	[INFO] [DryRun] LB 배포 예정: hazr-t-cs-chtap-lb (RG=hazr-t-cs-rg, FE=t-cs-chtap-lb-fe, Pool=t-cs-chtap-lb-bp)
2026-05-22 10:28:03.343	[INFO] [DryRun] LB Probe 배포 예정: hazr-t-cs-chtap-lb/t-cs-chtap-lb-pb
2026-05-22 10:28:03.396	[INFO] [DryRun] 리소스 그룹 생성 예정: hazr-t-cs-rg (koreacentral)
2026-05-22 10:28:03.440	[INFO] [DryRun] LB 배포 예정: hazr-t-cs-chtintweb-lb (RG=hazr-t-cs-rg, FE=t-cs-chtintweb-lb-fe, Pool=t-cs-chtintweb-lb-bp)
2026-05-22 10:28:03.503	[INFO] [DryRun] LB Probe 배포 예정: hazr-t-cs-chtintweb-lb/t-cs-chtintweb-lb-pb
2026-05-22 10:28:03.565	[INFO] [DryRun] 리소스 그룹 생성 예정: hazr-t-cs-rg (koreacentral)
2026-05-22 10:28:03.623	[INFO] [DryRun] LB 배포 예정: hazr-t-cs-chtweb-lb (RG=hazr-t-cs-rg, FE=t-cs-chtweb-lb-fe, Pool=t-cs-chtweb-lb-bp)
2026-05-22 10:28:03.688	[INFO] [DryRun] LB Probe 배포 예정: hazr-t-cs-chtweb-lb/t-cs-chtweb-lb-pb
2026-05-22 10:28:03.741	[INFO] [DryRun] 리소스 그룹 생성 예정: hazr-t-dip-rg (koreacentral)
2026-05-22 10:28:03.784	[INFO] [DryRun] LB 배포 예정: hazr-t-dip-adm-lb (RG=hazr-t-dip-rg, FE=t-dip-adm-lb-fe, Pool=t-dip-adm-lb-bp)
2026-05-22 10:28:03.843	[INFO] [DryRun] LB Probe 배포 예정: hazr-t-dip-adm-lb/t-dip-adm-lb-pb443
2026-05-22 10:28:03.870	[INFO] [DryRun] LB Probe 배포 예정: hazr-t-dip-adm-lb/t-dip-adm-lb-pb8085
2026-05-22 10:28:03.911	[INFO] [DryRun] LB Probe 배포 예정: hazr-t-dip-adm-lb/t-dip-adm-lb-pb8900
2026-05-22 10:28:03.911	[INFO] [DryRun] LB Probe 배포 예정: hazr-t-dip-adm-lb/t-dip-adm-lb-pb8900
2026-05-22 10:28:03.954	[INFO] [DryRun] LB Probe 배포 예정: hazr-t-dip-adm-lb/t-dip-adm-lb-pb8901
2026-05-22 10:28:03.992	[INFO] [DryRun] LB Probe 배포 예정: hazr-t-dip-adm-lb/t-dip-adm-lb-pb9100
2026-05-22 10:28:04.038	[INFO] [DryRun] LB Rule 배포 예정: hazr-t-dip-adm-lb/t-dip-adm-lb-rule443
2026-05-22 10:28:04.077	[INFO] [DryRun] LB Rule 배포 예정: hazr-t-dip-adm-lb/t-dip-adm-lb-rule8085
2026-05-22 10:28:04.099	[INFO] [DryRun] LB Rule 배포 예정: hazr-t-dip-adm-lb/t-dip-adm-lb-rule8900
2026-05-22 10:28:04.159	[INFO] [DryRun] LB Rule 배포 예정: hazr-t-dip-adm-lb/t-dip-adm-lb-rule8901
2026-05-22 10:28:04.200	[INFO] [DryRun] LB Rule 배포 예정: hazr-t-dip-adm-lb/t-dip-adm-lb-rule9100
2026-05-22 10:28:04.239	[INFO] [DryRun] 리소스 그룹 생성 예정: hazr-t-dip-rg (koreacentral)
2026-05-22 10:28:04.277	[INFO] [DryRun] LB 배포 예정: hazr-t-dip-ap-lb (RG=hazr-t-dip-rg, FE=t-dip-ap-lb-fe, Pool=t-dip-ap-lb-bp)
2026-05-22 10:28:04.321	[INFO] [DryRun] LB Probe 배포 예정: hazr-t-dip-ap-lb/t-dip-ap-lb-pb443
2026-05-22 10:28:04.356	[INFO] [DryRun] LB Probe 배포 예정: hazr-t-dip-ap-lb/t-dip-ap-lb-pb8100
2026-05-22 10:28:04.391	[INFO] [DryRun] LB Probe 배포 예정: hazr-t-dip-ap-lb/t-dip-ap-lb-pb8200
2026-05-22 10:28:04.429	[INFO] [DryRun] LB Probe 배포 예정: hazr-t-dip-ap-lb/t-dip-ap-lb-pb8300
2026-05-22 10:28:04.466	[INFO] [DryRun] LB Probe 배포 예정: hazr-t-dip-ap-lb/t-dip-ap-lb-pb8400
2026-05-22 10:28:04.508	[INFO] [DryRun] LB Probe 배포 예정: hazr-t-dip-ap-lb/t-dip-ap-lb-pb9100
2026-05-22 10:28:04.546	[INFO] [DryRun] LB Probe 배포 예정: hazr-t-dip-ap-lb/t-dip-ap-lb-pb9113
2026-05-22 10:28:04.589	[INFO] [DryRun] LB Rule 배포 예정: hazr-t-dip-ap-lb/t-dip-ap-lb-rule443
2026-05-22 10:28:04.626	[INFO] [DryRun] LB Rule 배포 예정: hazr-t-dip-ap-lb/t-dip-ap-lb-rule8100
2026-05-22 10:28:04.663	[INFO] [DryRun] LB Rule 배포 예정: hazr-t-dip-ap-lb/t-dip-ap-lb-rule8200
2026-05-22 10:28:04.707	[INFO] [DryRun] LB Rule 배포 예정: hazr-t-dip-ap-lb/t-dip-ap-lb-rule8300
2026-05-22 10:28:04.743	[INFO] [DryRun] LB Rule 배포 예정: hazr-t-dip-ap-lb/t-dip-ap-lb-rule8400
2026-05-22 10:28:04.781	[INFO] [DryRun] LB Rule 배포 예정: hazr-t-dip-ap-lb/t-dip-ap-lb-rule9100
2026-05-22 10:28:04.822	[INFO] [DryRun] LB Rule 배포 예정: hazr-t-dip-ap-lb/t-dip-ap-lb-rule9113
2026-05-22 10:28:04.868	[INFO] [DryRun] 리소스 그룹 생성 예정: hazr-t-dip-rg (koreacentral)
2026-05-22 10:28:04.907	[INFO] [DryRun] LB 배포 예정: hazr-t-dip-geoap-lb (RG=hazr-t-dip-rg, FE=t-dip-geoap-lb-fe, Pool=t-dip-geoap-lb-bp)
2026-05-22 10:28:04.972	[INFO] [DryRun] LB Probe 배포 예정: hazr-t-dip-geoap-lb/t-dip-geoap-lb-pb3660
2026-05-22 10:28:05.012	[INFO] [DryRun] LB Probe 배포 예정: hazr-t-dip-geoap-lb/t-dip-geoap-lb-pb3661
2026-05-22 10:28:05.051	[INFO] [DryRun] LB Probe 배포 예정: hazr-t-dip-geoap-lb/t-dip-geoap-lb-pb3670
2026-05-22 10:28:05.092	[INFO] [DryRun] LB Probe 배포 예정: hazr-t-dip-geoap-lb/t-dip-geoap-lb-pb3671
2026-05-22 10:28:05.134	[INFO] [DryRun] LB Probe 배포 예정: hazr-t-dip-geoap-lb/t-dip-geoap-lb-pb9100
2026-05-22 10:28:05.135	[INFO] [DryRun] LB Probe 배포 예정: hazr-t-dip-geoap-lb/t-dip-geoap-lb-pb9100
2026-05-22 10:28:05.181	[INFO] [DryRun] LB Rule 배포 예정: hazr-t-dip-geoap-lb/t-dip-geoap-lb-rule3660
2026-05-22 10:28:05.215	[INFO] [DryRun] LB Rule 배포 예정: hazr-t-dip-geoap-lb/t-dip-geoap-lb-rule3661
2026-05-22 10:28:05.215	[INFO] [DryRun] LB Rule 배포 예정: hazr-t-dip-geoap-lb/t-dip-geoap-lb-rule3661
2026-05-22 10:28:05.254	[INFO] [DryRun] LB Rule 배포 예정: hazr-t-dip-geoap-lb/t-dip-geoap-lb-rule3670
2026-05-22 10:28:05.292	[INFO] [DryRun] LB Rule 배포 예정: hazr-t-dip-geoap-lb/t-dip-geoap-lb-rule3671
2026-05-22 10:28:05.327	[INFO] [DryRun] LB Rule 배포 예정: hazr-t-dip-geoap-lb/t-dip-geoap-lb-rule9100
2026-05-22 10:28:05.327	[INFO] [DryRun] LB Rule 배포 예정: hazr-t-dip-geoap-lb/t-dip-geoap-lb-rule9100
2026-05-22 10:28:05.372	[INFO] [DryRun] 리소스 그룹 생성 예정: hazr-t-dip-rg (koreacentral)
2026-05-22 10:28:05.371	[INFO] [DryRun] 리소스 그룹 생성 예정: hazr-t-dip-rg (koreacentral)
2026-05-22 10:28:05.408	[INFO] [DryRun] LB 배포 예정: hazr-t-dip-mqap-lb (RG=hazr-t-dip-rg, FE=t-dip-mqap-lb-fe, Pool=t-dip-mqap-lb-bp)
2026-05-22 10:28:05.472	[INFO] [DryRun] LB Probe 배포 예정: hazr-t-dip-mqap-lb/t-dip-mqap-lb-pb1883
2026-05-22 10:28:05.514	[INFO] [DryRun] LB Probe 배포 예정: hazr-t-dip-mqap-lb/t-dip-mqap-lb-pb1884
2026-05-22 10:28:05.555	[INFO] [DryRun] LB Probe 배포 예정: hazr-t-dip-mqap-lb/t-dip-mqap-lb-pb18083
2026-05-22 10:28:05.591	[INFO] [DryRun] LB Probe 배포 예정: hazr-t-dip-mqap-lb/t-dip-mqap-lb-pb9100
2026-05-22 10:28:05.644	[INFO] [DryRun] LB Rule 배포 예정: hazr-t-dip-mqap-lb/t-dip-mqap-lb-rule1883
2026-05-22 10:28:05.686	[INFO] [DryRun] LB Rule 배포 예정: hazr-t-dip-mqap-lb/t-dip-mqap-lb-rule1884
2026-05-22 10:28:05.744	[INFO] [DryRun] LB Rule 배포 예정: hazr-t-dip-mqap-lb/t-dip-mqap-lb-rule18083
2026-05-22 10:28:05.780	[INFO] [DryRun] LB Rule 배포 예정: hazr-t-dip-mqap-lb/t-dip-mqap-lb-rule9100
2026-05-22 10:28:05.822	[INFO] [DryRun] 리소스 그룹 생성 예정: hazr-t-dip-rg (koreacentral)
2026-05-22 10:28:05.859	[INFO] [DryRun] LB 배포 예정: hazr-t-dip-mqweb-lb (RG=hazr-t-dip-rg, FE=t-dip-mqweb-lb-fe, Pool=t-dip-mqweb-lb-bp)
2026-05-22 10:28:05.860	[INFO] [DryRun] LB 배포 예정: hazr-t-dip-mqweb-lb (RG=hazr-t-dip-rg, FE=t-dip-mqweb-lb-fe, Pool=t-dip-mqweb-lb-bp)
2026-05-22 10:28:05.901	[INFO] [DryRun] LB Probe 배포 예정: hazr-t-dip-mqweb-lb/t-dip-mqweb-lb-pb8883
2026-05-22 10:28:05.903	[INFO] [DryRun] LB Probe 배포 예정: hazr-t-dip-mqweb-lb/t-dip-mqweb-lb-pb8883
2026-05-22 10:28:05.941	[INFO] [DryRun] LB Probe 배포 예정: hazr-t-dip-mqweb-lb/t-dip-mqweb-lb-pb1884
2026-05-22 10:28:05.941	[INFO] [DryRun] LB Probe 배포 예정: hazr-t-dip-mqweb-lb/t-dip-mqweb-lb-pb1884
2026-05-22 10:28:05.981	[INFO] [DryRun] LB Probe 배포 예정: hazr-t-dip-mqweb-lb/t-dip-mqweb-lb-pb9100
2026-05-22 10:28:06.023	[INFO] [DryRun] LB Rule 배포 예정: hazr-t-dip-mqweb-lb/t-dip-mqweb-lb-rule8883
2026-05-22 10:28:06.062	[INFO] [DryRun] LB Rule 배포 예정: hazr-t-dip-mqweb-lb/t-dip-mqweb-lb-rule1884
2026-05-22 10:28:06.127	[INFO] [DryRun] LB Rule 배포 예정: hazr-t-dip-mqweb-lb/t-dip-mqweb-lb-rule9100
2026-05-22 10:28:06.167	[INFO] [DryRun] 리소스 그룹 생성 예정: hazr-t-dip-rg (koreacentral)
9100
2026-05-22 10:28:06.205	[INFO] [DryRun] LB 배포 예정: hazr-t-dip-web-lb (RG=hazr-t-dip-rg, FE=t-dip-web-lb-fe, Pool=t-dip-web-lb-bp)
2026-05-22 10:28:06.256	[INFO] [DryRun] LB 배포 예정: hazr-t-dip-web-lb (RG=hazr-t-dip-rg, FE=t-dip-web-lb-fe, Pool=t-dip-web-lb-bp)
2026-05-22 10:28:06.301	[INFO] [DryRun] LB Probe 배포 예정: hazr-t-dip-web-lb/t-dip-web-lb-pb9100
2026-05-22 10:28:06.361	[INFO] [DryRun] LB Rule 배포 예정: hazr-t-dip-web-lb/t-dip-web-lb-rule443
2026-05-22 10:28:06.401	[INFO] [DryRun] LB Rule 배포 예정: hazr-t-dip-web-lb/t-dip-web-lb-rule443

2026-05-22 10:28:06.441	[INFO] [DryRun] LB Rule 배포 예정: hazr-t-dip-web-lb/t-dip-web-lb-rule9100
2026-05-22 10:28:06.484	[INFO] [DryRun] 리소스 그룹 생성 예정: hazr-t-dis-rg (koreacentral)
s-adm-lb-fe, Pool=t-dis-adm-lb-bp)
2026-05-22 10:28:06.525	[INFO] [DryRun] LB 배포 예정: hazr-t-dis-adm-lb (RG=hazr-t-dis-rg, FE=t-dis-adm-lb-fe, Pool=t-dis-adm-lb-bp)
2026-05-22 10:28:06.581	[INFO] [DryRun] LB Rule 배포 예정: hazr-t-dis-adm-lb/t-dis-adm-lb-rule443
2026-05-22 10:28:06.582	[INFO] [DryRun] LB Probe 배포 예정: hazr-t-dis-adm-lb/t-dis-adm-lb-pb443
2026-05-22 10:28:06.649	[INFO] [DryRun] 리소스 그룹 생성 예정: hazr-t-dis-rg (koreacentral)

2026-05-22 10:28:06.712	[INFO] [DryRun] 리소스 그룹 생성 예정: hazr-t-dis-rg (koreacentral)
-ap-lb-fe, Pool=t-dis-ap-lb-bp)
2026-05-22 10:28:06.753	[INFO] [DryRun] LB 배포 예정: hazr-t-dis-ap-lb (RG=hazr-t-dis-rg, FE=t-dis-ap-lb-fe, Pool=t-dis-ap-lb-bp)
2026-05-22 10:28:06.809	[INFO] [DryRun] LB Rule 배포 예정: hazr-t-dis-ap-lb/t-dis-ap-lb-rule8080
2026-05-22 10:28:06.811	[INFO] [DryRun] LB Probe 배포 예정: hazr-t-dis-ap-lb/t-dis-ap-lb-pb8080
2026-05-22 10:28:06.861	[INFO] [DryRun] 리소스 그룹 생성 예정: hazr-t-dis-rg (koreacentral)
2026-05-22 10:28:06.908	[INFO] [DryRun] 리소스 그룹 생성 예정: hazr-t-dis-rg (koreacentral)
=t-dis-bbicltap-lb-fe, Pool=t-dis-bbicltap-lb-bp)
2026-05-22 10:28:06.972	[INFO] [DryRun] LB Probe 배포 예정: hazr-t-dis-bbicltap-lb/t-dis-bbicltap-lb-pb20000
2026-05-22 10:28:06.963	[INFO] [DryRun] LB 배포 예정: hazr-t-dis-bbicltap-lb (RG=hazr-t-dis-rg, FE=t-dis-bbicltap-lb-fe, Pool=t-dis-bbicltap-lb-bp)
2026-05-22 10:28:07.032	[INFO] [DryRun] LB Probe 배포 예정: hazr-t-dis-bbicltap-lb/t-dis-bbicltap-lb-pb20000
2026-05-22 10:28:07.083	[INFO] [DryRun] LB Probe 배포 예정: hazr-t-dis-bbicltap-lb/t-dis-bbicltap-lb-pb22000
2026-05-22 10:28:07.144	[INFO] [DryRun] LB Probe 배포 예정: hazr-t-dis-bbicltap-lb/t-dis-bbicltap-lb-pb22000

2026-05-22 10:28:07.226	[INFO] [DryRun] LB Rule 배포 예정: hazr-t-dis-bbicltap-lb/t-dis-bbicltap-lb-rule20000
2026-05-22 10:28:07.279	[INFO] [DryRun] LB Rule 배포 예정: hazr-t-dis-bbicltap-lb/t-dis-bbicltap-lb-rule22000
2026-05-22 10:28:07.333	[INFO] [DryRun] 리소스 그룹 생성 예정: hazr-t-dis-rg (koreacentral)
b-rule22000
2026-05-22 10:28:07.383	[INFO] [DryRun] 리소스 그룹 생성 예정: hazr-t-dis-rg (koreacentral)
=t-dis-bbimsgap-lb-fe, Pool=t-dis-bbimsgap-lb-bp)
2026-05-22 10:28:07.434	[INFO] [DryRun] LB 배포 예정: hazr-t-dis-bbimsgap-lb (RG=hazr-t-dis-rg, FE=t-dis-bbimsgap-lb-fe, Pool=t-dis-bbimsgap-lb-bp)
2026-05-22 10:28:07.495	[INFO] [DryRun] LB Rule 배포 예정: hazr-t-dis-bbimsgap-lb/t-dis-bbimsgap-lb-rule20030
2026-05-22 10:28:07.556	[INFO] [DryRun] LB Rule 배포 예정: hazr-t-dis-bbimsgap-lb/t-dis-bbimsgap-lb-rule20030
2026-05-22 10:28:07.598	[INFO] [DryRun] LB 배포 예정: hazr-t-dis-bbiweb-lb (RG=hazr-t-dis-rg, FE=t-dis-bbiweb-lb-fe, Pool=t-dis-bbiweb-lb-bp)
2026-05-22 10:28:07.642	[INFO] [DryRun] LB 배포 예정: hazr-t-dis-bbiweb-lb (RG=hazr-t-dis-rg, FE=t-dis-bbiweb-lb-fe, Pool=t-dis-bbiweb-lb-bp)
2026-05-22 10:28:07.693	[INFO] [DryRun] LB Rule 배포 예정: hazr-t-dis-bbiweb-lb/t-dis-bbiweb-lb-rule443
2026-05-22 10:28:07.743	[INFO] [DryRun] LB Rule 배포 예정: hazr-t-dis-bbiweb-lb/t-dis-bbiweb-lb-rule443
2026-05-22 10:28:07.786	[INFO] [DryRun] LB 배포 예정: hazr-t-dis-cmbsap-lb (RG=hazr-t-dis-rg, FE=t-dis-cmbsap-lb-fe, Pool=t-dis-cmbsap-lb-bp)
2026-05-22 10:28:07.828	[INFO] [DryRun] LB 배포 예정: hazr-t-dis-cmbsap-lb (RG=hazr-t-dis-rg, FE=t-dis-cmbsap-lb-fe, Pool=t-dis-cmbsap-lb-bp)
2026-05-22 10:28:07.835	[INFO] [DryRun] LB Probe 배포 예정: hazr-t-dis-cmbsap-lb/t-dis-cmbsap-lb-pb8080
2026-05-22 10:28:07.902	[INFO] [DryRun] LB Probe 배포 예정: hazr-t-dis-cmbsap-lb/t-dis-cmbsap-lb-pb8080
2026-05-22 10:28:07.942	[INFO] [DryRun] LB Rule 배포 예정: hazr-t-dis-cmbsap-lb/t-dis-cmbsap-lb-rule8080
2026-05-22 10:28:07.984	[INFO] [DryRun] 리소스 그룹 생성 예정: hazr-t-dis-rg (koreacentral)
2026-05-22 10:28:08.026	[INFO] [DryRun] LB 배포 예정: hazr-t-dis-cmsadm-lb (RG=hazr-t-dis-rg, FE=t-dis-cmsadm-lb-fe, Pool=t-dis-cmsadm-lb-bp)
2026-05-22 10:28:08.072	[INFO] [DryRun] LB Probe 배포 예정: hazr-t-dis-cmsadm-lb/t-dis-cmsadm-lb-pb443
2026-05-22 10:28:08.117	[INFO] [DryRun] LB Rule 배포 예정: hazr-t-dis-cmsadm-lb/t-dis-cmsadm-lb-rule443
2026-05-22 10:28:08.151	[INFO] [DryRun] 리소스 그룹 생성 예정: hazr-t-dis-rg (koreacentral)
2026-05-22 10:28:08.191	[INFO] [DryRun] LB 배포 예정: hazr-t-dis-cmsap-lb (RG=hazr-t-dis-rg, FE=t-dis-cmsap-lb-fe, Pool=t-dis-cmsap-lb-bp)
2026-05-22 10:28:08.234	[INFO] [DryRun] LB Probe 배포 예정: hazr-t-dis-cmsap-lb/t-dis-cmsap-lb-pb4001
2026-05-22 10:28:08.279	[INFO] [DryRun] LB Rule 배포 예정: hazr-t-dis-cmsap-lb/t-dis-cmsap-lb-rule4001
2026-05-22 10:28:08.299	[INFO] [DryRun] 리소스 그룹 생성 예정: hazr-t-dis-rg (koreacentral)
2026-05-22 10:28:08.298	[INFO] [DryRun] 리소스 그룹 생성 예정: hazr-t-dis-rg (koreacentral)
2026-05-22 10:28:08.342	[INFO] [DryRun] LB 배포 예정: hazr-t-dis-cmsweb-lb (RG=hazr-t-dis-rg, FE=t-dis-cmsweb-lb-fe, Pool=t-dis-cmsweb-lb-bp)
2026-05-22 10:28:08.387	[INFO] [DryRun] LB Probe 배포 예정: hazr-t-dis-cmsweb-lb/t-dis-cmsweb-lb-pb80
2026-05-22 10:28:08.425	[INFO] [DryRun] LB Probe 배포 예정: hazr-t-dis-cmsweb-lb/t-dis-cmsweb-lb-pb443
2026-05-22 10:28:08.471	[INFO] [DryRun] LB Rule 배포 예정: hazr-t-dis-cmsweb-lb/t-dis-cmsweb-lb-rule80
2026-05-22 10:28:08.472	[INFO] [DryRun] LB Rule 배포 예정: hazr-t-dis-cmsweb-lb/t-dis-cmsweb-lb-rule80
2026-05-22 10:28:08.509	[INFO] [DryRun] LB Rule 배포 예정: hazr-t-dis-cmsweb-lb/t-dis-cmsweb-lb-rule443
2026-05-22 10:28:08.551	[INFO] [DryRun] 리소스 그룹 생성 예정: hazr-t-dis-rg (koreacentral)
2026-05-22 10:28:08.589	[INFO] [DryRun] LB 배포 예정: hazr-t-dis-drvcltap-lb (RG=hazr-t-dis-rg, FE=t-dis-drvcltap-lb-fe, Pool=t-dis-drvcltap-lb-bp)
2026-05-22 10:28:08.587	[INFO] [DryRun] LB 배포 예정: hazr-t-dis-drvcltap-lb (RG=hazr-t-dis-rg, FE=t-dis-drvcltap-lb-fe, Pool=t-dis-drvcltap-lb-bp)
2026-05-22 10:28:08.630	[INFO] [DryRun] LB Probe 배포 예정: hazr-t-dis-drvcltap-lb/t-dis-drvcltap-lb-pb8081
2026-05-22 10:28:08.629	[INFO] [DryRun] LB Probe 배포 예정: hazr-t-dis-drvcltap-lb/t-dis-drvcltap-lb-pb8081
2026-05-22 10:28:08.677	[INFO] [DryRun] LB Rule 배포 예정: hazr-t-dis-drvcltap-lb/t-dis-drvcltap-lb-rule8081
2026-05-22 10:28:08.676	[INFO] [DryRun] LB Rule 배포 예정: hazr-t-dis-drvcltap-lb/t-dis-drvcltap-lb-rule8081
2026-05-22 10:28:08.718	[INFO] [DryRun] 리소스 그룹 생성 예정: hazr-t-dis-rg (koreacentral)
2026-05-22 10:28:08.756	[INFO] [DryRun] LB 배포 예정: hazr-t-dis-drvmsgap-lb (RG=hazr-t-dis-rg, FE=t-dis-drvmsgap-lb-fe, Pool=t-dis-drvmsgap-lb-bp)
2026-05-22 10:28:08.796	[INFO] [DryRun] LB Probe 배포 예정: hazr-t-dis-drvmsgap-lb/t-dis-drvmsgap-lb-pb8080
2026-05-22 10:28:08.843	[INFO] [DryRun] LB Rule 배포 예정: hazr-t-dis-drvmsgap-lb/t-dis-drvmsgap-lb-rule8080
2026-05-22 10:28:08.863	[INFO] [DryRun] 리소스 그룹 생성 예정: hazr-t-dis-rg (koreacentral)
2026-05-22 10:28:08.901	[INFO] [DryRun] LB 배포 예정: hazr-t-dis-walkap-lb (RG=hazr-t-dis-rg, FE=t-dis-walkap-lb-fe, Pool=t-dis-walkap-lb-bp)
2026-05-22 10:28:08.954	[INFO] [DryRun] LB Probe 배포 예정: hazr-t-dis-walkap-lb/t-dis-walkap-lb-pb8080
2026-05-22 10:28:09.011	[INFO] [DryRun] LB Rule 배포 예정: hazr-t-dis-walkap-lb/t-dis-walkap-lb-rule8080
2026-05-22 10:28:09.073	[INFO] [DryRun] 리소스 그룹 생성 예정: hazr-t-dis-rg (koreacentral)
2026-05-22 10:28:09.072	[INFO] [DryRun] 리소스 그룹 생성 예정: hazr-t-dis-rg (koreacentral)
2026-05-22 10:28:09.122	[INFO] [DryRun] LB 배포 예정: hazr-t-dis-walkweb-lb (RG=hazr-t-dis-rg, FE=t-dis-walkweb-lb-fe, Pool=t-dis-walkweb-lb-bp)
2026-05-22 10:28:09.171	[INFO] [DryRun] LB Probe 배포 예정: hazr-t-dis-walkweb-lb/t-dis-walkweb-lb-pb443
2026-05-22 10:28:09.217	[INFO] [DryRun] LB Rule 배포 예정: hazr-t-dis-walkweb-lb/t-dis-walkweb-lb-rule443
2026-05-22 10:28:09.255	[INFO] [DryRun] 리소스 그룹 생성 예정: hazr-t-dis-rg (koreacentral)
2026-05-22 10:28:09.290	[INFO] [DryRun] LB 배포 예정: hazr-t-dis-web-lb (RG=hazr-t-dis-rg, FE=t-dis-web-lb-fe, Pool=t-dis-web-lb-bp)
2026-05-22 10:28:09.332	[INFO] [DryRun] LB Probe 배포 예정: hazr-t-dis-web-lb/t-dis-web-lb-pb80
2026-05-22 10:28:09.374	[INFO] [DryRun] LB Probe 배포 예정: hazr-t-dis-web-lb/t-dis-web-lb-pb443
2026-05-22 10:28:09.421	[INFO] [DryRun] LB Rule 배포 예정: hazr-t-dis-web-lb/t-dis-web-lb-rule80
2026-05-22 10:28:09.459	[INFO] [DryRun] LB Rule 배포 예정: hazr-t-dis-web-lb/t-dis-web-lb-rule443
2026-05-22 10:28:09.496	[INFO] [DryRun] 리소스 그룹 생성 예정: hazr-t-doip-rg (koreacentral)
2026-05-22 10:28:09.496	[INFO] [DryRun] 리소스 그룹 생성 예정: hazr-t-doip-rg (koreacentral)
2026-05-22 10:28:09.534	[INFO] [DryRun] LB 배포 예정: hazr-t-doip-adm-lb (RG=hazr-t-doip-rg, FE=t-doip-adm-lb-fe, Pool=t-doip-adm-lb-bp)
2026-05-22 10:28:09.581	[INFO] [DryRun] LB Probe 배포 예정: hazr-t-doip-adm-lb/t-doip-adm-lb-pb
2026-05-22 10:28:09.581	[INFO] [DryRun] LB Probe 배포 예정: hazr-t-doip-adm-lb/t-doip-adm-lb-pb
2026-05-22 10:28:09.627	[INFO] [DryRun] 리소스 그룹 생성 예정: hazr-t-doip-rg (koreacentral)
2026-05-22 10:28:09.664	[INFO] [DryRun] LB 배포 예정: hazr-t-doip-ap-lb (RG=hazr-t-doip-rg, FE=t-doip-ap-lb-fe, Pool=t-doip-ap-lb-bp)
2026-05-22 10:28:09.724	[INFO] [DryRun] LB Probe 배포 예정: hazr-t-doip-ap-lb/t-doip-ap-lb-pb
2026-05-22 10:28:09.725	[INFO] [DryRun] LB Probe 배포 예정: hazr-t-doip-ap-lb/t-doip-ap-lb-pb
2026-05-22 10:28:09.767	[INFO] [DryRun] 리소스 그룹 생성 예정: hazr-t-doip-rg (koreacentral)
2026-05-22 10:28:09.806	[INFO] [DryRun] LB 배포 예정: hazr-t-doip-web-lb (RG=hazr-t-doip-rg, FE=t-doip-web-lb-fe, Pool=t-doip-web-lb-bp)
2026-05-22 10:28:09.853	[INFO] [DryRun] LB Probe 배포 예정: hazr-t-doip-web-lb/t-doip-web-lb-pb
2026-05-22 10:28:09.904	[INFO] [DryRun] 리소스 그룹 생성 예정: hazr-t-dtg-rg (koreacentral)
2026-05-22 10:28:09.906	[INFO] [DryRun] 리소스 그룹 생성 예정: hazr-t-dtg-rg (koreacentral)
2026-05-22 10:28:09.942	[INFO] [DryRun] LB 배포 예정: hazr-t-dtg-admap-lb (RG=hazr-t-dtg-rg, FE=t-dtg-admap-lb-fe, Pool=t-dtg-admap-lb-bp)
2026-05-22 10:28:09.943	[INFO] [DryRun] LB 배포 예정: hazr-t-dtg-admap-lb (RG=hazr-t-dtg-rg, FE=t-dtg-admap-lb-fe, Pool=t-dtg-admap-lb-bp)
2026-05-22 10:28:09.979	[INFO] [DryRun] LB Probe 배포 예정: hazr-t-dtg-admap-lb/t-dtg-admap-lb-pb8085
2026-05-22 10:28:10.020	[INFO] [DryRun] LB Probe 배포 예정: hazr-t-dtg-admap-lb/t-dtg-admap-lb-pb8087
2026-05-22 10:28:10.020	[INFO] [DryRun] LB Probe 배포 예정: hazr-t-dtg-admap-lb/t-dtg-admap-lb-pb8087
2026-05-22 10:28:10.080	[INFO] [DryRun] LB Rule 배포 예정: hazr-t-dtg-admap-lb/t-dtg-admap-lb-rule8085
2026-05-22 10:28:10.080	[INFO] [DryRun] LB Rule 배포 예정: hazr-t-dtg-admap-lb/t-dtg-admap-lb-rule8085
2026-05-22 10:28:10.120	[INFO] [DryRun] LB Rule 배포 예정: hazr-t-dtg-admap-lb/t-dtg-admap-lb-rule8087
2026-05-22 10:28:10.163	[INFO] [DryRun] 리소스 그룹 생성 예정: hazr-t-dtg-rg (koreacentral)
2026-05-22 10:28:10.227	[INFO] [DryRun] LB 배포 예정: hazr-t-dtg-admweb-lb (RG=hazr-t-dtg-rg, FE=t-dtg-admweb-lb-fe, Pool=t-dtg-admweb-lb-bp)
2026-05-22 10:28:10.278	[INFO] [DryRun] LB Probe 배포 예정: hazr-t-dtg-admweb-lb/t-dtg-admweb-lb-pb8088
2026-05-22 10:28:10.324	[INFO] [DryRun] LB Rule 배포 예정: hazr-t-dtg-admweb-lb/t-dtg-admweb-lb-rule8088
2026-05-22 10:28:10.373	[INFO] [DryRun] 리소스 그룹 생성 예정: hazr-t-dtg-rg (koreacentral)
2026-05-22 10:28:10.415	[INFO] [DryRun] LB 배포 예정: hazr-t-dtg-ap-lb (RG=hazr-t-dtg-rg, FE=t-dtg-ap-lb-fe, Pool=t-dtg-ap-lb-bp)
2026-05-22 10:28:10.475	[INFO] [DryRun] LB Probe 배포 예정: hazr-t-dtg-ap-lb/t-dtg-ap-lb-pb8080
2026-05-22 10:28:10.514	[INFO] [DryRun] LB Probe 배포 예정: hazr-t-dtg-ap-lb/t-dtg-ap-lb-pb9087
2026-05-22 10:28:10.564	[INFO] [DryRun] LB Rule 배포 예정: hazr-t-dtg-ap-lb/t-dtg-ap-lb-rule8080
2026-05-22 10:28:10.598	[INFO] [DryRun] LB Rule 배포 예정: hazr-t-dtg-ap-lb/t-dtg-ap-lb-rule9087
2026-05-22 10:28:10.639	[INFO] [DryRun] 리소스 그룹 생성 예정: hazr-t-dtg-rg (koreacentral)
2026-05-22 10:28:10.675	[INFO] [DryRun] LB 배포 예정: hazr-t-dtg-cdmlap-lb (RG=hazr-t-dtg-rg, FE=t-dtg-cdmlap-lb-fe, Pool=t-dtg-cdmlap-lb-bp)
2026-05-22 10:28:10.718	[INFO] [DryRun] LB Probe 배포 예정: hazr-t-dtg-cdmlap-lb/t-dtg-cdmlap-lb-pb9305
2026-05-22 10:28:10.753	[INFO] [DryRun] LB Probe 배포 예정: hazr-t-dtg-cdmlap-lb/t-dtg-cdmlap-lb-pb9306
2026-05-22 10:28:10.799	[INFO] [DryRun] LB Rule 배포 예정: hazr-t-dtg-cdmlap-lb/t-dtg-cdmlap-lb-rule9305
2026-05-22 10:28:10.800	[INFO] [DryRun] LB Rule 배포 예정: hazr-t-dtg-cdmlap-lb/t-dtg-cdmlap-lb-rule9305
2026-05-22 10:28:10.838	[INFO] [DryRun] LB Rule 배포 예정: hazr-t-dtg-cdmlap-lb/t-dtg-cdmlap-lb-rule9306
2026-05-22 10:28:10.876	[INFO] [DryRun] 리소스 그룹 생성 예정: hazr-t-dtg-rg (koreacentral)
2026-05-22 10:28:10.915	[INFO] [DryRun] LB 배포 예정: hazr-t-dtg-cdstap-lb (RG=hazr-t-dtg-rg, FE=t-dtg-cdstap-lb-fe, Pool=t-dtg-cdstap-lb-bp)
2026-05-22 10:28:10.979	[INFO] [DryRun] LB Probe 배포 예정: hazr-t-dtg-cdstap-lb/t-dtg-cdstap-lb-pb
2026-05-22 10:28:11.024	[INFO] [DryRun] 리소스 그룹 생성 예정: hazr-t-dtg-rg (koreacentral)
2026-05-22 10:28:11.027	[INFO] [DryRun] 리소스 그룹 생성 예정: hazr-t-dtg-rg (koreacentral)
2026-05-22 10:28:11.044	[INFO] [DryRun] LB 배포 예정: hazr-t-dtg-cdsvadm-lb (RG=hazr-t-dtg-rg, FE=t-dtg-cdsvadm-lb-fe, Pool=t-dtg-cdsvadm-lb-bp)
2026-05-22 10:28:11.086	[INFO] [DryRun] LB Probe 배포 예정: hazr-t-dtg-cdsvadm-lb/t-dtg-cdsvadm-lb-pb9100
2026-05-22 10:28:11.124	[INFO] [DryRun] LB Probe 배포 예정: hazr-t-dtg-cdsvadm-lb/t-dtg-cdsvadm-lb-pb9300
2026-05-22 10:28:11.160	[INFO] [DryRun] LB Probe 배포 예정: hazr-t-dtg-cdsvadm-lb/t-dtg-cdsvadm-lb-pb9105
2026-05-22 10:28:11.201	[INFO] [DryRun] LB Probe 배포 예정: hazr-t-dtg-cdsvadm-lb/t-dtg-cdsvadm-lb-pb9003
2026-05-22 10:28:11.201	[INFO] [DryRun] LB Probe 배포 예정: hazr-t-dtg-cdsvadm-lb/t-dtg-cdsvadm-lb-pb9003
2026-05-22 10:28:11.242	[INFO] [DryRun] LB Probe 배포 예정: hazr-t-dtg-cdsvadm-lb/t-dtg-cdsvadm-lb-pb8088
2026-05-22 10:28:11.287	[INFO] [DryRun] LB Rule 배포 예정: hazr-t-dtg-cdsvadm-lb/t-dtg-cdsvadm-lb-rule9100
2026-05-22 10:28:11.392	[INFO] [DryRun] LB Rule 배포 예정: hazr-t-dtg-cdsvadm-lb/t-dtg-cdsvadm-lb-rule9300
2026-05-22 10:28:11.417	[INFO] [DryRun] LB Rule 배포 예정: hazr-t-dtg-cdsvadm-lb/t-dtg-cdsvadm-lb-rule9105
2026-05-22 10:28:11.466	[INFO] [DryRun] LB Rule 배포 예정: hazr-t-dtg-cdsvadm-lb/t-dtg-cdsvadm-lb-rule9003
2026-05-22 10:28:11.507	[INFO] [DryRun] LB Rule 배포 예정: hazr-t-dtg-cdsvadm-lb/t-dtg-cdsvadm-lb-rule8088
2026-05-22 10:28:11.555	[INFO] [DryRun] 리소스 그룹 생성 예정: hazr-t-dtg-rg (koreacentral)
2026-05-22 10:28:11.603	[INFO] [DryRun] LB 배포 예정: hazr-t-dtg-diosap-lb (RG=hazr-t-dtg-rg, FE=t-dtg-diosap-lb-fe, Pool=t-dtg-diosap-lb-bp)
2026-05-22 10:28:11.603	[INFO] [DryRun] LB 배포 예정: hazr-t-dtg-diosap-lb (RG=hazr-t-dtg-rg, FE=t-dtg-diosap-lb-fe, Pool=t-dtg-diosap-lb-bp)
2026-05-22 10:28:11.652	[INFO] [DryRun] LB Probe 배포 예정: hazr-t-dtg-diosap-lb/t-dtg-diosap-lb-pb8080
2026-05-22 10:28:11.705	[INFO] [DryRun] LB Rule 배포 예정: hazr-t-dtg-diosap-lb/t-dtg-diosap-lb-rule8080
2026-05-22 10:28:11.755	[INFO] [DryRun] 리소스 그룹 생성 예정: hazr-t-dtg-rg (koreacentral)
2026-05-22 10:28:11.810	[INFO] [DryRun] LB 배포 예정: hazr-t-dtg-diosweb-lb (RG=hazr-t-dtg-rg, FE=t-dtg-diosweb-lb-fe, Pool=t-dtg-diosweb-lb-bp)
2026-05-22 10:28:11.811	[INFO] [DryRun] LB 배포 예정: hazr-t-dtg-diosweb-lb (RG=hazr-t-dtg-rg, FE=t-dtg-diosweb-lb-fe, Pool=t-dtg-diosweb-lb-bp)
2026-05-22 10:28:11.856	[INFO] [DryRun] LB Probe 배포 예정: hazr-t-dtg-diosweb-lb/t-dtg-diosweb-lb-pb443
2026-05-22 10:28:11.902	[INFO] [DryRun] LB Rule 배포 예정: hazr-t-dtg-diosweb-lb/t-dtg-diosweb-lb-rule443
2026-05-22 10:28:11.936	[INFO] [DryRun] 리소스 그룹 생성 예정: hazr-t-dtg-rg (koreacentral)
2026-05-22 10:28:11.979	[INFO] [DryRun] LB 배포 예정: hazr-t-dtg-dprap-lb (RG=hazr-t-dtg-rg, FE=t-dtg-dprap-lb-fe, Pool=t-dtg-dprap-lb-bp)
2026-05-22 10:28:12.027	[INFO] [DryRun] LB Probe 배포 예정: hazr-t-dtg-dprap-lb/t-dtg-dprap-lb-pb8082
2026-05-22 10:28:12.066	[INFO] [DryRun] LB Rule 배포 예정: hazr-t-dtg-dprap-lb/t-dtg-dprap-lb-rule8082
2026-05-22 10:28:12.106	[INFO] [DryRun] 리소스 그룹 생성 예정: hazr-t-dtg-rg (koreacentral)
2026-05-22 10:28:12.144	[INFO] [DryRun] LB 배포 예정: hazr-t-dtg-dprweb-lb (RG=hazr-t-dtg-rg, FE=t-dtg-dprweb-lb-fe, Pool=t-dtg-dprweb-lb-bp)
2026-05-22 10:28:12.176	[INFO] [DryRun] LB Probe 배포 예정: hazr-t-dtg-dprweb-lb/t-dtg-dprweb-lb-pb443
2026-05-22 10:28:12.200	[INFO] [DryRun] LB Rule 배포 예정: hazr-t-dtg-dprweb-lb/t-dtg-dprweb-lb-rule443
2026-05-22 10:28:12.239	[INFO] [DryRun] 리소스 그룹 생성 예정: hazr-t-dtg-rg (koreacentral)
2026-05-22 10:28:12.278	[INFO] [DryRun] LB 배포 예정: hazr-t-dtg-extgeoap-lb (RG=hazr-t-dtg-rg, FE=t-dtg-extgeoap-lb-fe, Pool=t-dtg-extgeoap-lb-bp)
2026-05-22 10:28:12.278	[INFO] [DryRun] LB 배포 예정: hazr-t-dtg-extgeoap-lb (RG=hazr-t-dtg-rg, FE=t-dtg-extgeoap-lb-fe, Pool=t-dtg-extgeoap-lb-bp)
2026-05-22 10:28:12.319	[INFO] [DryRun] LB Probe 배포 예정: hazr-t-dtg-extgeoap-lb/t-dtg-extgeoap-lb-pb3660
2026-05-22 10:28:12.318	[INFO] [DryRun] LB Probe 배포 예정: hazr-t-dtg-extgeoap-lb/t-dtg-extgeoap-lb-pb3660
2026-05-22 10:28:12.355	[INFO] [DryRun] LB Probe 배포 예정: hazr-t-dtg-extgeoap-lb/t-dtg-extgeoap-lb-pb3661
2026-05-22 10:28:12.399	[INFO] [DryRun] LB Rule 배포 예정: hazr-t-dtg-extgeoap-lb/t-dtg-extgeoap-lb-rule3660
2026-05-22 10:28:12.398	[INFO] [DryRun] LB Rule 배포 예정: hazr-t-dtg-extgeoap-lb/t-dtg-extgeoap-lb-rule3660
2026-05-22 10:28:12.451	[INFO] [DryRun] LB Rule 배포 예정: hazr-t-dtg-extgeoap-lb/t-dtg-extgeoap-lb-rule3661
2026-05-22 10:28:12.503	[INFO] [DryRun] 리소스 그룹 생성 예정: hazr-t-dtg-rg (koreacentral)
2026-05-22 10:28:12.503	[INFO] [DryRun] 리소스 그룹 생성 예정: hazr-t-dtg-rg (koreacentral)
2026-05-22 10:28:12.520	[INFO] [DryRun] LB 배포 예정: hazr-t-dtg-geoap-lb (RG=hazr-t-dtg-rg, FE=t-dtg-geoap-lb-fe, Pool=t-dtg-geoap-lb-bp)
2026-05-22 10:28:12.565	[INFO] [DryRun] LB Probe 배포 예정: hazr-t-dtg-geoap-lb/t-dtg-geoap-lb-pb8089
2026-05-22 10:28:12.564	[INFO] [DryRun] LB Probe 배포 예정: hazr-t-dtg-geoap-lb/t-dtg-geoap-lb-pb8089
2026-05-22 10:28:12.602	[INFO] [DryRun] LB Probe 배포 예정: hazr-t-dtg-geoap-lb/t-dtg-geoap-lb-pb9089
2026-05-22 10:28:12.650	[INFO] [DryRun] LB Rule 배포 예정: hazr-t-dtg-geoap-lb/t-dtg-geoap-lb-rule8089
2026-05-22 10:28:12.653	[INFO] [DryRun] LB Rule 배포 예정: hazr-t-dtg-geoap-lb/t-dtg-geoap-lb-rule8089
2026-05-22 10:28:12.689	[INFO] [DryRun] LB Rule 배포 예정: hazr-t-dtg-geoap-lb/t-dtg-geoap-lb-rule9089
2026-05-22 10:28:12.730	[INFO] [DryRun] 리소스 그룹 생성 예정: hazr-t-dtg-rg (koreacentral)
2026-05-22 10:28:12.773	[INFO] [DryRun] LB 배포 예정: hazr-t-dtg-ingap-lb (RG=hazr-t-dtg-rg, FE=t-dtg-ingap-lb-fe, Pool=t-dtg-ingap-lb-bp)
2026-05-22 10:28:12.829	[INFO] [DryRun] LB Probe 배포 예정: hazr-t-dtg-ingap-lb/t-dtg-ingap-lb-pb8081
2026-05-22 10:28:12.882	[INFO] [DryRun] LB Rule 배포 예정: hazr-t-dtg-ingap-lb/t-dtg-ingap-lb-rule8081
2026-05-22 10:28:12.937	[INFO] [DryRun] 리소스 그룹 생성 예정: hazr-t-dtg-rg (koreacentral)
2026-05-22 10:28:12.988	[INFO] [DryRun] LB 배포 예정: hazr-t-dtg-mq-lb (RG=hazr-t-dtg-rg, FE=t-dtg-mq-lb-fe, Pool=t-dtg-mq-lb-bp)
2026-05-22 10:28:13.042	[INFO] [DryRun] LB Probe 배포 예정: hazr-t-dtg-mq-lb/t-dtg-mq-lb-pb1883
2026-05-22 10:28:13.094	[INFO] [DryRun] LB Probe 배포 예정: hazr-t-dtg-mq-lb/t-dtg-mq-lb-pb1884
2026-05-22 10:28:13.150	[INFO] [DryRun] LB Rule 배포 예정: hazr-t-dtg-mq-lb/t-dtg-mq-lb-rule1883
2026-05-22 10:28:13.198	[INFO] [DryRun] LB Rule 배포 예정: hazr-t-dtg-mq-lb/t-dtg-mq-lb-rule1884
2026-05-22 10:28:13.240	[INFO] [DryRun] 리소스 그룹 생성 예정: hazr-t-dtg-rg (koreacentral)
2026-05-22 10:28:13.282	[INFO] [DryRun] LB 배포 예정: hazr-t-dtg-web-lb (RG=hazr-t-dtg-rg, FE=t-dtg-web-lb-fe, Pool=t-dtg-web-lb-bp)
2026-05-22 10:28:13.327	[INFO] [DryRun] LB Probe 배포 예정: hazr-t-dtg-web-lb/t-dtg-web-lb-pb8080
2026-05-22 10:28:13.327	[INFO] [DryRun] LB Probe 배포 예정: hazr-t-dtg-web-lb/t-dtg-web-lb-pb8080
2026-05-22 10:28:13.363	[INFO] [DryRun] LB Probe 배포 예정: hazr-t-dtg-web-lb/t-dtg-web-lb-pb8081
2026-05-22 10:28:13.362	[INFO] [DryRun] LB Probe 배포 예정: hazr-t-dtg-web-lb/t-dtg-web-lb-pb8081
2026-05-22 10:28:13.404	[INFO] [DryRun] LB Rule 배포 예정: hazr-t-dtg-web-lb/t-dtg-web-lb-rule8080
2026-05-22 10:28:13.443	[INFO] [DryRun] LB Rule 배포 예정: hazr-t-dtg-web-lb/t-dtg-web-lb-rule8081
2026-05-22 10:28:13.484	[INFO] [END] Deploy-LoadBalancers
2026-05-22 10:28:13.525	[INFO] [START] Deploy-Vms
2026-05-22 10:28:13.523	[INFO] [START] Deploy-Vms
2026-05-22 10:28:13.737	[INFO] Excel 시트 로드: VM
2026-05-22 10:28:13.912	[INFO] [DryRun] 리소스 그룹 생성 예정: hazr-t-cs-rg (koreacentral)
2026-05-22 10:28:13.905	[INFO] [DryRun] 리소스 그룹 생성 예정: hazr-t-cs-rg (koreacentral)
2026-05-22 10:28:14.013	[INFO] [DryRun] VM 배포 예정: hazr-t-cs-chtweb01 (Template=.\템플릿\VM\template-VM-LinuxZone_Image.json)
2026-05-22 10:28:14.045	[INFO] [DryRun] 리소스 그룹 생성 예정: hazr-t-cs-rg (koreacentral)
2026-05-22 10:28:14.093	[INFO] [DryRun] VM 배포 예정: hazr-t-cs-chtintweb01 (Template=.\템플릿\VM\template-VM-LinuxZone_Image.json)
2026-05-22 10:28:14.133	[INFO] [DryRun] 리소스 그룹 생성 예정: hazr-t-cs-rg (koreacentral)
2026-05-22 10:28:14.178	[INFO] [DryRun] VM 배포 예정: hazr-t-cs-chtap01 (Template=.\템플릿\VM\template-VM-LinuxZone_Image.json)
2026-05-22 10:28:14.232	[INFO] [DryRun] 리소스 그룹 생성 예정: hazr-t-dis-rg (koreacentral)
2026-05-22 10:28:14.289	[INFO] [DryRun] VM 배포 예정: hazr-t-dis-ap01 (Template=.\템플릿\VM\template-VM-LinuxZone_Image.json)
2026-05-22 10:28:14.311	[INFO] [DryRun] 리소스 그룹 생성 예정: hazr-t-dis-rg (koreacentral)
2026-05-22 10:28:14.372	[INFO] [DryRun] VM 배포 예정: hazr-t-dis-adm01 (Template=.\템플릿\VM\template-VM-LinuxZone_Image.json)
2026-05-22 10:28:14.427	[INFO] [DryRun] 리소스 그룹 생성 예정: hazr-t-dis-rg (koreacentral)
2026-05-22 10:28:14.479	[INFO] [DryRun] VM 배포 예정: hazr-t-dis-bbiweb01 (Template=.\템플릿\VM\template-VM-LinuxZone_Image.json)
2026-05-22 10:28:14.525	[INFO] [DryRun] 리소스 그룹 생성 예정: hazr-t-dis-rg (koreacentral)
2026-05-22 10:28:14.576	[INFO] [DryRun] VM 배포 예정: hazr-t-dis-bbicltap01 (Template=.\템플릿\VM\template-VM-LinuxZone_Image.json)
2026-05-22 10:28:14.575	[INFO] [DryRun] VM 배포 예정: hazr-t-dis-bbicltap01 (Template=.\템플릿\VM\template-VM-LinuxZone_Image.json)
2026-05-22 10:28:14.619	[INFO] [DryRun] 리소스 그룹 생성 예정: hazr-t-dis-rg (koreacentral)
2026-05-22 10:28:14.669	[INFO] [DryRun] VM 배포 예정: hazr-t-dis-bbimsgap01 (Template=.\템플릿\VM\template-VM-LinuxZone_Image.json)
2026-05-22 10:28:14.669	[INFO] [DryRun] VM 배포 예정: hazr-t-dis-bbimsgap01 (Template=.\템플릿\VM\template-VM-LinuxZone_Image.json)
2026-05-22 10:28:14.706	[INFO] [DryRun] 리소스 그룹 생성 예정: hazr-t-dis-rg (koreacentral)
2026-05-22 10:28:14.754	[INFO] [DryRun] VM 배포 예정: hazr-t-dis-walkap01 (Template=.\템플릿\VM\template-VM-LinuxZone_Image.json)
2026-05-22 10:28:14.754	[INFO] [DryRun] VM 배포 예정: hazr-t-dis-walkap01 (Template=.\템플릿\VM\template-VM-LinuxZone_Image.json)
2026-05-22 10:28:14.795	[INFO] [DryRun] 리소스 그룹 생성 예정: hazr-t-dis-rg (koreacentral)
2026-05-22 10:28:14.844	[INFO] [DryRun] VM 배포 예정: hazr-t-dis-bat01 (Template=.\템플릿\VM\template-VM-LinuxZone_Image.json)
2026-05-22 10:28:14.882	[INFO] [DryRun] 리소스 그룹 생성 예정: hazr-t-dis-rg (koreacentral)
2026-05-22 10:28:14.927	[INFO] [DryRun] VM 배포 예정: hazr-t-dis-drvcltap01 (Template=.\템플릿\VM\template-VM-LinuxZone_Image.json)
2026-05-22 10:28:14.997	[INFO] [DryRun] 리소스 그룹 생성 예정: hazr-t-dis-rg (koreacentral)
VM\template-VM-LinuxZone_Image.json)
2026-05-22 10:28:15.044	[INFO] [DryRun] 리소스 그룹 생성 예정: hazr-t-dis-rg (koreacentral)
M\template-VM-LinuxZone_Image.json)
2026-05-22 10:28:15.091	[INFO] [DryRun] VM 배포 예정: hazr-t-dis-walkweb01 (Template=.\템플릿\VM\template-VM-LinuxZone_Image.json)
2026-05-22 10:28:15.135	[INFO] [DryRun] VM 배포 예정: hazr-t-dis-drvmsgap01 (Template=.\템플릿\VM\template-VM-LinuxZone_Image.json)
2026-05-22 10:28:15.184	[INFO] [DryRun] VM 배포 예정: hazr-t-dis-drvmsgap01 (Template=.\템플릿\VM\template-VM-LinuxZone_Image.json)
2026-05-22 10:28:15.209	[INFO] [DryRun] VM 배포 예정: hazr-t-dis-web01 (Template=.\템플릿\VM\template-VM-LinuxZone_Image.json)
2026-05-22 10:28:15.256	[INFO] [DryRun] VM 배포 예정: hazr-t-dis-web01 (Template=.\템플릿\VM\template-VM-LinuxZone_Image.json)
2026-05-22 10:28:15.298	[INFO] [DryRun] VM 배포 예정: hazr-t-dis-cmsadm01 (Template=.\템플릿\VM\template-VM-LinuxZone_Image.json)
2026-05-22 10:28:15.339	[INFO] [DryRun] VM 배포 예정: hazr-t-dis-cmsadm01 (Template=.\템플릿\VM\template-VM-LinuxZone_Image.json)
2026-05-22 10:28:15.329	[INFO] [DryRun] 리소스 그룹 생성 예정: hazr-t-dis-rg (koreacentral)
2026-05-22 10:28:15.380	[INFO] [DryRun] VM 배포 예정: hazr-t-dis-cmsap01 (Template=.\템플릿\VM\template-VM-LinuxZone_Image.json)
2026-05-22 10:28:15.423	[INFO] [DryRun] VM 배포 예정: hazr-t-dis-cmsap01 (Template=.\템플릿\VM\template-VM-LinuxZone_Image.json)
2026-05-22 10:28:15.468	[INFO] [DryRun] VM 배포 예정: hazr-t-dis-cmsweb01 (Template=.\템플릿\VM\template-VM-LinuxZone_Image.json)
2026-05-22 10:28:15.510	[INFO] [DryRun] 리소스 그룹 생성 예정: hazr-t-dis-rg (koreacentral)
\template-VM-LinuxZone_Image.json)
2026-05-22 10:28:15.564	[INFO] [DryRun] VM 배포 예정: hazr-t-dis-cmbsap01 (Template=.\템플릿\VM\template-VM-LinuxZone_Image.json)
2026-05-22 10:28:15.624	[INFO] [DryRun] VM 배포 예정: hazr-t-dis-cmbsap01 (Template=.\템플릿\VM\template-VM-LinuxZone_Image.json)
2026-05-22 10:28:15.667	[INFO] Windows ComputerName 자동 보정: VM=hazr-t-dis-dfir01 -> ComputerName=hazr-t-dis-dfir
2026-05-22 10:28:15.723	[WARN] 템플릿 미정의 파라미터 제외: ResourceGroupName, osDiskName (Template=.\템플릿\VM\template-VM-WindowsZone_Image.json)
2026-05-22 10:28:15.774	[WARN] 템플릿 미정의 파라미터 제외: osDiskName, ResourceGroupName (Template=.\템플릿\VM\template-VM-WindowsZone_Image.json)
2026-05-22 10:28:15.810	[INFO] [DryRun] 리소스 그룹 생성 예정: hazr-t-dtg-rg (koreacentral)
emplate-VM-WindowsZone_Image.json)
2026-05-22 10:28:15.863	[INFO] [DryRun] 리소스 그룹 생성 예정: hazr-t-dtg-rg (koreacentral)
template-VM-LinuxZone_Image.json)
2026-05-22 10:28:15.907	[INFO] [DryRun] 리소스 그룹 생성 예정: hazr-t-dtg-rg (koreacentral)
template-VM-LinuxZone_Image.json)
2026-05-22 10:28:15.952	[INFO] [DryRun] 리소스 그룹 생성 예정: hazr-t-dtg-rg (koreacentral)
2026-05-22 10:28:15.959	[INFO] [DryRun] VM 배포 예정: hazr-t-dtg-ap01 (Template=.\템플릿\VM\template-VM-LinuxZone_Image.json)
2026-05-22 10:28:15.991	[INFO] [DryRun] 리소스 그룹 생성 예정: hazr-t-dtg-rg (koreacentral)
2026-05-22 10:28:15.999	[INFO] [DryRun] VM 배포 예정: hazr-t-dtg-ap01 (Template=.\템플릿\VM\template-VM-LinuxZone_Image.json)
2026-05-22 10:28:16.029	[INFO] [DryRun] 리소스 그룹 생성 예정: hazr-t-dtg-rg (koreacentral)
2026-05-22 10:28:16.042	[INFO] [DryRun] VM 배포 예정: hazr-t-dtg-extgeoap01 (Template=.\템플릿\VM\template-VM-LinuxZone_Image.json)
2026-05-22 10:28:16.080	[INFO] [DryRun] 리소스 그룹 생성 예정: hazr-t-dtg-rg (koreacentral)
VM\template-VM-LinuxZone_Image.json)
2026-05-22 10:28:16.124	[INFO] [DryRun] 리소스 그룹 생성 예정: hazr-t-dtg-rg (koreacentral)
2026-05-22 10:28:16.136	[INFO] [DryRun] VM 배포 예정: hazr-t-dtg-geoap01 (Template=.\템플릿\VM\template-VM-LinuxZone_Image.json)
2026-05-22 10:28:16.189	[INFO] [DryRun] 리소스 그룹 생성 예정: hazr-t-dtg-rg (koreacentral)
template-VM-LinuxZone_Image.json)
2026-05-22 10:28:16.242	[INFO] [DryRun] 리소스 그룹 생성 예정: hazr-t-dtg-rg (koreacentral)
plate-VM-LinuxZone_Image.json)
2026-05-22 10:28:16.303	[INFO] [DryRun] VM 배포 예정: hazr-t-dtg-mq01 (Template=.\템플릿\VM\template-VM-LinuxZone_Image.json)
2026-05-22 10:28:16.350	[INFO] [DryRun] VM 배포 예정: hazr-t-dtg-admweb01 (Template=.\템플릿\VM\template-VM-LinuxZone_Image.json)
2026-05-22 10:28:16.395	[INFO] [DryRun] VM 배포 예정: hazr-t-dtg-admweb01 (Template=.\템플릿\VM\template-VM-LinuxZone_Image.json)
2026-05-22 10:28:16.383	[INFO] [DryRun] 리소스 그룹 생성 예정: hazr-t-dtg-rg (koreacentral)
2026-05-22 10:28:16.432	[INFO] [DryRun] 리소스 그룹 생성 예정: hazr-t-dtg-rg (koreacentral)
template-VM-LinuxZone_Image.json)
2026-05-22 10:28:16.486	[INFO] [DryRun] VM 배포 예정: hazr-t-dtg-admap01 (Template=.\템플릿\VM\template-VM-LinuxZone_Image.json)
2026-05-22 10:28:16.531	[INFO] [DryRun] VM 배포 예정: hazr-t-dtg-dtoms01 (Template=.\템플릿\VM\template-VM-LinuxZone_Image.json)
2026-05-22 10:28:16.571	[INFO] [DryRun] VM 배포 예정: hazr-t-dtg-dtoms01 (Template=.\템플릿\VM\template-VM-LinuxZone_Image.json)
2026-05-22 10:28:16.562	[INFO] [DryRun] 리소스 그룹 생성 예정: hazr-t-dtg-rg (koreacentral)
2026-05-22 10:28:16.606	[INFO] [DryRun] 리소스 그룹 생성 예정: hazr-t-dtg-rg (koreacentral)
emplate-VM-LinuxZone_Image.json)
2026-05-22 10:28:16.639	[INFO] [DryRun] 리소스 그룹 생성 예정: hazr-t-dtg-rg (koreacentral)
emplate-VM-LinuxZone_Image.json)
2026-05-22 10:28:16.688	[INFO] [DryRun] VM 배포 예정: hazr-t-dtg-web01 (Template=.\템플릿\VM\template-VM-LinuxZone_Image.json)
2026-05-22 10:28:16.679	[INFO] [DryRun] 리소스 그룹 생성 예정: hazr-t-dtg-rg (koreacentral)
2026-05-22 10:28:16.727	[INFO] [DryRun] VM 배포 예정: hazr-t-dtg-web01 (Template=.\템플릿\VM\template-VM-LinuxZone_Image.json)
2026-05-22 10:28:16.775	[INFO] [DryRun] VM 배포 예정: hazr-t-dtg-zkp01 (Template=.\템플릿\VM\template-VM-LinuxZone_Image.json)
2026-05-22 10:28:16.804	[INFO] [DryRun] 리소스 그룹 생성 예정: hazr-t-dtg-rg (koreacentral)
2026-05-22 10:28:16.813	[INFO] [DryRun] VM 배포 예정: hazr-t-dtg-zkp01 (Template=.\템플릿\VM\template-VM-LinuxZone_Image.json)
2026-05-22 10:28:16.858	[INFO] [DryRun] VM 배포 예정: hazr-t-dtg-zkp02 (Template=.\템플릿\VM\template-VM-LinuxZone_Image.json)
2026-05-22 10:28:16.895	[INFO] [DryRun] VM 배포 예정: hazr-t-dtg-zkp02 (Template=.\템플릿\VM\template-VM-LinuxZone_Image.json)
2026-05-22 10:28:16.887	[INFO] [DryRun] 리소스 그룹 생성 예정: hazr-t-dtg-rg (koreacentral)
2026-05-22 10:28:16.941	[INFO] [DryRun] VM 배포 예정: hazr-t-dtg-zkp03 (Template=.\템플릿\VM\template-VM-LinuxZone_Image.json)
2026-05-22 10:28:16.975	[INFO] [DryRun] 리소스 그룹 생성 예정: hazr-t-dtg-rg (koreacentral)
2026-05-22 10:28:16.986	[INFO] [DryRun] VM 배포 예정: hazr-t-dtg-zkp03 (Template=.\템플릿\VM\template-VM-LinuxZone_Image.json)
2026-05-22 10:28:17.041	[INFO] [DryRun] VM 배포 예정: hazr-t-dtg-kfk01 (Template=.\템플릿\VM\template-VM-LinuxZone_Image.json)
2026-05-22 10:28:17.109	[INFO] [DryRun] VM 배포 예정: hazr-t-dtg-kfk01 (Template=.\템플릿\VM\template-VM-LinuxZone_Image.json)
2026-05-22 10:28:17.158	[INFO] [DryRun] 리소스 그룹 생성 예정: hazr-t-dtg-rg (koreacentral)
2026-05-22 10:28:17.171	[INFO] [DryRun] VM 배포 예정: hazr-t-dtg-kfk02 (Template=.\템플릿\VM\template-VM-LinuxZone_Image.json)
2026-05-22 10:28:17.296	[INFO] [DryRun] 리소스 그룹 생성 예정: hazr-t-dtg-rg (koreacentral)
2026-05-22 10:28:17.296	[INFO] [DryRun] 리소스 그룹 생성 예정: hazr-t-dtg-rg (koreacentral)
2026-05-22 10:28:17.357	[INFO] [DryRun] VM 배포 예정: hazr-t-dtg-kfk03 (Template=.\템플릿\VM\template-VM-LinuxZone_Image.json)
2026-05-22 10:28:17.424	[INFO] [DryRun] 리소스 그룹 생성 예정: hazr-t-dtg-rg (koreacentral)
2026-05-22 10:28:17.474	[INFO] [DryRun] VM 배포 예정: hazr-t-dtg-mdoms01 (Template=.\템플릿\VM\template-VM-LinuxZone_Image.json)
2026-05-22 10:28:17.515	[INFO] [DryRun] 리소스 그룹 생성 예정: hazr-t-dtg-rg (koreacentral)
2026-05-22 10:28:17.566	[INFO] [DryRun] VM 배포 예정: hazr-t-dtg-cdmlap01 (Template=.\템플릿\VM\template-VM-LinuxZone_Image.json)
2026-05-22 10:28:17.615	[INFO] [DryRun] 리소스 그룹 생성 예정: hazr-t-dtg-rg (koreacentral)
2026-05-22 10:28:17.672	[INFO] [DryRun] VM 배포 예정: hazr-t-dtg-cdstap01 (Template=.\템플릿\VM\template-VM-LinuxZone_Image.json)
2026-05-22 10:28:17.694	[INFO] [DryRun] 리소스 그룹 생성 예정: hazr-t-dtg-rg (koreacentral)
2026-05-22 10:28:17.757	[INFO] [DryRun] VM 배포 예정: hazr-t-dtg-cdsvadm01 (Template=.\템플릿\VM\template-VM-LinuxZone_Image.json)
2026-05-22 10:28:17.813	[INFO] [DryRun] 리소스 그룹 생성 예정: hazr-t-dtg-rg (koreacentral)
2026-05-22 10:28:17.871	[INFO] [DryRun] VM 배포 예정: hazr-t-dtg-diosap01 (Template=.\템플릿\VM\template-VM-LinuxZone_Image.json)
2026-05-22 10:28:17.921	[INFO] [DryRun] 리소스 그룹 생성 예정: hazr-t-dtg-rg (koreacentral)
2026-05-22 10:28:17.987	[INFO] [DryRun] VM 배포 예정: hazr-t-dtg-diosweb01 (Template=.\템플릿\VM\template-VM-LinuxZone_Image.json)
2026-05-22 10:28:18.039	[INFO] [DryRun] 리소스 그룹 생성 예정: hazr-t-dtg-rg (koreacentral)
2026-05-22 10:28:18.097	[INFO] [DryRun] VM 배포 예정: hazr-t-dtg-dprweb01 (Template=.\템플릿\VM\template-VM-LinuxZone_Image.json)
2026-05-22 10:28:18.145	[INFO] [DryRun] 리소스 그룹 생성 예정: hazr-t-dtg-rg (koreacentral)
2026-05-22 10:28:18.213	[INFO] [DryRun] VM 배포 예정: hazr-t-dtg-dprap01 (Template=.\템플릿\VM\template-VM-LinuxZone_Image.json)
2026-05-22 10:28:18.264	[INFO] [DryRun] 리소스 그룹 생성 예정: hazr-t-bdp-rg (koreacentral)
2026-05-22 10:28:18.327	[INFO] [DryRun] VM 배포 예정: hazr-t-bdp-airfw01 (Template=.\템플릿\VM\template-VM-LinuxZone_Image.json)
2026-05-22 10:28:18.379	[INFO] [DryRun] 리소스 그룹 생성 예정: hazr-t-bdp-rg (koreacentral)
2026-05-22 10:28:18.413	[INFO] [DryRun] VM 배포 예정: hazr-t-bdp-kepler01 (Template=.\템플릿\VM\template-VM-LinuxZone_Image.json)
2026-05-22 10:28:18.472	[INFO] [DryRun] 리소스 그룹 생성 예정: hazr-t-bdp-rg (koreacentral)
2026-05-22 10:28:18.471	[INFO] [DryRun] 리소스 그룹 생성 예정: hazr-t-bdp-rg (koreacentral)
2026-05-22 10:28:18.539	[INFO] [DryRun] VM 배포 예정: hazr-t-bdp-cxmadm01 (Template=.\템플릿\VM\template-VM-LinuxZone_Image.json)
2026-05-22 10:28:18.595	[INFO] [DryRun] 리소스 그룹 생성 예정: hazr-t-bdp-rg (koreacentral)
2026-05-22 10:28:18.693	[INFO] [DryRun] VM 배포 예정: hazr-t-bdp-slap01 (Template=.\템플릿\VM\template-VM-LinuxZone_Image.json)
2026-05-22 10:28:18.759	[INFO] [DryRun] 리소스 그룹 생성 예정: hazr-t-dip-rg (koreacentral)
2026-05-22 10:28:18.831	[INFO] [DryRun] VM 배포 예정: hazr-t-dip-adm01 (Template=.\템플릿\VM\template-VM-LinuxZone_Image.json)
2026-05-22 10:28:18.901	[INFO] [DryRun] 리소스 그룹 생성 예정: hazr-t-dip-rg (koreacentral)
2026-05-22 10:28:18.903	[INFO] [DryRun] 리소스 그룹 생성 예정: hazr-t-dip-rg (koreacentral)
2026-05-22 10:28:18.976	[INFO] [DryRun] VM 배포 예정: hazr-t-dip-ap01 (Template=.\템플릿\VM\template-VM-LinuxZone_Image.json)
2026-05-22 10:28:19.001	[INFO] [DryRun] 리소스 그룹 생성 예정: hazr-t-dip-rg (koreacentral)
2026-05-22 10:28:19.072	[INFO] [DryRun] VM 배포 예정: hazr-t-dip-flk01 (Template=.\템플릿\VM\template-VM-LinuxZone_Image.json)
2026-05-22 10:28:19.123	[INFO] [DryRun] 리소스 그룹 생성 예정: hazr-t-dip-rg (koreacentral)
2026-05-22 10:28:19.184	[INFO] [DryRun] VM 배포 예정: hazr-t-dip-flk02 (Template=.\템플릿\VM\template-VM-LinuxZone_Image.json)
2026-05-22 10:28:19.227	[INFO] [DryRun] 리소스 그룹 생성 예정: hazr-t-dip-rg (koreacentral)
2026-05-22 10:28:19.286	[INFO] [DryRun] VM 배포 예정: hazr-t-dip-flk03 (Template=.\템플릿\VM\template-VM-LinuxZone_Image.json)
2026-05-22 10:28:19.336	[INFO] [DryRun] 리소스 그룹 생성 예정: hazr-t-dip-rg (koreacentral)
2026-05-22 10:28:19.403	[INFO] [DryRun] VM 배포 예정: hazr-t-dip-geoap01 (Template=.\템플릿\VM\template-VM-LinuxZone_Image.json)
2026-05-22 10:28:19.459	[INFO] [DryRun] 리소스 그룹 생성 예정: hazr-t-dip-rg (koreacentral)
2026-05-22 10:28:19.526	[INFO] [DryRun] VM 배포 예정: hazr-t-dip-kfk01 (Template=.\템플릿\VM\template-VM-LinuxZone_Image.json)
2026-05-22 10:28:19.590	[INFO] [DryRun] 리소스 그룹 생성 예정: hazr-t-dip-rg (koreacentral)
2026-05-22 10:28:19.646	[INFO] [DryRun] VM 배포 예정: hazr-t-dip-kfk02 (Template=.\템플릿\VM\template-VM-LinuxZone_Image.json)
2026-05-22 10:28:19.692	[INFO] [DryRun] 리소스 그룹 생성 예정: hazr-t-dip-rg (koreacentral)
2026-05-22 10:28:19.745	[INFO] [DryRun] VM 배포 예정: hazr-t-dip-kfk03 (Template=.\템플릿\VM\template-VM-LinuxZone_Image.json)
2026-05-22 10:28:19.793	[INFO] [DryRun] 리소스 그룹 생성 예정: hazr-t-dip-rg (koreacentral)
2026-05-22 10:28:19.843	[INFO] [DryRun] VM 배포 예정: hazr-t-dip-mqap01 (Template=.\템플릿\VM\template-VM-LinuxZone_Image.json)
2026-05-22 10:28:19.842	[INFO] [DryRun] VM 배포 예정: hazr-t-dip-mqap01 (Template=.\템플릿\VM\template-VM-LinuxZone_Image.json)
2026-05-22 10:28:19.883	[INFO] [DryRun] 리소스 그룹 생성 예정: hazr-t-dip-rg (koreacentral)
2026-05-22 10:28:19.936	[INFO] [DryRun] VM 배포 예정: hazr-t-dip-mqweb01 (Template=.\템플릿\VM\template-VM-LinuxZone_Image.json)
2026-05-22 10:28:20.020	[INFO] [DryRun] 리소스 그룹 생성 예정: hazr-t-dip-rg (koreacentral)
2026-05-22 10:28:20.086	[INFO] [DryRun] VM 배포 예정: hazr-t-dip-oms01 (Template=.\템플릿\VM\template-VM-LinuxZone_Image.json)
2026-05-22 10:28:20.125	[INFO] [DryRun] 리소스 그룹 생성 예정: hazr-t-dip-rg (koreacentral)
2026-05-22 10:28:20.180	[INFO] [DryRun] VM 배포 예정: hazr-t-dip-web01 (Template=.\템플릿\VM\template-VM-LinuxZone_Image.json)
2026-05-22 10:28:20.234	[INFO] [DryRun] 리소스 그룹 생성 예정: hazr-t-com-rg (koreacentral)
2026-05-22 10:28:20.288	[INFO] [DryRun] VM 배포 예정: hazr-t-com-auth01 (Template=.\템플릿\VM\template-VM-LinuxZone_Image.json)
2026-05-22 10:28:20.329	[INFO] [DryRun] 리소스 그룹 생성 예정: hazr-t-com-rg (koreacentral)
2026-05-22 10:28:20.376	[INFO] [DryRun] VM 배포 예정: hazr-t-com-proxy01 (Template=.\템플릿\VM\template-VM-LinuxZone_Image.json)
2026-05-22 10:28:20.415	[INFO] [DryRun] 리소스 그룹 생성 예정: hazr-t-if-rg (koreacentral)
2026-05-22 10:28:20.467	[INFO] [DryRun] VM 배포 예정: hazr-t-if-gramon01 (Template=.\템플릿\VM\template-VM-LinuxZone_Image.json)
2026-05-22 10:28:20.467	[INFO] [DryRun] VM 배포 예정: hazr-t-if-gramon01 (Template=.\템플릿\VM\template-VM-LinuxZone_Image.json)
2026-05-22 10:28:20.505	[INFO] [DryRun] 리소스 그룹 생성 예정: hazr-t-doip-rg (koreacentral)
2026-05-22 10:28:20.505	[INFO] [DryRun] 리소스 그룹 생성 예정: hazr-t-doip-rg (koreacentral)
2026-05-22 10:28:20.562	[INFO] [DryRun] VM 배포 예정: hazr-t-doip-web01 (Template=.\템플릿\VM\template-VM-LinuxZone_Image.json)
2026-05-22 10:28:20.558	[INFO] [DryRun] VM 배포 예정: hazr-t-doip-web01 (Template=.\템플릿\VM\template-VM-LinuxZone_Image.json)
2026-05-22 10:28:20.597	[INFO] [DryRun] 리소스 그룹 생성 예정: hazr-t-doip-rg (koreacentral)
2026-05-22 10:28:20.644	[INFO] [DryRun] VM 배포 예정: hazr-t-doip-ap01 (Template=.\템플릿\VM\template-VM-LinuxZone_Image.json)
2026-05-22 10:28:20.681	[INFO] [DryRun] 리소스 그룹 생성 예정: hazr-t-doip-rg (koreacentral)
2026-05-22 10:28:20.684	[INFO] [DryRun] 리소스 그룹 생성 예정: hazr-t-doip-rg (koreacentral)
2026-05-22 10:28:20.725	[INFO] [DryRun] VM 배포 예정: hazr-t-doip-adm01 (Template=.\템플릿\VM\template-VM-LinuxZone_Image.json)
2026-05-22 10:28:20.762	[INFO] [DryRun] 리소스 그룹 생성 예정: hazr-t-bdp-rg (koreacentral)
2026-05-22 10:28:20.807	[INFO] [DryRun] VM 배포 예정: hazr-t-bdp-crkweb01 (Template=.\템플릿\VM\template-VM-LinuxZone_Image.json)
2026-05-22 10:28:20.807	[INFO] [DryRun] VM 배포 예정: hazr-t-bdp-crkweb01 (Template=.\템플릿\VM\template-VM-LinuxZone_Image.json)
2026-05-22 10:28:20.847	[INFO] [DryRun] 리소스 그룹 생성 예정: hazr-t-bdp-rg (koreacentral)
2026-05-22 10:28:20.891	[INFO] [DryRun] VM 배포 예정: hazr-t-bdp-crkap01 (Template=.\템플릿\VM\template-VM-LinuxZone_Image.json)
2026-05-22 10:28:20.929	[INFO] [DryRun] 리소스 그룹 생성 예정: hazr-t-bdp-rg (koreacentral)
2026-05-22 10:28:20.978	[INFO] [DryRun] VM 배포 예정: hazr-t-bdp-crkml01 (Template=.\템플릿\VM\template-VM-LinuxZone_Image.json)
2026-05-22 10:28:20.978	[INFO] [DryRun] VM 배포 예정: hazr-t-bdp-crkml01 (Template=.\템플릿\VM\template-VM-LinuxZone_Image.json)
2026-05-22 10:28:21.017	[INFO] [DryRun] 리소스 그룹 생성 예정: hazr-l-mon-rg (koreacentral)
2026-05-22 10:28:21.062	[INFO] [DryRun] VM 배포 예정: hazr-l-mon-whtap01 (Template=.\템플릿\VM\template-VM-LinuxZone_Image.json)
2026-05-22 10:28:21.063	[INFO] [DryRun] VM 배포 예정: hazr-l-mon-whtap01 (Template=.\템플릿\VM\template-VM-LinuxZone_Image.json)
2026-05-22 10:28:21.157	[INFO] [DryRun] 리소스 그룹 생성 예정: hazr-l-mon-rg (koreacentral)
template-VM-LinuxZone_Image.json)
2026-05-22 10:28:21.199	[INFO] [DryRun] 리소스 그룹 생성 예정: hazr-l-mon-rg (koreacentral)
template-VM-LinuxZone_Image.json)
2026-05-22 10:28:21.247	[INFO] [DryRun] VM 배포 예정: hazr-l-mon-whtap03 (Template=.\템플릿\VM\template-VM-LinuxZone_Image.json)
2026-05-22 10:28:21.278	[INFO] [END] Deploy-Vms
 예정: hazr-l-mon-whtap03 (Template=.\템플릿\VM\template-VM-LinuxZone_Image.json)
2026-05-22 10:28:21.316	[INFO] [START] Deploy-DataDisks
2026-05-22 10:28:21.362	[INFO] [START] Deploy-DataDisks
2026-05-22 10:28:22.757	[INFO] [END] Deploy-DataDisks
2026-05-22 10:28:22.805	[INFO] [END] Deploy-DataDisks
2026-05-22 10:28:22.876	[INFO] [START] Deploy-Nsgs
2026-05-22 10:28:23.047	[INFO] Excel 시트 로드: NSG
2026-05-22 10:28:23.389	[INFO] Excel 시트 로드: NSG_Rule
2026-05-22 10:28:23.760	[INFO] Excel 시트 로드: VNET
2026-05-22 10:28:23.763	[INFO] Excel 시트 로드: VNET
2026-05-22 10:28:24.043	[INFO] [DryRun] NSG 배포 예정: l-mon-whtap01-nsg (RG=hazr-l-mon-rg)
2026-05-22 10:28:24.098	[INFO] [DryRun] NIC-NSG 연결 예정: l-mon-whtap01-nic (RG=hazr-l-mon-rg) -> l-mon-whtap01-nsg
2026-05-22 10:28:24.154	[INFO] [DryRun] NSG 배포 예정: l-mon-whtap02-nsg (RG=hazr-l-mon-rg)
2026-05-22 10:28:24.217	[INFO] [DryRun] NIC-NSG 연결 예정: l-mon-whtap02-nic (RG=hazr-l-mon-rg) -> l-mon-whtap02-nsg
2026-05-22 10:28:24.277	[INFO] [DryRun] NSG 배포 예정: l-mon-whtap03-nsg (RG=hazr-l-mon-rg)
2026-05-22 10:28:24.278	[INFO] [DryRun] NSG 배포 예정: l-mon-whtap03-nsg (RG=hazr-l-mon-rg)
2026-05-22 10:28:24.333	[INFO] [DryRun] NIC-NSG 연결 예정: l-mon-whtap03-nic (RG=hazr-l-mon-rg) -> l-mon-whtap03-nsg
2026-05-22 10:28:24.394	[INFO] [DryRun] NSG 배포 예정: t-bdp-airfw01-nsg (RG=hazr-t-dch-rg)
2026-05-22 10:28:24.394	[INFO] [DryRun] NSG 배포 예정: t-bdp-airfw01-nsg (RG=hazr-t-dch-rg)
g) -> t-bdp-airfw01-nsg
2026-05-22 10:28:24.516	[INFO] [DryRun] NIC-NSG 연결 예정: t-bdp-airfw01-nic (RG=hazr-t-bdp-rg) -> t-bdp-airfw01-nsg
2026-05-22 10:28:24.568	[INFO] [DryRun] NIC-NSG 연결 예정: t-bdp-crkap01-nic (RG=hazr-t-bdp-rg) -> t-bdp-crkap01-nsg
2026-05-22 10:28:24.614	[INFO] [DryRun] NIC-NSG 연결 예정: t-bdp-crkap01-nic (RG=hazr-t-bdp-rg) -> t-bdp-crkap01-nsg
2026-05-22 10:28:24.658	[INFO] [DryRun] NIC-NSG 연결 예정: t-bdp-crkml01-nic (RG=hazr-t-bdp-rg) -> t-bdp-crkml01-nsg
2026-05-22 10:28:24.698	[INFO] [DryRun] NIC-NSG 연결 예정: t-bdp-crkml01-nic (RG=hazr-t-bdp-rg) -> t-bdp-crkml01-nsg
2026-05-22 10:28:24.698	[INFO] [DryRun] NSG 배포 예정: t-bdp-crkweb01-nsg (RG=hazr-t-dch-rg)
2026-05-22 10:28:24.743	[INFO] [DryRun] NIC-NSG 연결 예정: t-bdp-crkweb01-nic (RG=hazr-t-bdp-rg) -> t-bdp-crkweb01-nsg
2026-05-22 10:28:24.784	[INFO] [DryRun] NSG 배포 예정: t-bdp-cxmadm01-nsg (RG=hazr-t-dch-rg)
g) -> t-bdp-crkweb01-nsg
2026-05-22 10:28:24.822	[INFO] [DryRun] NIC-NSG 연결 예정: t-bdp-cxmadm01-nic (RG=hazr-t-bdp-rg) -> t-bdp-cxmadm01-nsg
2026-05-22 10:28:24.860	[INFO] [DryRun] NIC-NSG 연결 예정: t-bdp-cxmadm01-nic (RG=hazr-t-bdp-rg) -> t-bdp-cxmadm01-nsg
2026-05-22 10:28:24.895	[INFO] [DryRun] Subnet-NSG 연결 예정: hazr-t-dch-int-vnet/t-bdp-db-sbn -> t-bdp-db-nsg
2026-05-22 10:28:24.936	[INFO] [DryRun] Subnet-NSG 연결 예정: hazr-t-dch-int-vnet/t-bdp-db-sbn -> t-bdp-db-nsg
2026-05-22 10:28:24.980	[INFO] [DryRun] NSG 배포 예정: t-bdp-kepler01-nsg (RG=hazr-t-dch-rg)
g) -> t-bdp-kepler01-nsg
2026-05-22 10:28:25.025	[INFO] [DryRun] NIC-NSG 연결 예정: t-bdp-kepler01-nic (RG=hazr-t-bdp-rg) -> t-bdp-kepler01-nsg
2026-05-22 10:28:25.026	[INFO] [DryRun] NSG 배포 예정: t-bdp-pe-nsg (RG=hazr-t-dch-rg)
2026-05-22 10:28:25.078	[INFO] [DryRun] Subnet-NSG 연결 예정: hazr-t-dch-int-vnet/t-bdp-pe-sbn -> t-bdp-pe-nsg
2026-05-22 10:28:25.122	[INFO] [DryRun] Subnet-NSG 연결 예정: hazr-t-dch-int-vnet/t-bdp-pe-sbn -> t-bdp-pe-nsg
2026-05-22 10:28:25.164	[INFO] [DryRun] NSG 배포 예정: t-bdp-slap01-nsg (RG=hazr-t-dch-rg)
2026-05-22 10:28:25.164	[INFO] [DryRun] NIC-NSG 연결 예정: t-bdp-slap01-nic (RG=hazr-t-bdp-rg) -> t-bdp-slap01-nsg
2026-05-22 10:28:25.212	[INFO] [DryRun] NSG 배포 예정: t-com-auth01-nsg (RG=hazr-t-dch-rg)
g) -> t-bdp-slap01-nsg
2026-05-22 10:28:25.253	[INFO] [DryRun] NIC-NSG 연결 예정: t-com-auth01-nic (RG=hazr-t-com-rg) -> t-com-auth01-nsg
2026-05-22 10:28:25.253	[INFO] [DryRun] NSG 배포 예정: t-com-auth01-nsg (RG=hazr-t-dch-rg)
2026-05-22 10:28:25.290	[INFO] [DryRun] NIC-NSG 연결 예정: t-com-auth01-nic (RG=hazr-t-com-rg) -> t-com-auth01-nsg
2026-05-22 10:28:25.306	[INFO] [DryRun] Subnet-NSG 연결 예정: hazr-t-dch-int-vnet/t-com-db-sbn -> t-com-db-nsg
2026-05-22 10:28:25.343	[INFO] [DryRun] Subnet-NSG 연결 예정: hazr-t-dch-int-vnet/t-com-db-sbn -> t-com-db-nsg
2026-05-22 10:28:25.381	[INFO] [DryRun] Subnet-NSG 연결 예정: hazr-t-dch-int-vnet/t-com-pe-sbn -> t-com-pe-nsg
2026-05-22 10:28:25.419	[INFO] [DryRun] NSG 배포 예정: t-com-proxy01-nsg (RG=hazr-t-dch-rg)
n -> t-com-pe-nsg
2026-05-22 10:28:25.457	[INFO] [DryRun] NIC-NSG 연결 예정: t-com-proxy01-nic (RG=hazr-t-com-rg) -> t-com-proxy01-nsg
2026-05-22 10:28:25.457	[INFO] [DryRun] NSG 배포 예정: t-com-proxy01-nsg (RG=hazr-t-dch-rg)
2026-05-22 10:28:25.495	[INFO] [DryRun] NSG 배포 예정: t-cs-chtap01-nsg (RG=hazr-t-dch-rg)
rg) -> t-com-proxy01-nsg
2026-05-22 10:28:25.533	[INFO] [DryRun] NIC-NSG 연결 예정: t-cs-chtap01-nic (RG=hazr-t-cs-rg) -> t-cs-chtap01-nsg
2026-05-22 10:28:25.536	[INFO] [DryRun] NSG 배포 예정: t-cs-chtap01-nsg (RG=hazr-t-dch-rg)
2026-05-22 10:28:25.555	[INFO] [DryRun] NSG 배포 예정: t-cs-chtintweb01-nsg (RG=hazr-t-dch-rg)
 t-cs-chtap01-nsg
2026-05-22 10:28:25.601	[INFO] [DryRun] NSG 배포 예정: t-cs-chtintweb01-nsg (RG=hazr-t-dch-rg)
) -> t-cs-chtintweb01-nsg
2026-05-22 10:28:25.660	[INFO] [DryRun] NSG 배포 예정: t-cs-chtweb01-nsg (RG=hazr-t-dch-rg)
2026-05-22 10:28:25.664	[INFO] [DryRun] NIC-NSG 연결 예정: t-cs-chtintweb01-nic (RG=hazr-t-cs-rg) -> t-cs-chtintweb01-nsg
2026-05-22 10:28:25.736	[INFO] [DryRun] NSG 배포 예정: t-cs-chtweb01-nsg (RG=hazr-t-dch-rg)
) -> t-cs-chtweb01-nsg
2026-05-22 10:28:25.792	[INFO] [DryRun] NIC-NSG 연결 예정: t-cs-chtweb01-nic (RG=hazr-t-cs-rg) -> t-cs-chtweb01-nsg
2026-05-22 10:28:25.844	[INFO] [DryRun] NSG 배포 예정: t-cs-db-nsg (RG=hazr-t-dch-rg)
db-sbn -> t-cs-db-nsg
2026-05-22 10:28:25.890	[INFO] [DryRun] NSG 배포 예정: t-cs-pe-nsg (RG=hazr-t-dch-rg)
db-sbn -> t-cs-db-nsg
2026-05-22 10:28:25.937	[INFO] [DryRun] Subnet-NSG 연결 예정: hazr-t-dch-int-vnet/t-cs-pe-sbn -> t-cs-pe-nsg
2026-05-22 10:28:25.987	[INFO] [DryRun] NSG 배포 예정: t-dip-adm01-nsg (RG=hazr-t-dch-rg)
bn -> t-cs-pe-nsg
2026-05-22 10:28:26.043	[INFO] [DryRun] NSG 배포 예정: t-dip-adm01-nsg (RG=hazr-t-dch-rg)
2026-05-22 10:28:26.045	[INFO] [DryRun] NIC-NSG 연결 예정: t-dip-adm01-nic (RG=hazr-t-dip-rg) -> t-dip-adm01-nsg
2026-05-22 10:28:26.088	[INFO] [DryRun] NSG 배포 예정: t-dip-ap01-nsg (RG=hazr-t-dch-rg)
2026-05-22 10:28:26.090	[INFO] [DryRun] NIC-NSG 연결 예정: t-dip-adm01-nic (RG=hazr-t-dip-rg) -> t-dip-adm01-nsg
2026-05-22 10:28:26.140	[INFO] [DryRun] NIC-NSG 연결 예정: t-dip-ap01-nic (RG=hazr-t-dip-rg) -> t-dip-ap01-nsg
2026-05-22 10:28:26.140	[INFO] [DryRun] NSG 배포 예정: t-dip-ap01-nsg (RG=hazr-t-dch-rg)
2026-05-22 10:28:26.257	[INFO] [DryRun] Subnet-NSG 연결 예정: hazr-t-dch-int-vnet/t-dip-db-sbn -> t-dip-db-nsg
2026-05-22 10:28:26.294	[INFO] [DryRun] NSG 배포 예정: t-dip-flk01-nsg (RG=hazr-t-dch-rg)
2026-05-22 10:28:26.342	[INFO] [DryRun] Subnet-NSG 연결 예정: hazr-t-dch-int-vnet/t-dip-db-sbn -> t-dip-db-nsg

2026-05-22 10:28:26.379	[INFO] [DryRun] NSG 배포 예정: t-dip-flk01-nsg (RG=hazr-t-dch-rg)
2026-05-22 10:28:26.420	[INFO] [DryRun] NIC-NSG 연결 예정: t-dip-flk02-nic (RG=hazr-t-dip-rg) -> t-dip-flk02-nsg
2026-05-22 10:28:26.418	[INFO] [DryRun] NIC-NSG 연결 예정: t-dip-flk01-nic (RG=hazr-t-dip-rg) -> t-dip-flk01-nsg
2026-05-22 10:28:26.442	[INFO] [DryRun] NSG 배포 예정: t-dip-flk03-nsg (RG=hazr-t-dch-rg)
2026-05-22 10:28:26.479	[INFO] [DryRun] NIC-NSG 연결 예정: t-dip-flk03-nic (RG=hazr-t-dip-rg) -> t-dip-flk03-nsg
2026-05-22 10:28:26.517	[INFO] [DryRun] NSG 배포 예정: t-dip-flk03-nsg (RG=hazr-t-dch-rg)

2026-05-22 10:28:26.555	[INFO] [DryRun] NIC-NSG 연결 예정: t-dip-flk03-nic (RG=hazr-t-dip-rg) -> t-dip-flk03-nsg
2026-05-22 10:28:26.554	[INFO] [DryRun] NIC-NSG 연결 예정: t-dip-geoap01-nic (RG=hazr-t-dip-rg) -> t-dip-geoap01-nsg
2026-05-22 10:28:26.592	[INFO] [DryRun] NSG 배포 예정: t-dip-kfk01-nsg (RG=hazr-t-dch-rg)

2026-05-22 10:28:26.629	[INFO] [DryRun] NIC-NSG 연결 예정: t-dip-kfk01-nic (RG=hazr-t-dip-rg) -> t-dip-kfk01-nsg
2026-05-22 10:28:26.633	[INFO] [DryRun] NIC-NSG 연결 예정: t-dip-geoap01-nic (RG=hazr-t-dip-rg) -> t-dip-geoap01-nsg
2026-05-22 10:28:26.668	[INFO] [DryRun] NSG 배포 예정: t-dip-kfk02-nsg (RG=hazr-t-dch-rg)
2026-05-22 10:28:26.707	[INFO] [DryRun] NIC-NSG 연결 예정: t-dip-kfk01-nic (RG=hazr-t-dip-rg) -> t-dip-kfk01-nsg
2026-05-22 10:28:26.707	[INFO] [DryRun] NIC-NSG 연결 예정: t-dip-kfk02-nic (RG=hazr-t-dip-rg) -> t-dip-kfk02-nsg
2026-05-22 10:28:26.733	[INFO] [DryRun] NSG 배포 예정: t-dip-kfk02-nsg (RG=hazr-t-dch-rg)
2026-05-22 10:28:26.738	[INFO] [DryRun] NSG 배포 예정: t-dip-kfk03-nsg (RG=hazr-t-dch-rg)
2026-05-22 10:28:26.772	[INFO] [DryRun] NIC-NSG 연결 예정: t-dip-kfk02-nic (RG=hazr-t-dip-rg) -> t-dip-kfk02-nsg
2026-05-22 10:28:26.803	[INFO] [DryRun] NIC-NSG 연결 예정: t-dip-kfk03-nic (RG=hazr-t-dip-rg) -> t-dip-kfk03-nsg
2026-05-22 10:28:26.839	[INFO] [DryRun] NSG 배포 예정: t-dip-kfk03-nsg (RG=hazr-t-dch-rg)

2026-05-22 10:28:26.877	[INFO] [DryRun] NIC-NSG 연결 예정: t-dip-kfk03-nic (RG=hazr-t-dip-rg) -> t-dip-kfk03-nsg

2026-05-22 10:28:26.916	[INFO] [DryRun] NSG 배포 예정: t-dip-mqweb01-nsg (RG=hazr-t-dch-rg)
2026-05-22 10:28:26.962	[INFO] [DryRun] NIC-NSG 연결 예정: t-dip-mqweb01-nic (RG=hazr-t-dip-rg) -> t-dip-mqweb01-nsg
2026-05-22 10:28:27.000	[INFO] [DryRun] NSG 배포 예정: t-dip-oms01-nsg (RG=hazr-t-dch-rg)

2026-05-22 10:28:27.039	[INFO] [DryRun] NIC-NSG 연결 예정: t-dip-oms01-nic (RG=hazr-t-dip-rg) -> t-dip-oms01-nsg
sg
2026-05-22 10:28:27.081	[INFO] [DryRun] NSG 배포 예정: t-dip-pe-nsg (RG=hazr-t-dch-rg)
)
2026-05-22 10:28:27.119	[INFO] [DryRun] Subnet-NSG 연결 예정: hazr-t-dch-int-vnet/t-dip-pe-sbn -> t-dip-pe-nsg
2026-05-22 10:28:27.119	[INFO] [DryRun] NIC-NSG 연결 예정: t-dip-oms01-nic (RG=hazr-t-dip-rg) -> t-dip-oms01-nsg
2026-05-22 10:28:27.156	[INFO] [DryRun] NSG 배포 예정: t-dip-pe-nsg (RG=hazr-t-dch-rg)
)
2026-05-22 10:28:27.194	[INFO] [DryRun] NIC-NSG 연결 예정: t-dip-web01-nic (RG=hazr-t-dip-rg) -> t-dip-web01-nsg
2026-05-22 10:28:27.238	[INFO] [DryRun] NSG 배포 예정: t-dis-adm01-nsg (RG=hazr-t-dch-rg)
2026-05-22 10:28:27.276	[INFO] [DryRun] NIC-NSG 연결 예정: t-dip-web01-nic (RG=hazr-t-dip-rg) -> t-dip-web01-nsg
2026-05-22 10:28:27.318	[INFO] [DryRun] NSG 배포 예정: t-dis-ap01-nsg (RG=hazr-t-dch-rg)
2026-05-22 10:28:27.319	[INFO] [DryRun] NSG 배포 예정: t-dis-adm01-nsg (RG=hazr-t-dch-rg)
2026-05-22 10:28:27.358	[INFO] [DryRun] NIC-NSG 연결 예정: t-dis-ap01-nic (RG=hazr-t-dis-rg) -> t-dis-ap01-nsg

2026-05-22 10:28:27.423	[INFO] [DryRun] NSG 배포 예정: t-dis-bat01-nsg (RG=hazr-t-dch-rg)
2026-05-22 10:28:27.464	[INFO] [DryRun] NIC-NSG 연결 예정: t-dis-ap01-nic (RG=hazr-t-dis-rg) -> t-dis-ap01-nsg

2026-05-22 10:28:27.504	[INFO] [DryRun] NSG 배포 예정: t-dis-bbicltap01-nsg (RG=hazr-t-dch-rg)
2026-05-22 10:28:27.541	[INFO] [DryRun] NIC-NSG 연결 예정: t-dis-bbicltap01-nic (RG=hazr-t-dis-rg) -> t-dis-bbicltap01-nsg
2026-05-22 10:28:27.541	[INFO] [DryRun] NIC-NSG 연결 예정: t-dis-bat01-nic (RG=hazr-t-dis-rg) -> t-dis-bat01-nsg
2026-05-22 10:28:27.583	[INFO] [DryRun] NSG 배포 예정: t-dis-bbimsgap01-nsg (RG=hazr-t-dch-rg)
2026-05-22 10:28:27.621	[INFO] [DryRun] NIC-NSG 연결 예정: t-dis-bbimsgap01-nic (RG=hazr-t-dis-rg) -> t-dis-bbimsgap01-nsg
2026-05-22 10:28:27.661	[INFO] [DryRun] NSG 배포 예정: t-dis-bbiweb01-nsg (RG=hazr-t-dch-rg)
2026-05-22 10:28:27.663	[INFO] [DryRun] NSG 배포 예정: t-dis-bbimsgap01-nsg (RG=hazr-t-dch-rg)
2026-05-22 10:28:27.698	[INFO] [DryRun] NIC-NSG 연결 예정: t-dis-bbiweb01-nic (RG=hazr-t-dis-rg) -> t-dis-bbiweb01-nsg
sg
2026-05-22 10:28:27.739	[INFO] [DryRun] NSG 배포 예정: t-dis-cmbsap01-nsg (RG=hazr-t-dch-rg)
2026-05-22 10:28:27.737	[INFO] [DryRun] NSG 배포 예정: t-dis-bbiweb01-nsg (RG=hazr-t-dch-rg)
2026-05-22 10:28:27.776	[INFO] [DryRun] NIC-NSG 연결 예정: t-dis-cmbsap01-nic (RG=hazr-t-dis-rg) -> t-dis-cmbsap01-nsg
2026-05-22 10:28:27.819	[INFO] [DryRun] NSG 배포 예정: t-dis-cmbsap01-nsg (RG=hazr-t-dch-rg)
2026-05-22 10:28:27.817	[INFO] [DryRun] NSG 배포 예정: t-dis-cmsadm01-nsg (RG=hazr-t-dch-rg)
2026-05-22 10:28:27.857	[INFO] [DryRun] NIC-NSG 연결 예정: t-dis-cmsadm01-nic (RG=hazr-t-dis-rg) -> t-dis-cmsadm01-nsg
2026-05-22 10:28:27.880	[INFO] [DryRun] NSG 배포 예정: t-dis-cmsap01-nsg (RG=hazr-t-dch-rg)

2026-05-22 10:28:27.917	[INFO] [DryRun] NIC-NSG 연결 예정: t-dis-cmsap01-nic (RG=hazr-t-dis-rg) -> t-dis-cmsap01-nsg

2026-05-22 10:28:27.964	[INFO] [DryRun] NSG 배포 예정: t-dis-cmsweb01-nsg (RG=hazr-t-dch-rg)
2026-05-22 10:28:28.012	[INFO] [DryRun] NIC-NSG 연결 예정: t-dis-cmsap01-nic (RG=hazr-t-dis-rg) -> t-dis-cmsap01-nsg

2026-05-22 10:28:28.052	[INFO] [DryRun] NSG 배포 예정: t-dis-cmsweb01-nsg (RG=hazr-t-dch-rg)
2026-05-22 10:28:28.053	[INFO] [DryRun] NSG 배포 예정: t-dis-db-nsg (RG=hazr-t-dch-rg)
2026-05-22 10:28:28.090	[INFO] [DryRun] Subnet-NSG 연결 예정: hazr-t-dch-int-vnet/t-dis-db-sbn -> t-dis-db-nsg
01-nsg
2026-05-22 10:28:28.128	[INFO] [DryRun] NSG 배포 예정: t-dis-db-nsg (RG=hazr-t-dch-rg)
g)
2026-05-22 10:28:28.174	[INFO] [DryRun] NIC-NSG 연결 예정: t-dis-dfir01-nic (RG=hazr-t-dis-rg) -> t-dis-dfir01-nsg
2026-05-22 10:28:28.213	[INFO] [DryRun] NSG 배포 예정: t-dis-dfir01-nsg (RG=hazr-t-dch-rg)
g)
2026-05-22 10:28:28.253	[INFO] [DryRun] NIC-NSG 연결 예정: t-dis-drvcltap01-nic (RG=hazr-t-dis-rg) -> t-dis-drvcltap01-nsg
2026-05-22 10:28:28.294	[INFO] [DryRun] NSG 배포 예정: t-dis-drvmsgap01-nsg (RG=hazr-t-dch-rg)
2026-05-22 10:28:28.334	[INFO] [DryRun] NIC-NSG 연결 예정: t-dis-drvcltap01-nic (RG=hazr-t-dis-rg) -> t-dis-drvcltap01-nsg
2026-05-22 10:28:28.333	[INFO] [DryRun] NIC-NSG 연결 예정: t-dis-drvmsgap01-nic (RG=hazr-t-dis-rg) -> t-dis-drvmsgap01-nsg
2026-05-22 10:28:28.369	[INFO] [DryRun] NSG 배포 예정: t-dis-drvmsgap01-nsg (RG=hazr-t-dch-rg)
2026-05-22 10:28:28.410	[INFO] [DryRun] Subnet-NSG 연결 예정: hazr-t-dch-int-vnet/t-dis-pe-sbn -> t-dis-pe-nsg
2026-05-22 10:28:28.410	[INFO] [DryRun] NIC-NSG 연결 예정: t-dis-drvmsgap01-nic (RG=hazr-t-dis-rg) -> t-dis-drvmsgap01-nsg
2026-05-22 10:28:28.447	[INFO] [DryRun] NSG 배포 예정: t-dis-walkap01-nsg (RG=hazr-t-dch-rg)
2026-05-22 10:28:28.485	[INFO] [DryRun] Subnet-NSG 연결 예정: hazr-t-dch-int-vnet/t-dis-pe-sbn -> t-dis-pe-nsg
01-nsg
2026-05-22 10:28:28.521	[INFO] [DryRun] NSG 배포 예정: t-dis-walkweb01-nsg (RG=hazr-t-dch-rg)
2026-05-22 10:28:28.550	[INFO] [DryRun] NIC-NSG 연결 예정: t-dis-walkap01-nic (RG=hazr-t-dis-rg) -> t-dis-walkap01-nsg

2026-05-22 10:28:28.588	[INFO] [DryRun] NSG 배포 예정: t-dis-walkweb01-nsg (RG=hazr-t-dch-rg)
2026-05-22 10:28:28.631	[INFO] [DryRun] NIC-NSG 연결 예정: t-dis-web01-nic (RG=hazr-t-dis-rg) -> t-dis-web01-nsg
01-nsg
2026-05-22 10:28:28.671	[INFO] [DryRun] NSG 배포 예정: t-doip-adm01-nsg (RG=hazr-t-dch-rg)
2026-05-22 10:28:28.716	[INFO] [DryRun] NIC-NSG 연결 예정: t-doip-adm01-nic (RG=hazr-t-doip-rg) -> t-doip-adm01-nsg
2026-05-22 10:28:28.714	[INFO] [DryRun] NIC-NSG 연결 예정: t-dis-web01-nic (RG=hazr-t-dis-rg) -> t-dis-web01-nsg
2026-05-22 10:28:28.756	[INFO] [DryRun] NSG 배포 예정: t-doip-ap01-nsg (RG=hazr-t-dch-rg)
2026-05-22 10:28:28.756	[INFO] [DryRun] NSG 배포 예정: t-doip-adm01-nsg (RG=hazr-t-dch-rg)
2026-05-22 10:28:28.791	[INFO] [DryRun] NIC-NSG 연결 예정: t-doip-ap01-nic (RG=hazr-t-doip-rg) -> t-doip-ap01-nsg
2026-05-22 10:28:28.793	[INFO] [DryRun] NIC-NSG 연결 예정: t-doip-adm01-nic (RG=hazr-t-doip-rg) -> t-doip-adm01-nsg
2026-05-22 10:28:28.844	[INFO] [DryRun] NSG 배포 예정: t-doip-db-nsg (RG=hazr-t-dch-rg)

2026-05-22 10:28:28.886	[INFO] [DryRun] Subnet-NSG 연결 예정: hazr-t-dch-int-vnet/t-doip-db-sbn -> t-doip-db-nsg

2026-05-22 10:28:28.906	[INFO] [DryRun] NSG 배포 예정: t-doip-pe-nsg (RG=hazr-t-dch-rg)
2026-05-22 10:28:28.944	[INFO] [DryRun] Subnet-NSG 연결 예정: hazr-t-dch-int-vnet/t-doip-db-sbn -> t-doip-db-nsg
2026-05-22 10:28:28.984	[INFO] [DryRun] NSG 배포 예정: t-doip-pe-nsg (RG=hazr-t-dch-rg)
2026-05-22 10:28:28.984	[INFO] [DryRun] NSG 배포 예정: t-doip-web01-nsg (RG=hazr-t-dch-rg)
2026-05-22 10:28:29.024	[INFO] [DryRun] Subnet-NSG 연결 예정: hazr-t-dch-int-vnet/t-doip-pe-sbn -> t-doip-pe-nsg
g
2026-05-22 10:28:29.062	[INFO] [DryRun] NSG 배포 예정: t-doip-web01-nsg (RG=hazr-t-dch-rg)
2026-05-22 10:28:29.062	[INFO] [DryRun] NSG 배포 예정: t-dtg-admap01-nsg (RG=hazr-t-dch-rg)
2026-05-22 10:28:29.100	[INFO] [DryRun] NIC-NSG 연결 예정: t-dtg-admap01-nic (RG=hazr-t-dtg-rg) -> t-dtg-admap01-nsg
2026-05-22 10:28:29.102	[INFO] [DryRun] NIC-NSG 연결 예정: t-doip-web01-nic (RG=hazr-t-doip-rg) -> t-doip-web01-nsg
2026-05-22 10:28:29.137	[INFO] [DryRun] NSG 배포 예정: t-dtg-admap01-nsg (RG=hazr-t-dch-rg)

2026-05-22 10:28:29.176	[INFO] [DryRun] NIC-NSG 연결 예정: t-dtg-admweb01-nic (RG=hazr-t-dtg-rg) -> t-dtg-admweb01-nsg
2026-05-22 10:28:29.174	[INFO] [DryRun] NIC-NSG 연결 예정: t-dtg-admap01-nic (RG=hazr-t-dtg-rg) -> t-dtg-admap01-nsg
2026-05-22 10:28:29.211	[INFO] [DryRun] NSG 배포 예정: t-dtg-ap01-nsg (RG=hazr-t-dch-rg)
g)
2026-05-22 10:28:29.251	[INFO] [DryRun] NIC-NSG 연결 예정: t-dtg-admweb01-nic (RG=hazr-t-dtg-rg) -> t-dtg-admweb01-nsg
2026-05-22 10:28:29.290	[INFO] [DryRun] NSG 배포 예정: t-dtg-cdmlap01-nsg (RG=hazr-t-dch-rg)
2026-05-22 10:28:29.290	[INFO] [DryRun] NSG 배포 예정: t-dtg-ap01-nsg (RG=hazr-t-dch-rg)
2026-05-22 10:28:29.329	[INFO] [DryRun] NIC-NSG 연결 예정: t-dtg-ap01-nic (RG=hazr-t-dtg-rg) -> t-dtg-ap01-nsg
01-nsg
2026-05-22 10:28:29.369	[INFO] [DryRun] NSG 배포 예정: t-dtg-cdstap01-nsg (RG=hazr-t-dch-rg)
2026-05-22 10:28:29.406	[INFO] [DryRun] NIC-NSG 연결 예정: t-dtg-cdstap01-nic (RG=hazr-t-dtg-rg) -> t-dtg-cdstap01-nsg
2026-05-22 10:28:29.450	[INFO] [DryRun] NSG 배포 예정: t-dtg-cdstap01-nsg (RG=hazr-t-dch-rg)

2026-05-22 10:28:29.488	[INFO] [DryRun] NIC-NSG 연결 예정: t-dtg-cdsvadm01-nic (RG=hazr-t-dtg-rg) -> t-dtg-cdsvadm01-nsg
2026-05-22 10:28:29.524	[INFO] [DryRun] NSG 배포 예정: t-dtg-cdsvadm01-nsg (RG=hazr-t-dch-rg)
2026-05-22 10:28:29.562	[INFO] [DryRun] NIC-NSG 연결 예정: t-dtg-cdsvadm01-nic (RG=hazr-t-dtg-rg) -> t-dtg-cdsvadm01-nsg
2026-05-22 10:28:29.600	[INFO] [DryRun] NSG 배포 예정: t-dtg-db-nsg (RG=hazr-t-dch-rg)
-rg)
2026-05-22 10:28:29.638	[INFO] [DryRun] Subnet-NSG 연결 예정: hazr-t-dch-int-vnet/t-dtg-db-sbn -> t-dtg-db-nsg
01-nsg
2026-05-22 10:28:29.683	[INFO] [DryRun] NSG 배포 예정: t-dtg-diosweb01-nsg (RG=hazr-t-dch-rg)
2026-05-22 10:28:29.734	[INFO] [DryRun] NIC-NSG 연결 예정: t-dtg-diosap01-nic (RG=hazr-t-dtg-rg) -> t-dtg-diosap01-nsg

2026-05-22 10:28:29.786	[INFO] [DryRun] NSG 배포 예정: t-dtg-dprap01-nsg (RG=hazr-t-dch-rg)

2026-05-22 10:28:29.836	[INFO] [DryRun] NIC-NSG 연결 예정: t-dtg-diosweb01-nic (RG=hazr-t-dtg-rg) -> t-dtg-diosweb01-nsg
2026-05-22 10:28:29.884	[INFO] [DryRun] NSG 배포 예정: t-dtg-dprweb01-nsg (RG=hazr-t-dch-rg)
2026-05-22 10:28:29.933	[INFO] [DryRun] NIC-NSG 연결 예정: t-dtg-dprap01-nic (RG=hazr-t-dtg-rg) -> t-dtg-dprap01-nsg

2026-05-22 10:28:29.985	[INFO] [DryRun] NSG 배포 예정: t-dtg-dprweb01-nsg (RG=hazr-t-dch-rg)
2026-05-22 10:28:30.046	[INFO] [DryRun] NIC-NSG 연결 예정: t-dtg-dtoms01-nic (RG=hazr-t-dtg-rg) -> t-dtg-dtoms01-nsg

2026-05-22 10:28:30.102	[INFO] [DryRun] NSG 배포 예정: t-dtg-extgeoap01-nsg (RG=hazr-t-dch-rg)
2026-05-22 10:28:30.160	[INFO] [DryRun] NIC-NSG 연결 예정: t-dtg-extgeoap01-nic (RG=hazr-t-dtg-rg) -> t-dtg-extgeoap01-nsg
2026-05-22 10:28:30.227	[INFO] [DryRun] NSG 배포 예정: t-dtg-geoap01-nsg (RG=hazr-t-dch-rg)
)
2026-05-22 10:28:30.282	[INFO] [DryRun] NIC-NSG 연결 예정: t-dtg-extgeoap01-nic (RG=hazr-t-dtg-rg) -> t-dtg-extgeoap01-nsg
2026-05-22 10:28:30.347	[INFO] [DryRun] NSG 배포 예정: t-dtg-geoap01-nsg (RG=hazr-t-dch-rg)
2026-05-22 10:28:30.398	[INFO] [DryRun] NIC-NSG 연결 예정: t-dtg-ingap01-nic (RG=hazr-t-dtg-rg) -> t-dtg-ingap01-nsg
2026-05-22 10:28:30.440	[INFO] [DryRun] NSG 배포 예정: t-dtg-ingap01-nsg (RG=hazr-t-dch-rg)
2026-05-22 10:28:30.488	[INFO] [DryRun] NIC-NSG 연결 예정: t-dtg-kfk01-nic (RG=hazr-t-dtg-rg) -> t-dtg-kfk01-nsg
sg
2026-05-22 10:28:30.508	[INFO] [DryRun] NSG 배포 예정: t-dtg-kfk01-nsg (RG=hazr-t-dch-rg)
2026-05-22 10:28:30.529	[INFO] [DryRun] NIC-NSG 연결 예정: t-dtg-kfk02-nic (RG=hazr-t-dtg-rg) -> t-dtg-kfk02-nsg
2026-05-22 10:28:30.581	[INFO] [DryRun] NSG 배포 예정: t-dtg-kfk02-nsg (RG=hazr-t-dch-rg)
2026-05-22 10:28:30.629	[INFO] [DryRun] NIC-NSG 연결 예정: t-dtg-kfk03-nic (RG=hazr-t-dtg-rg) -> t-dtg-kfk03-nsg
2026-05-22 10:28:30.684	[INFO] [DryRun] NSG 배포 예정: t-dtg-mdoms01-nsg (RG=hazr-t-dch-rg)
2026-05-22 10:28:30.729	[INFO] [DryRun] NIC-NSG 연결 예정: t-dtg-kfk03-nic (RG=hazr-t-dtg-rg) -> t-dtg-kfk03-nsg
sg
2026-05-22 10:28:30.805	[INFO] [DryRun] NSG 배포 예정: t-dtg-mq01-nsg (RG=hazr-t-dch-rg)
)
2026-05-22 10:28:30.855	[INFO] [DryRun] NIC-NSG 연결 예정: t-dtg-mdoms01-nic (RG=hazr-t-dtg-rg) -> t-dtg-mdoms01-nsg
2026-05-22 10:28:30.899	[INFO] [DryRun] NSG 배포 예정: t-dtg-pe-nsg (RG=hazr-t-dch-rg)

2026-05-22 10:28:30.936	[INFO] [DryRun] Subnet-NSG 연결 예정: hazr-t-dch-int-vnet/t-dtg-pe-sbn -> t-dtg-pe-nsg
2026-05-22 10:28:30.936	[INFO] [DryRun] NIC-NSG 연결 예정: t-dtg-mq01-nic (RG=hazr-t-dtg-rg) -> t-dtg-mq01-nsg
2026-05-22 10:28:30.980	[INFO] [DryRun] NSG 배포 예정: t-dtg-pe-nsg (RG=hazr-t-dch-rg)
g)
2026-05-22 10:28:31.020	[INFO] [DryRun] NIC-NSG 연결 예정: t-dtg-tsdb01-nic (RG=hazr-t-dtg-rg) -> t-dtg-tsdb01-nsg
2026-05-22 10:28:31.058	[INFO] [DryRun] NSG 배포 예정: t-dtg-tsdb01-nsg (RG=hazr-t-dch-rg)
2026-05-22 10:28:31.098	[INFO] [DryRun] NIC-NSG 연결 예정: t-dtg-web01-nic (RG=hazr-t-dtg-rg) -> t-dtg-web01-nsg

2026-05-22 10:28:31.137	[INFO] [DryRun] NSG 배포 예정: t-dtg-zkp01-nsg (RG=hazr-t-dch-rg)
2026-05-22 10:28:31.178	[INFO] [DryRun] NIC-NSG 연결 예정: t-dtg-web01-nic (RG=hazr-t-dtg-rg) -> t-dtg-web01-nsg
2026-05-22 10:28:31.178	[INFO] [DryRun] NIC-NSG 연결 예정: t-dtg-zkp01-nic (RG=hazr-t-dtg-rg) -> t-dtg-zkp01-nsg
2026-05-22 10:28:31.222	[INFO] [DryRun] NSG 배포 예정: t-dtg-zkp02-nsg (RG=hazr-t-dch-rg)
2026-05-22 10:28:31.259	[INFO] [DryRun] NIC-NSG 연결 예정: t-dtg-zkp01-nic (RG=hazr-t-dtg-rg) -> t-dtg-zkp01-nsg
2026-05-22 10:28:31.302	[INFO] [DryRun] NSG 배포 예정: t-dtg-zkp02-nsg (RG=hazr-t-dch-rg)
2026-05-22 10:28:31.338	[INFO] [DryRun] NIC-NSG 연결 예정: t-dtg-zkp02-nic (RG=hazr-t-dtg-rg) -> t-dtg-zkp02-nsg
2026-05-22 10:28:31.390	[INFO] [DryRun] NSG 배포 예정: t-if-db-nsg (RG=hazr-t-dch-rg)
g)
2026-05-22 10:28:31.406	[INFO] [DryRun] NIC-NSG 연결 예정: t-dtg-zkp03-nic (RG=hazr-t-dtg-rg) -> t-dtg-zkp03-nsg
2026-05-22 10:28:31.446	[INFO] [DryRun] NSG 배포 예정: t-if-gramon01-nsg (RG=hazr-t-dch-rg)
2026-05-22 10:28:31.447	[INFO] [DryRun] NSG 배포 예정: t-if-db-nsg (RG=hazr-t-dch-rg)
2026-05-22 10:28:31.488	[INFO] [DryRun] NIC-NSG 연결 예정: t-if-gramon01-nic (RG=hazr-t-if-rg) -> t-if-gramon01-nsg
2026-05-22 10:28:31.527	[INFO] [DryRun] NSG 배포 예정: t-if-gramon01-nsg (RG=hazr-t-dch-rg)
2026-05-22 10:28:31.528	[INFO] [DryRun] NSG 배포 예정: t-if-pe-nsg (RG=hazr-t-dch-rg)
2026-05-22 10:28:31.577	[INFO] [DryRun] NIC-NSG 연결 예정: t-if-gramon01-nic (RG=hazr-t-if-rg) -> t-if-gramon01-nsg
2026-05-22 10:28:31.628	[INFO] [DryRun] NSG 배포 예정: t-if-pe-nsg (RG=hazr-t-dch-rg)
pe-sbn -> t-if-pe-nsg
2026-05-22 10:28:31.667	[INFO] [DryRun] NSG 배포 예정: t-puls-db-nsg (RG=hazr-t-dch-rg)
-sbn -> t-if-pe-nsg
2026-05-22 10:28:31.707	[INFO] [DryRun] Subnet-NSG 연결 예정: hazr-t-dch-int-vnet/t-puls-db-sbn -> t-puls-db-nsg
2026-05-22 10:28:31.748	[INFO] [DryRun] NSG 배포 예정: t-puls-pe-nsg (RG=hazr-t-dch-rg)
db-sbn -> t-puls-db-nsg
2026-05-22 10:28:31.784	[INFO] [DryRun] Subnet-NSG 연결 예정: hazr-t-dch-int-vnet/t-puls-pe-sbn -> t-puls-pe-nsg
2026-05-22 10:28:31.828	[INFO] [DryRun] Subnet-NSG 연결 예정: hazr-t-dch-int-vnet/t-puls-pe-sbn -> t-puls-pe-nsg
2026-05-22 10:28:31.865	[INFO] [END] Deploy-Nsgs
2026-05-22 10:28:31.905	[INFO] [END] Script
2026-05-22 10:29:06.827	[INFO] [START] Script
2026-05-22 10:29:06.874	[INFO] [START] Initialize-Modules
2026-05-22 10:29:22.486	[INFO] [END] Initialize-Modules
2026-05-22 10:29:22.537	[INFO] [START] Ensure-AzSession
2026-05-22 10:29:24.548	[INFO] [END] Ensure-AzSession
2026-05-22 10:29:24.655	[INFO] [START] Validate-Inputs
2026-05-22 10:29:25.083	[INFO] Excel 시트 로드: LB
2026-05-22 10:29:25.501	[INFO] Excel 시트 로드: LB_Probe
2026-05-22 10:29:25.825	[INFO] Excel 시트 로드: LB_Rule
2026-05-22 10:29:26.222	[INFO] [END] Validate-Inputs
2026-05-22 10:29:26.271	[INFO] [START] Deploy-LoadBalancers
2026-05-22 10:29:26.448	[INFO] Excel 시트 로드: LB
2026-05-22 10:29:26.853	[INFO] Excel 시트 로드: LB_Probe
2026-05-22 10:29:27.151	[INFO] Excel 시트 로드: LB_Rule
2026-05-22 10:29:27.392	[INFO] [DryRun] 리소스 그룹 생성 예정: hazr-t-bdp-rg (koreacentral)
2026-05-22 10:29:27.427	[INFO] [DryRun] LB 배포 예정: hazr-t-bdp-crkap-lb (RG=hazr-t-bdp-rg, FE=t-bdp-crkap-lb-fe, Pool=t-bdp-crkap-lb-bp)
2026-05-22 10:29:27.476	[INFO] [DryRun] LB Probe 배포 예정: hazr-t-bdp-crkap-lb/t-bdp-crkap-lb-pb8085
2026-05-22 10:29:27.524	[INFO] [DryRun] LB Rule 배포 예정: hazr-t-bdp-crkap-lb/t-bdp-crkap-lb-rule8085
2026-05-22 10:29:27.568	[INFO] [DryRun] 리소스 그룹 생성 예정: hazr-t-bdp-rg (koreacentral)
2026-05-22 10:29:27.603	[INFO] [DryRun] LB 배포 예정: hazr-t-bdp-crkml-lb (RG=hazr-t-bdp-rg, FE=t-bdp-crkml-lb-fe, Pool=t-bdp-crkml-lb-bp)
2026-05-22 10:29:27.646	[INFO] [DryRun] LB Probe 배포 예정: hazr-t-bdp-crkml-lb/t-bdp-crkml-lb-pb8082
2026-05-22 10:29:27.696	[INFO] [DryRun] LB Rule 배포 예정: hazr-t-bdp-crkml-lb/t-bdp-crkml-lb-rule8082
2026-05-22 10:29:27.743	[INFO] [DryRun] 리소스 그룹 생성 예정: hazr-t-bdp-rg (koreacentral)
2026-05-22 10:29:27.787	[INFO] [DryRun] LB 배포 예정: hazr-t-bdp-crkweb-lb (RG=hazr-t-bdp-rg, FE=t-bdp-crkweb-lb-fe, Pool=t-bdp-crkweb-lb-bp)
2026-05-22 10:29:27.832	[INFO] [DryRun] LB Probe 배포 예정: hazr-t-bdp-crkweb-lb/t-bdp-crkweb-lb-pb443
2026-05-22 10:29:27.876	[INFO] [DryRun] LB Rule 배포 예정: hazr-t-bdp-crkweb-lb/t-bdp-crkweb-lb-rule443
2026-05-22 10:29:27.915	[INFO] [DryRun] 리소스 그룹 생성 예정: hazr-t-bdp-rg (koreacentral)
2026-05-22 10:29:27.962	[INFO] [DryRun] LB 배포 예정: hazr-t-bdp-cxmadm-lb (RG=hazr-t-bdp-rg, FE=t-bdp-cxmadm-lb-fe, Pool=t-bdp-cxmadm-lb-bp)
2026-05-22 10:29:28.026	[INFO] [DryRun] LB Probe 배포 예정: hazr-t-bdp-cxmadm-lb/t-bdp-cxmadm-lb-pb443
2026-05-22 10:29:28.072	[INFO] [DryRun] LB Rule 배포 예정: hazr-t-bdp-cxmadm-lb/t-bdp-cxmadm-lb-rule443
2026-05-22 10:29:28.120	[INFO] [DryRun] 리소스 그룹 생성 예정: hazr-t-bdp-rg (koreacentral)
2026-05-22 10:29:28.158	[INFO] [DryRun] LB 배포 예정: hazr-t-bdp-slap-lb (RG=hazr-t-bdp-rg, FE=t-bdp-slap-lb-fe, Pool=t-bdp-slap-lb-bp)
2026-05-22 10:29:28.203	[INFO] [DryRun] LB Probe 배포 예정: hazr-t-bdp-slap-lb/t-bdp-slap-lb-pb443
2026-05-22 10:29:28.250	[INFO] [DryRun] LB Rule 배포 예정: hazr-t-bdp-slap-lb/t-bdp-slap-lb-rule443
2026-05-22 10:29:28.293	[INFO] [DryRun] 리소스 그룹 생성 예정: hazr-t-com-rg (koreacentral)
2026-05-22 10:29:28.337	[INFO] [DryRun] LB 배포 예정: hazr-t-com-auth-lb (RG=hazr-t-com-rg, FE=t-com-auth-lb-fe, Pool=t-com-auth-lb-bp)
2026-05-22 10:29:28.392	[INFO] [DryRun] LB Probe 배포 예정: hazr-t-com-auth-lb/t-com-auth-lb-pb8088
2026-05-22 10:29:28.431	[INFO] [DryRun] LB Probe 배포 예정: hazr-t-com-auth-lb/t-com-auth-lb-pb9003
2026-05-22 10:29:28.472	[INFO] [DryRun] LB Probe 배포 예정: hazr-t-com-auth-lb/t-com-auth-lb-pb9005
2026-05-22 10:29:28.519	[INFO] [DryRun] LB Rule 배포 예정: hazr-t-com-auth-lb/t-com-auth-lb-rule8088
2026-05-22 10:29:28.571	[INFO] [DryRun] LB Rule 배포 예정: hazr-t-com-auth-lb/t-com-auth-lb-rule9003
2026-05-22 10:29:28.612	[INFO] [DryRun] LB Rule 배포 예정: hazr-t-com-auth-lb/t-com-auth-lb-rule9005
2026-05-22 10:29:28.688	[INFO] [DryRun] 리소스 그룹 생성 예정: hazr-t-com-rg (koreacentral)
2026-05-22 10:29:28.730	[INFO] [DryRun] LB 배포 예정: hazr-t-com-proxy-lb (RG=hazr-t-com-rg, FE=t-com-proxy-lb-fe, Pool=t-com-proxy-lb-bp)
2026-05-22 10:29:28.785	[INFO] [DryRun] LB Probe 배포 예정: hazr-t-com-proxy-lb/t-com-proxy-lb-pb443
2026-05-22 10:29:28.823	[INFO] [DryRun] LB Probe 배포 예정: hazr-t-com-proxy-lb/t-com-proxy-lb-pb8080
2026-05-22 10:29:28.870	[INFO] [DryRun] LB Rule 배포 예정: hazr-t-com-proxy-lb/t-com-proxy-lb-rule443
2026-05-22 10:29:28.908	[INFO] [DryRun] LB Rule 배포 예정: hazr-t-com-proxy-lb/t-com-proxy-lb-rule8080
2026-05-22 10:29:28.952	[INFO] [DryRun] 리소스 그룹 생성 예정: hazr-t-cs-rg (koreacentral)
2026-05-22 10:29:28.995	[INFO] [DryRun] LB 배포 예정: hazr-t-cs-chtap-lb (RG=hazr-t-cs-rg, FE=t-cs-chtap-lb-fe, Pool=t-cs-chtap-lb-bp)
2026-05-22 10:29:29.044	[INFO] [DryRun][SKIP] LB Probe 필수값 누락(Port): hazr-t-cs-chtap-lb/t-cs-chtap-lb-pb
2026-05-22 10:29:29.090	[INFO] [DryRun] 리소스 그룹 생성 예정: hazr-t-cs-rg (koreacentral)
2026-05-22 10:29:29.126	[INFO] [DryRun] LB 배포 예정: hazr-t-cs-chtintweb-lb (RG=hazr-t-cs-rg, FE=t-cs-chtintweb-lb-fe, Pool=t-cs-chtintweb-lb-bp)
2026-05-22 10:29:29.169	[INFO] [DryRun][SKIP] LB Probe 필수값 누락(Port): hazr-t-cs-chtintweb-lb/t-cs-chtintweb-lb-pb
2026-05-22 10:29:29.220	[INFO] [DryRun] 리소스 그룹 생성 예정: hazr-t-cs-rg (koreacentral)
2026-05-22 10:29:29.259	[INFO] [DryRun] LB 배포 예정: hazr-t-cs-chtweb-lb (RG=hazr-t-cs-rg, FE=t-cs-chtweb-lb-fe, Pool=t-cs-chtweb-lb-bp)
2026-05-22 10:29:29.304	[INFO] [DryRun][SKIP] LB Probe 필수값 누락(Port): hazr-t-cs-chtweb-lb/t-cs-chtweb-lb-pb
2026-05-22 10:29:29.347	[INFO] [DryRun] 리소스 그룹 생성 예정: hazr-t-dip-rg (koreacentral)
2026-05-22 10:29:29.381	[INFO] [DryRun] LB 배포 예정: hazr-t-dip-adm-lb (RG=hazr-t-dip-rg, FE=t-dip-adm-lb-fe, Pool=t-dip-adm-lb-bp)
2026-05-22 10:29:29.429	[INFO] [DryRun] LB Probe 배포 예정: hazr-t-dip-adm-lb/t-dip-adm-lb-pb443
2026-05-22 10:29:29.468	[INFO] [DryRun] LB Probe 배포 예정: hazr-t-dip-adm-lb/t-dip-adm-lb-pb8085
2026-05-22 10:29:29.505	[INFO] [DryRun] LB Probe 배포 예정: hazr-t-dip-adm-lb/t-dip-adm-lb-pb8900
2026-05-22 10:29:29.540	[INFO] [DryRun] LB Probe 배포 예정: hazr-t-dip-adm-lb/t-dip-adm-lb-pb8901
2026-05-22 10:29:29.575	[INFO] [DryRun] LB Probe 배포 예정: hazr-t-dip-adm-lb/t-dip-adm-lb-pb9100
2026-05-22 10:29:29.620	[INFO] [DryRun] LB Rule 배포 예정: hazr-t-dip-adm-lb/t-dip-adm-lb-rule443
2026-05-22 10:29:29.655	[INFO] [DryRun] LB Rule 배포 예정: hazr-t-dip-adm-lb/t-dip-adm-lb-rule8085
2026-05-22 10:29:29.690	[INFO] [DryRun] LB Rule 배포 예정: hazr-t-dip-adm-lb/t-dip-adm-lb-rule8900
2026-05-22 10:29:29.729	[INFO] [DryRun] LB Rule 배포 예정: hazr-t-dip-adm-lb/t-dip-adm-lb-rule8901
2026-05-22 10:29:29.773	[INFO] [DryRun] LB Rule 배포 예정: hazr-t-dip-adm-lb/t-dip-adm-lb-rule9100
2026-05-22 10:29:29.823	[INFO] [DryRun] 리소스 그룹 생성 예정: hazr-t-dip-rg (koreacentral)
2026-05-22 10:29:29.868	[INFO] [DryRun] LB 배포 예정: hazr-t-dip-ap-lb (RG=hazr-t-dip-rg, FE=t-dip-ap-lb-fe, Pool=t-dip-ap-lb-bp)
2026-05-22 10:29:29.915	[INFO] [DryRun] LB Probe 배포 예정: hazr-t-dip-ap-lb/t-dip-ap-lb-pb443
2026-05-22 10:29:29.962	[INFO] [DryRun] LB Probe 배포 예정: hazr-t-dip-ap-lb/t-dip-ap-lb-pb8100
2026-05-22 10:29:30.003	[INFO] [DryRun] LB Probe 배포 예정: hazr-t-dip-ap-lb/t-dip-ap-lb-pb8200
2026-05-22 10:29:30.042	[INFO] [DryRun] LB Probe 배포 예정: hazr-t-dip-ap-lb/t-dip-ap-lb-pb8300
2026-05-22 10:29:30.089	[INFO] [DryRun] LB Probe 배포 예정: hazr-t-dip-ap-lb/t-dip-ap-lb-pb8400
2026-05-22 10:29:30.135	[INFO] [DryRun] LB Probe 배포 예정: hazr-t-dip-ap-lb/t-dip-ap-lb-pb9100
2026-05-22 10:29:30.174	[INFO] [DryRun] LB Probe 배포 예정: hazr-t-dip-ap-lb/t-dip-ap-lb-pb9113
2026-05-22 10:29:30.220	[INFO] [DryRun] LB Rule 배포 예정: hazr-t-dip-ap-lb/t-dip-ap-lb-rule443
2026-05-22 10:29:30.276	[INFO] [DryRun] LB Rule 배포 예정: hazr-t-dip-ap-lb/t-dip-ap-lb-rule8100
2026-05-22 10:29:30.321	[INFO] [DryRun] LB Rule 배포 예정: hazr-t-dip-ap-lb/t-dip-ap-lb-rule8200
2026-05-22 10:29:30.365	[INFO] [DryRun] LB Rule 배포 예정: hazr-t-dip-ap-lb/t-dip-ap-lb-rule8300
2026-05-22 10:29:30.383	[INFO] [DryRun] LB Rule 배포 예정: hazr-t-dip-ap-lb/t-dip-ap-lb-rule8400
2026-05-22 10:29:30.424	[INFO] [DryRun] LB Rule 배포 예정: hazr-t-dip-ap-lb/t-dip-ap-lb-rule9100
2026-05-22 10:29:30.471	[INFO] [DryRun] LB Rule 배포 예정: hazr-t-dip-ap-lb/t-dip-ap-lb-rule9113
2026-05-22 10:29:30.512	[INFO] [DryRun] 리소스 그룹 생성 예정: hazr-t-dip-rg (koreacentral)
2026-05-22 10:29:30.563	[INFO] [DryRun] LB 배포 예정: hazr-t-dip-geoap-lb (RG=hazr-t-dip-rg, FE=t-dip-geoap-lb-fe, Pool=t-dip-geoap-lb-bp)
2026-05-22 10:29:30.609	[INFO] [DryRun] LB Probe 배포 예정: hazr-t-dip-geoap-lb/t-dip-geoap-lb-pb3660
2026-05-22 10:29:30.643	[INFO] [DryRun] LB Probe 배포 예정: hazr-t-dip-geoap-lb/t-dip-geoap-lb-pb3661
2026-05-22 10:29:30.677	[INFO] [DryRun] LB Probe 배포 예정: hazr-t-dip-geoap-lb/t-dip-geoap-lb-pb3670
2026-05-22 10:29:30.712	[INFO] [DryRun] LB Probe 배포 예정: hazr-t-dip-geoap-lb/t-dip-geoap-lb-pb3671
2026-05-22 10:29:30.745	[INFO] [DryRun] LB Probe 배포 예정: hazr-t-dip-geoap-lb/t-dip-geoap-lb-pb9100
2026-05-22 10:29:30.791	[INFO] [DryRun] LB Rule 배포 예정: hazr-t-dip-geoap-lb/t-dip-geoap-lb-rule3660
2026-05-22 10:29:30.828	[INFO] [DryRun] LB Rule 배포 예정: hazr-t-dip-geoap-lb/t-dip-geoap-lb-rule3661
2026-05-22 10:29:30.865	[INFO] [DryRun] LB Rule 배포 예정: hazr-t-dip-geoap-lb/t-dip-geoap-lb-rule3670
2026-05-22 10:29:30.901	[INFO] [DryRun] LB Rule 배포 예정: hazr-t-dip-geoap-lb/t-dip-geoap-lb-rule3671
2026-05-22 10:29:30.938	[INFO] [DryRun] LB Rule 배포 예정: hazr-t-dip-geoap-lb/t-dip-geoap-lb-rule9100
2026-05-22 10:29:30.980	[INFO] [DryRun] 리소스 그룹 생성 예정: hazr-t-dip-rg (koreacentral)
2026-05-22 10:29:31.015	[INFO] [DryRun] LB 배포 예정: hazr-t-dip-mqap-lb (RG=hazr-t-dip-rg, FE=t-dip-mqap-lb-fe, Pool=t-dip-mqap-lb-bp)
2026-05-22 10:29:31.055	[INFO] [DryRun] LB Probe 배포 예정: hazr-t-dip-mqap-lb/t-dip-mqap-lb-pb1883
2026-05-22 10:29:31.094	[INFO] [DryRun] LB Probe 배포 예정: hazr-t-dip-mqap-lb/t-dip-mqap-lb-pb1884
2026-05-22 10:29:31.131	[INFO] [DryRun] LB Probe 배포 예정: hazr-t-dip-mqap-lb/t-dip-mqap-lb-pb18083
2026-05-22 10:29:31.172	[INFO] [DryRun] LB Probe 배포 예정: hazr-t-dip-mqap-lb/t-dip-mqap-lb-pb9100
2026-05-22 10:29:31.213	[INFO] [DryRun] LB Rule 배포 예정: hazr-t-dip-mqap-lb/t-dip-mqap-lb-rule1883
2026-05-22 10:29:31.231	[INFO] [DryRun] LB Rule 배포 예정: hazr-t-dip-mqap-lb/t-dip-mqap-lb-rule1884
2026-05-22 10:29:31.266	[INFO] [DryRun] LB Rule 배포 예정: hazr-t-dip-mqap-lb/t-dip-mqap-lb-rule18083
2026-05-22 10:29:31.283	[INFO] [DryRun] LB Rule 배포 예정: hazr-t-dip-mqap-lb/t-dip-mqap-lb-rule9100
2026-05-22 10:29:31.322	[INFO] [DryRun] 리소스 그룹 생성 예정: hazr-t-dip-rg (koreacentral)
2026-05-22 10:29:31.368	[INFO] [DryRun] LB 배포 예정: hazr-t-dip-mqweb-lb (RG=hazr-t-dip-rg, FE=t-dip-mqweb-lb-fe, Pool=t-dip-mqweb-lb-bp)
2026-05-22 10:29:31.420	[INFO] [DryRun] LB Probe 배포 예정: hazr-t-dip-mqweb-lb/t-dip-mqweb-lb-pb8883
2026-05-22 10:29:31.461	[INFO] [DryRun] LB Probe 배포 예정: hazr-t-dip-mqweb-lb/t-dip-mqweb-lb-pb1884
2026-05-22 10:29:31.501	[INFO] [DryRun] LB Probe 배포 예정: hazr-t-dip-mqweb-lb/t-dip-mqweb-lb-pb9100
2026-05-22 10:29:31.545	[INFO] [DryRun] LB Rule 배포 예정: hazr-t-dip-mqweb-lb/t-dip-mqweb-lb-rule8883
2026-05-22 10:29:31.583	[INFO] [DryRun] LB Rule 배포 예정: hazr-t-dip-mqweb-lb/t-dip-mqweb-lb-rule1884
2026-05-22 10:29:31.629	[INFO] [DryRun] LB Rule 배포 예정: hazr-t-dip-mqweb-lb/t-dip-mqweb-lb-rule9100
2026-05-22 10:29:31.668	[INFO] [DryRun] 리소스 그룹 생성 예정: hazr-t-dip-rg (koreacentral)
2026-05-22 10:29:31.708	[INFO] [DryRun] LB 배포 예정: hazr-t-dip-web-lb (RG=hazr-t-dip-rg, FE=t-dip-web-lb-fe, Pool=t-dip-web-lb-bp)
2026-05-22 10:29:31.804	[INFO] [DryRun] LB Probe 배포 예정: hazr-t-dip-web-lb/t-dip-web-lb-pb443
2026-05-22 10:29:31.851	[INFO] [DryRun] LB Probe 배포 예정: hazr-t-dip-web-lb/t-dip-web-lb-pb9100
2026-05-22 10:29:31.901	[INFO] [DryRun] LB Rule 배포 예정: hazr-t-dip-web-lb/t-dip-web-lb-rule443
2026-05-22 10:29:31.943	[INFO] [DryRun] LB Rule 배포 예정: hazr-t-dip-web-lb/t-dip-web-lb-rule9100
2026-05-22 10:29:31.987	[INFO] [DryRun] 리소스 그룹 생성 예정: hazr-t-dis-rg (koreacentral)
2026-05-22 10:29:32.026	[INFO] [DryRun] LB 배포 예정: hazr-t-dis-adm-lb (RG=hazr-t-dis-rg, FE=t-dis-adm-lb-fe, Pool=t-dis-adm-lb-bp)
2026-05-22 10:29:32.075	[INFO] [DryRun] LB Probe 배포 예정: hazr-t-dis-adm-lb/t-dis-adm-lb-pb443
2026-05-22 10:29:32.126	[INFO] [DryRun] LB Rule 배포 예정: hazr-t-dis-adm-lb/t-dis-adm-lb-rule443
2026-05-22 10:29:32.173	[INFO] [DryRun] 리소스 그룹 생성 예정: hazr-t-dis-rg (koreacentral)
2026-05-22 10:29:32.222	[INFO] [DryRun] LB 배포 예정: hazr-t-dis-ap-lb (RG=hazr-t-dis-rg, FE=t-dis-ap-lb-fe, Pool=t-dis-ap-lb-bp)
2026-05-22 10:29:32.271	[INFO] [DryRun] LB Probe 배포 예정: hazr-t-dis-ap-lb/t-dis-ap-lb-pb8080
2026-05-22 10:29:32.326	[INFO] [DryRun] LB Rule 배포 예정: hazr-t-dis-ap-lb/t-dis-ap-lb-rule8080
2026-05-22 10:29:32.373	[INFO] [DryRun] 리소스 그룹 생성 예정: hazr-t-dis-rg (koreacentral)
2026-05-22 10:29:32.422	[INFO] [DryRun] LB 배포 예정: hazr-t-dis-bbicltap-lb (RG=hazr-t-dis-rg, FE=t-dis-bbicltap-lb-fe, Pool=t-dis-bbicltap-lb-bp)
2026-05-22 10:29:32.469	[INFO] [DryRun] LB Probe 배포 예정: hazr-t-dis-bbicltap-lb/t-dis-bbicltap-lb-pb20000
2026-05-22 10:29:32.517	[INFO] [DryRun] LB Probe 배포 예정: hazr-t-dis-bbicltap-lb/t-dis-bbicltap-lb-pb21000
2026-05-22 10:29:32.561	[INFO] [DryRun] LB Probe 배포 예정: hazr-t-dis-bbicltap-lb/t-dis-bbicltap-lb-pb22000
2026-05-22 10:29:32.605	[INFO] [DryRun] LB Rule 배포 예정: hazr-t-dis-bbicltap-lb/t-dis-bbicltap-lb-rule20000
2026-05-22 10:29:32.643	[INFO] [DryRun] LB Rule 배포 예정: hazr-t-dis-bbicltap-lb/t-dis-bbicltap-lb-rule21000
2026-05-22 10:29:32.691	[INFO] [DryRun] LB Rule 배포 예정: hazr-t-dis-bbicltap-lb/t-dis-bbicltap-lb-rule22000
2026-05-22 10:29:32.729	[INFO] [DryRun] 리소스 그룹 생성 예정: hazr-t-dis-rg (koreacentral)
2026-05-22 10:29:32.764	[INFO] [DryRun] LB 배포 예정: hazr-t-dis-bbimsgap-lb (RG=hazr-t-dis-rg, FE=t-dis-bbimsgap-lb-fe, Pool=t-dis-bbimsgap-lb-bp)
2026-05-22 10:29:32.806	[INFO] [DryRun] LB Probe 배포 예정: hazr-t-dis-bbimsgap-lb/t-dis-bbimsgap-lb-pb20030
2026-05-22 10:29:32.857	[INFO] [DryRun] LB Rule 배포 예정: hazr-t-dis-bbimsgap-lb/t-dis-bbimsgap-lb-rule20030
2026-05-22 10:29:32.906	[INFO] [DryRun] 리소스 그룹 생성 예정: hazr-t-dis-rg (koreacentral)
2026-05-22 10:29:32.968	[INFO] [DryRun] LB 배포 예정: hazr-t-dis-bbiweb-lb (RG=hazr-t-dis-rg, FE=t-dis-bbiweb-lb-fe, Pool=t-dis-bbiweb-lb-bp)
2026-05-22 10:29:33.028	[INFO] [DryRun] LB Probe 배포 예정: hazr-t-dis-bbiweb-lb/t-dis-bbiweb-lb-pb443
2026-05-22 10:29:33.070	[INFO] [DryRun] LB Rule 배포 예정: hazr-t-dis-bbiweb-lb/t-dis-bbiweb-lb-rule443
2026-05-22 10:29:33.110	[INFO] [DryRun] 리소스 그룹 생성 예정: hazr-t-dis-rg (koreacentral)
2026-05-22 10:29:33.146	[INFO] [DryRun] LB 배포 예정: hazr-t-dis-cmbsap-lb (RG=hazr-t-dis-rg, FE=t-dis-cmbsap-lb-fe, Pool=t-dis-cmbsap-lb-bp)
2026-05-22 10:29:33.184	[INFO] [DryRun] LB Probe 배포 예정: hazr-t-dis-cmbsap-lb/t-dis-cmbsap-lb-pb8080
2026-05-22 10:29:33.228	[INFO] [DryRun] LB Rule 배포 예정: hazr-t-dis-cmbsap-lb/t-dis-cmbsap-lb-rule8080
2026-05-22 10:29:33.267	[INFO] [DryRun] 리소스 그룹 생성 예정: hazr-t-dis-rg (koreacentral)
2026-05-22 10:29:33.301	[INFO] [DryRun] LB 배포 예정: hazr-t-dis-cmsadm-lb (RG=hazr-t-dis-rg, FE=t-dis-cmsadm-lb-fe, Pool=t-dis-cmsadm-lb-bp)
2026-05-22 10:29:33.342	[INFO] [DryRun] LB Probe 배포 예정: hazr-t-dis-cmsadm-lb/t-dis-cmsadm-lb-pb443
2026-05-22 10:29:33.379	[INFO] [DryRun] LB Rule 배포 예정: hazr-t-dis-cmsadm-lb/t-dis-cmsadm-lb-rule443
2026-05-22 10:29:33.400	[INFO] [DryRun] 리소스 그룹 생성 예정: hazr-t-dis-rg (koreacentral)
2026-05-22 10:29:33.419	[INFO] [DryRun] LB 배포 예정: hazr-t-dis-cmsap-lb (RG=hazr-t-dis-rg, FE=t-dis-cmsap-lb-fe, Pool=t-dis-cmsap-lb-bp)
2026-05-22 10:29:33.458	[INFO] [DryRun] LB Probe 배포 예정: hazr-t-dis-cmsap-lb/t-dis-cmsap-lb-pb4001
2026-05-22 10:29:33.502	[INFO] [DryRun] LB Rule 배포 예정: hazr-t-dis-cmsap-lb/t-dis-cmsap-lb-rule4001
2026-05-22 10:29:33.538	[INFO] [DryRun] 리소스 그룹 생성 예정: hazr-t-dis-rg (koreacentral)
2026-05-22 10:29:33.573	[INFO] [DryRun] LB 배포 예정: hazr-t-dis-cmsweb-lb (RG=hazr-t-dis-rg, FE=t-dis-cmsweb-lb-fe, Pool=t-dis-cmsweb-lb-bp)
2026-05-22 10:29:33.612	[INFO] [DryRun] LB Probe 배포 예정: hazr-t-dis-cmsweb-lb/t-dis-cmsweb-lb-pb80
2026-05-22 10:29:33.646	[INFO] [DryRun] LB Probe 배포 예정: hazr-t-dis-cmsweb-lb/t-dis-cmsweb-lb-pb443
2026-05-22 10:29:33.690	[INFO] [DryRun] LB Rule 배포 예정: hazr-t-dis-cmsweb-lb/t-dis-cmsweb-lb-rule80
2026-05-22 10:29:33.726	[INFO] [DryRun] LB Rule 배포 예정: hazr-t-dis-cmsweb-lb/t-dis-cmsweb-lb-rule443
2026-05-22 10:29:33.765	[INFO] [DryRun] 리소스 그룹 생성 예정: hazr-t-dis-rg (koreacentral)
2026-05-22 10:29:33.800	[INFO] [DryRun] LB 배포 예정: hazr-t-dis-drvcltap-lb (RG=hazr-t-dis-rg, FE=t-dis-drvcltap-lb-fe, Pool=t-dis-drvcltap-lb-bp)
2026-05-22 10:29:33.826	[INFO] [DryRun] LB Probe 배포 예정: hazr-t-dis-drvcltap-lb/t-dis-drvcltap-lb-pb8081
2026-05-22 10:29:33.871	[INFO] [DryRun] LB Rule 배포 예정: hazr-t-dis-drvcltap-lb/t-dis-drvcltap-lb-rule8081
2026-05-22 10:29:33.921	[INFO] [DryRun] 리소스 그룹 생성 예정: hazr-t-dis-rg (koreacentral)
2026-05-22 10:29:33.965	[INFO] [DryRun] LB 배포 예정: hazr-t-dis-drvmsgap-lb (RG=hazr-t-dis-rg, FE=t-dis-drvmsgap-lb-fe, Pool=t-dis-drvmsgap-lb-bp)
2026-05-22 10:29:34.052	[INFO] [DryRun] LB Probe 배포 예정: hazr-t-dis-drvmsgap-lb/t-dis-drvmsgap-lb-pb8080
2026-05-22 10:29:34.164	[INFO] [DryRun] LB Rule 배포 예정: hazr-t-dis-drvmsgap-lb/t-dis-drvmsgap-lb-rule8080
2026-05-22 10:29:34.270	[INFO] [DryRun] 리소스 그룹 생성 예정: hazr-t-dis-rg (koreacentral)
2026-05-22 10:29:34.382	[INFO] [DryRun] LB 배포 예정: hazr-t-dis-walkap-lb (RG=hazr-t-dis-rg, FE=t-dis-walkap-lb-fe, Pool=t-dis-walkap-lb-bp)
2026-05-22 10:29:34.514	[INFO] [DryRun] LB Probe 배포 예정: hazr-t-dis-walkap-lb/t-dis-walkap-lb-pb8080
2026-05-22 10:29:34.615	[INFO] [DryRun] LB Rule 배포 예정: hazr-t-dis-walkap-lb/t-dis-walkap-lb-rule8080
2026-05-22 10:29:34.734	[INFO] [DryRun] 리소스 그룹 생성 예정: hazr-t-dis-rg (koreacentral)
2026-05-22 10:29:34.812	[INFO] [DryRun] LB 배포 예정: hazr-t-dis-walkweb-lb (RG=hazr-t-dis-rg, FE=t-dis-walkweb-lb-fe, Pool=t-dis-walkweb-lb-bp)
2026-05-22 10:29:34.957	[INFO] [DryRun] LB Probe 배포 예정: hazr-t-dis-walkweb-lb/t-dis-walkweb-lb-pb443
2026-05-22 10:29:35.047	[INFO] [DryRun] LB Rule 배포 예정: hazr-t-dis-walkweb-lb/t-dis-walkweb-lb-rule443
2026-05-22 10:29:35.143	[INFO] [DryRun] 리소스 그룹 생성 예정: hazr-t-dis-rg (koreacentral)
2026-05-22 10:29:35.189	[INFO] [DryRun] LB 배포 예정: hazr-t-dis-web-lb (RG=hazr-t-dis-rg, FE=t-dis-web-lb-fe, Pool=t-dis-web-lb-bp)
2026-05-22 10:29:35.235	[INFO] [DryRun] LB Probe 배포 예정: hazr-t-dis-web-lb/t-dis-web-lb-pb80
2026-05-22 10:29:35.279	[INFO] [DryRun] LB Probe 배포 예정: hazr-t-dis-web-lb/t-dis-web-lb-pb443
2026-05-22 10:29:35.324	[INFO] [DryRun] LB Rule 배포 예정: hazr-t-dis-web-lb/t-dis-web-lb-rule80
2026-05-22 10:29:35.361	[INFO] [DryRun] LB Rule 배포 예정: hazr-t-dis-web-lb/t-dis-web-lb-rule443
2026-05-22 10:29:35.402	[INFO] [DryRun] 리소스 그룹 생성 예정: hazr-t-doip-rg (koreacentral)
2026-05-22 10:29:35.439	[INFO] [DryRun] LB 배포 예정: hazr-t-doip-adm-lb (RG=hazr-t-doip-rg, FE=t-doip-adm-lb-fe, Pool=t-doip-adm-lb-bp)
2026-05-22 10:29:35.482	[INFO] [DryRun][SKIP] LB Probe 필수값 누락(Port): hazr-t-doip-adm-lb/t-doip-adm-lb-pb
2026-05-22 10:29:35.526	[INFO] [DryRun] 리소스 그룹 생성 예정: hazr-t-doip-rg (koreacentral)
2026-05-22 10:29:35.564	[INFO] [DryRun] LB 배포 예정: hazr-t-doip-ap-lb (RG=hazr-t-doip-rg, FE=t-doip-ap-lb-fe, Pool=t-doip-ap-lb-bp)
2026-05-22 10:29:35.602	[INFO] [DryRun][SKIP] LB Probe 필수값 누락(Port): hazr-t-doip-ap-lb/t-doip-ap-lb-pb
2026-05-22 10:29:35.627	[INFO] [DryRun] 리소스 그룹 생성 예정: hazr-t-doip-rg (koreacentral)
2026-05-22 10:29:35.664	[INFO] [DryRun] LB 배포 예정: hazr-t-doip-web-lb (RG=hazr-t-doip-rg, FE=t-doip-web-lb-fe, Pool=t-doip-web-lb-bp)
2026-05-22 10:29:35.705	[INFO] [DryRun][SKIP] LB Probe 필수값 누락(Port): hazr-t-doip-web-lb/t-doip-web-lb-pb
2026-05-22 10:29:35.745	[INFO] [DryRun] 리소스 그룹 생성 예정: hazr-t-dtg-rg (koreacentral)
2026-05-22 10:29:35.789	[INFO] [DryRun] LB 배포 예정: hazr-t-dtg-admap-lb (RG=hazr-t-dtg-rg, FE=t-dtg-admap-lb-fe, Pool=t-dtg-admap-lb-bp)
2026-05-22 10:29:35.841	[INFO] [DryRun] LB Probe 배포 예정: hazr-t-dtg-admap-lb/t-dtg-admap-lb-pb8085
2026-05-22 10:29:35.876	[INFO] [DryRun] LB Probe 배포 예정: hazr-t-dtg-admap-lb/t-dtg-admap-lb-pb8087
2026-05-22 10:29:35.915	[INFO] [DryRun] LB Rule 배포 예정: hazr-t-dtg-admap-lb/t-dtg-admap-lb-rule8085
2026-05-22 10:29:35.957	[INFO] [DryRun] LB Rule 배포 예정: hazr-t-dtg-admap-lb/t-dtg-admap-lb-rule8087
2026-05-22 10:29:35.977	[INFO] [DryRun] 리소스 그룹 생성 예정: hazr-t-dtg-rg (koreacentral)
2026-05-22 10:29:36.011	[INFO] [DryRun] LB 배포 예정: hazr-t-dtg-admweb-lb (RG=hazr-t-dtg-rg, FE=t-dtg-admweb-lb-fe, Pool=t-dtg-admweb-lb-bp)
2026-05-22 10:29:36.055	[INFO] [DryRun] LB Probe 배포 예정: hazr-t-dtg-admweb-lb/t-dtg-admweb-lb-pb8088
2026-05-22 10:29:36.091	[INFO] [DryRun] LB Rule 배포 예정: hazr-t-dtg-admweb-lb/t-dtg-admweb-lb-rule8088
2026-05-22 10:29:36.129	[INFO] [DryRun] 리소스 그룹 생성 예정: hazr-t-dtg-rg (koreacentral)
2026-05-22 10:29:36.167	[INFO] [DryRun] LB 배포 예정: hazr-t-dtg-ap-lb (RG=hazr-t-dtg-rg, FE=t-dtg-ap-lb-fe, Pool=t-dtg-ap-lb-bp)
2026-05-22 10:29:36.209	[INFO] [DryRun] LB Probe 배포 예정: hazr-t-dtg-ap-lb/t-dtg-ap-lb-pb8080
2026-05-22 10:29:36.247	[INFO] [DryRun] LB Probe 배포 예정: hazr-t-dtg-ap-lb/t-dtg-ap-lb-pb9087
2026-05-22 10:29:36.314	[INFO] [DryRun] LB Rule 배포 예정: hazr-t-dtg-ap-lb/t-dtg-ap-lb-rule8080
2026-05-22 10:29:36.351	[INFO] [DryRun] LB Rule 배포 예정: hazr-t-dtg-ap-lb/t-dtg-ap-lb-rule9087
2026-05-22 10:29:36.379	[INFO] [DryRun] 리소스 그룹 생성 예정: hazr-t-dtg-rg (koreacentral)
2026-05-22 10:29:36.415	[INFO] [DryRun] LB 배포 예정: hazr-t-dtg-cdmlap-lb (RG=hazr-t-dtg-rg, FE=t-dtg-cdmlap-lb-fe, Pool=t-dtg-cdmlap-lb-bp)
2026-05-22 10:29:36.453	[INFO] [DryRun] LB Probe 배포 예정: hazr-t-dtg-cdmlap-lb/t-dtg-cdmlap-lb-pb9305
2026-05-22 10:29:36.492	[INFO] [DryRun] LB Probe 배포 예정: hazr-t-dtg-cdmlap-lb/t-dtg-cdmlap-lb-pb9306
2026-05-22 10:29:36.533	[INFO] [DryRun] LB Rule 배포 예정: hazr-t-dtg-cdmlap-lb/t-dtg-cdmlap-lb-rule9305
2026-05-22 10:29:36.571	[INFO] [DryRun] LB Rule 배포 예정: hazr-t-dtg-cdmlap-lb/t-dtg-cdmlap-lb-rule9306
2026-05-22 10:29:36.611	[INFO] [DryRun] 리소스 그룹 생성 예정: hazr-t-dtg-rg (koreacentral)
2026-05-22 10:29:36.649	[INFO] [DryRun] LB 배포 예정: hazr-t-dtg-cdstap-lb (RG=hazr-t-dtg-rg, FE=t-dtg-cdstap-lb-fe, Pool=t-dtg-cdstap-lb-bp)
2026-05-22 10:29:36.694	[INFO] [DryRun][SKIP] LB Probe 필수값 누락(Port): hazr-t-dtg-cdstap-lb/t-dtg-cdstap-lb-pb
2026-05-22 10:29:36.737	[INFO] [DryRun] 리소스 그룹 생성 예정: hazr-t-dtg-rg (koreacentral)
2026-05-22 10:29:36.784	[INFO] [DryRun] LB 배포 예정: hazr-t-dtg-cdsvadm-lb (RG=hazr-t-dtg-rg, FE=t-dtg-cdsvadm-lb-fe, Pool=t-dtg-cdsvadm-lb-bp)
2026-05-22 10:29:36.823	[INFO] [DryRun] LB Probe 배포 예정: hazr-t-dtg-cdsvadm-lb/t-dtg-cdsvadm-lb-pb9100
2026-05-22 10:29:36.859	[INFO] [DryRun] LB Probe 배포 예정: hazr-t-dtg-cdsvadm-lb/t-dtg-cdsvadm-lb-pb9300
2026-05-22 10:29:36.894	[INFO] [DryRun] LB Probe 배포 예정: hazr-t-dtg-cdsvadm-lb/t-dtg-cdsvadm-lb-pb9105
2026-05-22 10:29:36.930	[INFO] [DryRun] LB Probe 배포 예정: hazr-t-dtg-cdsvadm-lb/t-dtg-cdsvadm-lb-pb9003
2026-05-22 10:29:36.971	[INFO] [DryRun] LB Probe 배포 예정: hazr-t-dtg-cdsvadm-lb/t-dtg-cdsvadm-lb-pb8088
2026-05-22 10:29:37.006	[INFO] [DryRun] LB Rule 배포 예정: hazr-t-dtg-cdsvadm-lb/t-dtg-cdsvadm-lb-rule9100
2026-05-22 10:29:37.042	[INFO] [DryRun] LB Rule 배포 예정: hazr-t-dtg-cdsvadm-lb/t-dtg-cdsvadm-lb-rule9300
2026-05-22 10:29:37.078	[INFO] [DryRun] LB Rule 배포 예정: hazr-t-dtg-cdsvadm-lb/t-dtg-cdsvadm-lb-rule9105
2026-05-22 10:29:37.112	[INFO] [DryRun] LB Rule 배포 예정: hazr-t-dtg-cdsvadm-lb/t-dtg-cdsvadm-lb-rule9003
2026-05-22 10:29:37.149	[INFO] [DryRun] LB Rule 배포 예정: hazr-t-dtg-cdsvadm-lb/t-dtg-cdsvadm-lb-rule8088
2026-05-22 10:29:37.185	[INFO] [DryRun] 리소스 그룹 생성 예정: hazr-t-dtg-rg (koreacentral)
2026-05-22 10:29:37.220	[INFO] [DryRun] LB 배포 예정: hazr-t-dtg-diosap-lb (RG=hazr-t-dtg-rg, FE=t-dtg-diosap-lb-fe, Pool=t-dtg-diosap-lb-bp)
2026-05-22 10:29:37.264	[INFO] [DryRun] LB Probe 배포 예정: hazr-t-dtg-diosap-lb/t-dtg-diosap-lb-pb8080
2026-05-22 10:29:37.304	[INFO] [DryRun] LB Rule 배포 예정: hazr-t-dtg-diosap-lb/t-dtg-diosap-lb-rule8080
2026-05-22 10:29:37.341	[INFO] [DryRun] 리소스 그룹 생성 예정: hazr-t-dtg-rg (koreacentral)
2026-05-22 10:29:37.372	[INFO] [DryRun] LB 배포 예정: hazr-t-dtg-diosweb-lb (RG=hazr-t-dtg-rg, FE=t-dtg-diosweb-lb-fe, Pool=t-dtg-diosweb-lb-bp)
2026-05-22 10:29:37.415	[INFO] [DryRun] LB Probe 배포 예정: hazr-t-dtg-diosweb-lb/t-dtg-diosweb-lb-pb443
2026-05-22 10:29:37.454	[INFO] [DryRun] LB Rule 배포 예정: hazr-t-dtg-diosweb-lb/t-dtg-diosweb-lb-rule443
2026-05-22 10:29:37.493	[INFO] [DryRun] 리소스 그룹 생성 예정: hazr-t-dtg-rg (koreacentral)
2026-05-22 10:29:37.527	[INFO] [DryRun] LB 배포 예정: hazr-t-dtg-dprap-lb (RG=hazr-t-dtg-rg, FE=t-dtg-dprap-lb-fe, Pool=t-dtg-dprap-lb-bp)
2026-05-22 10:29:37.565	[INFO] [DryRun] LB Probe 배포 예정: hazr-t-dtg-dprap-lb/t-dtg-dprap-lb-pb8082
2026-05-22 10:29:37.605	[INFO] [DryRun] LB Rule 배포 예정: hazr-t-dtg-dprap-lb/t-dtg-dprap-lb-rule8082
2026-05-22 10:29:37.640	[INFO] [DryRun] 리소스 그룹 생성 예정: hazr-t-dtg-rg (koreacentral)
2026-05-22 10:29:37.677	[INFO] [DryRun] LB 배포 예정: hazr-t-dtg-dprweb-lb (RG=hazr-t-dtg-rg, FE=t-dtg-dprweb-lb-fe, Pool=t-dtg-dprweb-lb-bp)
2026-05-22 10:29:37.718	[INFO] [DryRun] LB Probe 배포 예정: hazr-t-dtg-dprweb-lb/t-dtg-dprweb-lb-pb443
2026-05-22 10:29:37.759	[INFO] [DryRun] LB Rule 배포 예정: hazr-t-dtg-dprweb-lb/t-dtg-dprweb-lb-rule443
2026-05-22 10:29:37.795	[INFO] [DryRun] 리소스 그룹 생성 예정: hazr-t-dtg-rg (koreacentral)
2026-05-22 10:29:37.828	[INFO] [DryRun] LB 배포 예정: hazr-t-dtg-extgeoap-lb (RG=hazr-t-dtg-rg, FE=t-dtg-extgeoap-lb-fe, Pool=t-dtg-extgeoap-lb-bp)
2026-05-22 10:29:37.868	[INFO] [DryRun] LB Probe 배포 예정: hazr-t-dtg-extgeoap-lb/t-dtg-extgeoap-lb-pb3660
2026-05-22 10:29:37.903	[INFO] [DryRun] LB Probe 배포 예정: hazr-t-dtg-extgeoap-lb/t-dtg-extgeoap-lb-pb3661
2026-05-22 10:29:37.944	[INFO] [DryRun] LB Rule 배포 예정: hazr-t-dtg-extgeoap-lb/t-dtg-extgeoap-lb-rule3660
2026-05-22 10:29:37.977	[INFO] [DryRun] LB Rule 배포 예정: hazr-t-dtg-extgeoap-lb/t-dtg-extgeoap-lb-rule3661
2026-05-22 10:29:38.024	[INFO] [DryRun] 리소스 그룹 생성 예정: hazr-t-dtg-rg (koreacentral)
2026-05-22 10:29:38.059	[INFO] [DryRun] LB 배포 예정: hazr-t-dtg-geoap-lb (RG=hazr-t-dtg-rg, FE=t-dtg-geoap-lb-fe, Pool=t-dtg-geoap-lb-bp)
2026-05-22 10:29:38.120	[INFO] [DryRun] LB Probe 배포 예정: hazr-t-dtg-geoap-lb/t-dtg-geoap-lb-pb8089
2026-05-22 10:29:38.161	[INFO] [DryRun] LB Probe 배포 예정: hazr-t-dtg-geoap-lb/t-dtg-geoap-lb-pb9089
2026-05-22 10:29:38.199	[INFO] [DryRun] LB Rule 배포 예정: hazr-t-dtg-geoap-lb/t-dtg-geoap-lb-rule8089
2026-05-22 10:29:38.216	[INFO] [DryRun] LB Rule 배포 예정: hazr-t-dtg-geoap-lb/t-dtg-geoap-lb-rule9089
2026-05-22 10:29:38.254	[INFO] [DryRun] 리소스 그룹 생성 예정: hazr-t-dtg-rg (koreacentral)
2026-05-22 10:29:38.290	[INFO] [DryRun] LB 배포 예정: hazr-t-dtg-ingap-lb (RG=hazr-t-dtg-rg, FE=t-dtg-ingap-lb-fe, Pool=t-dtg-ingap-lb-bp)
2026-05-22 10:29:38.332	[INFO] [DryRun] LB Probe 배포 예정: hazr-t-dtg-ingap-lb/t-dtg-ingap-lb-pb8081
2026-05-22 10:29:38.371	[INFO] [DryRun] LB Rule 배포 예정: hazr-t-dtg-ingap-lb/t-dtg-ingap-lb-rule8081
2026-05-22 10:29:38.410	[INFO] [DryRun] 리소스 그룹 생성 예정: hazr-t-dtg-rg (koreacentral)
2026-05-22 10:29:38.446	[INFO] [DryRun] LB 배포 예정: hazr-t-dtg-mq-lb (RG=hazr-t-dtg-rg, FE=t-dtg-mq-lb-fe, Pool=t-dtg-mq-lb-bp)
2026-05-22 10:29:38.486	[INFO] [DryRun] LB Probe 배포 예정: hazr-t-dtg-mq-lb/t-dtg-mq-lb-pb1883
2026-05-22 10:29:38.504	[INFO] [DryRun] LB Probe 배포 예정: hazr-t-dtg-mq-lb/t-dtg-mq-lb-pb1884
2026-05-22 10:29:38.543	[INFO] [DryRun] LB Rule 배포 예정: hazr-t-dtg-mq-lb/t-dtg-mq-lb-rule1883
2026-05-22 10:29:38.581	[INFO] [DryRun] LB Rule 배포 예정: hazr-t-dtg-mq-lb/t-dtg-mq-lb-rule1884
2026-05-22 10:29:38.616	[INFO] [DryRun] 리소스 그룹 생성 예정: hazr-t-dtg-rg (koreacentral)
2026-05-22 10:29:38.651	[INFO] [DryRun] LB 배포 예정: hazr-t-dtg-web-lb (RG=hazr-t-dtg-rg, FE=t-dtg-web-lb-fe, Pool=t-dtg-web-lb-bp)
2026-05-22 10:29:38.694	[INFO] [DryRun] LB Probe 배포 예정: hazr-t-dtg-web-lb/t-dtg-web-lb-pb8080
2026-05-22 10:29:38.730	[INFO] [DryRun] LB Probe 배포 예정: hazr-t-dtg-web-lb/t-dtg-web-lb-pb8081
2026-05-22 10:29:38.774	[INFO] [DryRun] LB Rule 배포 예정: hazr-t-dtg-web-lb/t-dtg-web-lb-rule8080
2026-05-22 10:29:38.808	[INFO] [DryRun] LB Rule 배포 예정: hazr-t-dtg-web-lb/t-dtg-web-lb-rule8081
2026-05-22 10:29:38.849	[INFO] [END] Deploy-LoadBalancers
2026-05-22 10:29:38.885	[INFO] [END] Script
2026-05-22 10:52:41.833	[INFO] [START] Script
2026-05-22 10:52:41.958	[INFO] [START] Initialize-Modules
2026-05-22 10:53:28.810	[INFO] [END] Initialize-Modules
2026-05-22 10:53:28.896	[ERR] 치명적 오류: Excel 파일을 찾을 수 없습니다: .\서버정보\20260422_리소스배포_운영.xlsx
2026-05-22 10:53:55.965	[INFO] [START] Script
2026-05-22 10:53:56.035	[INFO] [START] Initialize-Modules
2026-05-22 10:54:26.598	[INFO] [END] Initialize-Modules
2026-05-22 10:54:26.678	[INFO] [START] Ensure-AzSession
2026-05-22 10:54:26.990	[INFO] [END] Initialize-Modules
2026-05-22 10:54:27.141	[INFO] [START] Ensure-AzSession
2026-05-22 10:54:32.811	[INFO] [END] Ensure-AzSession
2026-05-22 10:54:32.916	[INFO] [END] Ensure-AzSession
2026-05-22 10:54:33.021	[INFO] [START] Validate-Inputs
2026-05-22 10:54:33.126	[INFO] [END] Validate-Inputs
2026-05-22 10:54:33.130	[INFO] [END] Validate-Inputs
s
2026-05-22 10:54:33.337	[INFO] [START] Deploy-DataDisks
2026-05-22 10:54:34.091	[INFO] Excel 시트 로드: VM_Datadisk
2026-05-22 10:54:34.276	[INFO] Excel 시트 로드: VM_Datadisk
2026-05-22 10:54:35.504	[INFO] [DryRun] 리소스 그룹 생성 예정: hazr-t-cs-rg (koreacentral)
2026-05-22 10:54:36.246	[INFO] [DryRun] Create plan: VM=hazr-t-cs-chtweb01, Disk=t-cs-chtweb01-disk01, RG=hazr-t-cs-rg, SizeGB=128, Sku=StandardSSD_LRS, Zone=3, HostCaching=None, DoubleEncryption=True, EncryptionType=EncryptionAtRestWithPlatformAndCustomerKeys, DES=<DryRun: /resourceGroups/hazr-t-dch-rg/providers/Microsoft.Compute/diskEncryptionSets/hazr-t-dch-des>
2026-05-22 10:54:36.481	[INFO] [DryRun] Create plan: VM=hazr-t-cs-chtweb01, Disk=t-cs-chtweb01-disk02, RG=hazr-t-cs-rg, SizeGB=128, Sku=StandardSSD_LRS, Zone=3, HostCaching=None, DoubleEncryption=True, EncryptionType=EncryptionAtRestWithPlatformAndCustomerKeys, DES=<DryRun: /resourceGroups/hazr-t-dch-rg/providers/Microsoft.Compute/diskEncryptionSets/hazr-t-dch-des>
2026-05-22 10:54:36.703	[INFO] [DryRun] 리소스 그룹 생성 예정: hazr-t-cs-rg (koreacentral)
2026-05-22 10:54:36.576	[INFO] [DryRun] 리소스 그룹 생성 예정: hazr-t-cs-rg (koreacentral)
2026-05-22 10:54:36.791	[INFO] [DryRun] Create plan: VM=hazr-t-cs-chtintweb01, Disk=t-cs-chtintweb01-disk01, RG=hazr-t-cs-rg, SizeGB=128, Sku=StandardSSD_LRS, Zone=3, HostCaching=None, DoubleEncryption=True, EncryptionType=EncryptionAtRestWithPlatformAndCustomerKeys, DES=<DryRun: /resourceGroups/hazr-t-dch-rg/providers/Microsoft.Compute/diskEncryptionSets/hazr-t-dch-des>
2026-05-22 10:54:36.937	[INFO] [DryRun] Create plan: VM=hazr-t-cs-chtintweb01, Disk=t-cs-chtintweb01-disk02, RG=hazr-t-cs-rg, SizeGB=128, Sku=StandardSSD_LRS, Zone=3, HostCaching=None, DoubleEncryption=True, EncryptionType=EncryptionAtRestWithPlatformAndCustomerKeys, DES=<DryRun: /resourceGroups/hazr-t-dch-rg/providers/Microsoft.Compute/diskEncryptionSets/hazr-t-dch-des>
2026-05-22 10:54:36.867	[INFO] [DryRun] Create plan: VM=hazr-t-cs-chtweb01, Disk=t-cs-chtweb01-disk01, RG=hazr-t-cs-rg, SizeGB=128, Sku=StandardSSD_LRS, Zone=3, HostCaching=None, DoubleEncryption=True, EncryptionType=EncryptionAtRestWithPlatformAndCustomerKeys, DES=<DryRun: /resourceGroups/hazr-t-dch-rg/providers/Microsoft.Compute/diskEncryptionSets/hazr-t-dch-des>
2026-05-22 10:54:37.040	[INFO] [DryRun] 리소스 그룹 생성 예정: hazr-t-cs-rg (koreacentral)
2026-05-22 10:54:37.029	[INFO] [DryRun] Create plan: VM=hazr-t-cs-chtweb01, Disk=t-cs-chtweb01-disk02, RG=hazr-t-cs-rg, SizeGB=128, Sku=StandardSSD_LRS, Zone=3, HostCaching=None, DoubleEncryption=True, EncryptionType=EncryptionAtRestWithPlatformAndCustomerKeys, DES=<DryRun: /resourceGroups/hazr-t-dch-rg/providers/Microsoft.Compute/diskEncryptionSets/hazr-t-dch-des>
2026-05-22 10:54:37.149	[INFO] [DryRun] Create plan: VM=hazr-t-cs-chtap01, Disk=t-cs-chtap01-disk01, RG=hazr-t-cs-rg, SizeGB=128, Sku=StandardSSD_LRS, Zone=3, HostCaching=None, DoubleEncryption=True, EncryptionType=EncryptionAtRestWithPlatformAndCustomerKeys, DES=<DryRun: /resourceGroups/hazr-t-dch-rg/providers/Microsoft.Compute/diskEncryptionSets/hazr-t-dch-des>
2026-05-22 10:54:37.163	[INFO] [DryRun] 리소스 그룹 생성 예정: hazr-t-cs-rg (koreacentral)
2026-05-22 10:54:37.289	[INFO] [DryRun] Create plan: VM=hazr-t-cs-chtintweb01, Disk=t-cs-chtintweb01-disk01, RG=hazr-t-cs-rg, SizeGB=128, Sku=StandardSSD_LRS, Zone=3, HostCaching=None, DoubleEncryption=True, EncryptionType=EncryptionAtRestWithPlatformAndCustomerKeys, DES=<DryRun: /resourceGroups/hazr-t-dch-rg/providers/Microsoft.Compute/diskEncryptionSets/hazr-t-dch-des>
2026-05-22 10:54:37.410	[INFO] [DryRun] Create plan: VM=hazr-t-cs-chtintweb01, Disk=t-cs-chtintweb01-disk02, RG=hazr-t-cs-rg, SizeGB=128, Sku=StandardSSD_LRS, Zone=3, HostCaching=None, DoubleEncryption=True, EncryptionType=EncryptionAtRestWithPlatformAndCustomerKeys, DES=<DryRun: /resourceGroups/hazr-t-dch-rg/providers/Microsoft.Compute/diskEncryptionSets/hazr-t-dch-des>
2026-05-22 10:54:37.520	[INFO] [DryRun] 리소스 그룹 생성 예정: hazr-t-dis-rg (koreacentral)
2026-05-22 10:54:37.518	[INFO] [DryRun] 리소스 그룹 생성 예정: hazr-t-cs-rg (koreacentral)
2026-05-22 10:54:37.628	[INFO] [DryRun] Create plan: VM=hazr-t-cs-chtap01, Disk=t-cs-chtap01-disk01, RG=hazr-t-cs-rg, SizeGB=128, Sku=StandardSSD_LRS, Zone=3, HostCaching=None, DoubleEncryption=True, EncryptionType=EncryptionAtRestWithPlatformAndCustomerKeys, DES=<DryRun: /resourceGroups/hazr-t-dch-rg/providers/Microsoft.Compute/diskEncryptionSets/hazr-t-dch-des>
2026-05-22 10:54:37.738	[INFO] [DryRun] Create plan: VM=hazr-t-cs-chtap01, Disk=t-cs-chtap01-disk02, RG=hazr-t-cs-rg, SizeGB=128, Sku=StandardSSD_LRS, Zone=3, HostCaching=None, DoubleEncryption=True, EncryptionType=EncryptionAtRestWithPlatformAndCustomerKeys, DES=<DryRun: /resourceGroups/hazr-t-dch-rg/providers/Microsoft.Compute/diskEncryptionSets/hazr-t-dch-des>
2026-05-22 10:54:37.833	[INFO] [DryRun] Create plan: VM=hazr-t-dis-ap01, Disk=t-dis-ap01-disk02, RG=hazr-t-dis-rg, SizeGB=128, Sku=StandardSSD_LRS, Zone=3, HostCaching=None, DoubleEncryption=True, EncryptionType=EncryptionAtRestWithPlatformAndCustomerKeys, DES=<DryRun: /resourceGroups/hazr-t-dch-rg/providers/Microsoft.Compute/diskEncryptionSets/hazr-t-dch-des>
2026-05-22 10:54:37.846	[INFO] [DryRun] 리소스 그룹 생성 예정: hazr-t-dis-rg (koreacentral)
2026-05-22 10:54:38.064	[INFO] [DryRun] Create plan: VM=hazr-t-dis-ap01, Disk=t-dis-ap01-disk01, RG=hazr-t-dis-rg, SizeGB=128, Sku=StandardSSD_LRS, Zone=3, HostCaching=None, DoubleEncryption=True, EncryptionType=EncryptionAtRestWithPlatformAndCustomerKeys, DES=<DryRun: /resourceGroups/hazr-t-dch-rg/providers/Microsoft.Compute/diskEncryptionSets/hazr-t-dch-des>
2026-05-22 10:54:38.052	[INFO] [DryRun] Create plan: VM=hazr-t-dis-adm01, Disk=t-dis-adm01-disk01, RG=hazr-t-dis-rg, SizeGB=128, Sku=StandardSSD_LRS, Zone=3, HostCaching=None, DoubleEncryption=True, EncryptionType=EncryptionAtRestWithPlatformAndCustomerKeys, DES=<DryRun: /resourceGroups/hazr-t-dch-rg/providers/Microsoft.Compute/diskEncryptionSets/hazr-t-dch-des>
2026-05-22 10:54:38.206	[INFO] [DryRun] Create plan: VM=hazr-t-dis-adm01, Disk=t-dis-adm01-disk02, RG=hazr-t-dis-rg, SizeGB=128, Sku=StandardSSD_LRS, Zone=3, HostCaching=None, DoubleEncryption=True, EncryptionType=EncryptionAtRestWithPlatformAndCustomerKeys, DES=<DryRun: /resourceGroups/hazr-t-dch-rg/providers/Microsoft.Compute/diskEncryptionSets/hazr-t-dch-des>
2026-05-22 10:54:38.356	[INFO] [DryRun] 리소스 그룹 생성 예정: hazr-t-dis-rg (koreacentral)
2026-05-22 10:54:38.356	[INFO] [DryRun] 리소스 그룹 생성 예정: hazr-t-dis-rg (koreacentral)
2026-05-22 10:54:38.483	[INFO] [DryRun] Create plan: VM=hazr-t-dis-adm01, Disk=t-dis-adm01-disk01, RG=hazr-t-dis-rg, SizeGB=128, Sku=StandardSSD_LRS, Zone=3, HostCaching=None, DoubleEncryption=True, EncryptionType=EncryptionAtRestWithPlatformAndCustomerKeys, DES=<DryRun: /resourceGroups/hazr-t-dch-rg/providers/Microsoft.Compute/diskEncryptionSets/hazr-t-dch-des>
2026-05-22 10:54:38.585	[INFO] [DryRun] Create plan: VM=hazr-t-dis-bbiweb01, Disk=t-dis-bbiweb01-disk01, RG=hazr-t-dis-rg, SizeGB=128, Sku=StandardSSD_LRS, Zone=3, HostCaching=None, DoubleEncryption=True, EncryptionType=EncryptionAtRestWithPlatformAndCustomerKeys, DES=<DryRun: /resourceGroups/hazr-t-dch-rg/providers/Microsoft.Compute/diskEncryptionSets/hazr-t-dch-des>
2026-05-22 10:54:38.732	[INFO] [DryRun] Create plan: VM=hazr-t-dis-adm01, Disk=t-dis-adm01-disk02, RG=hazr-t-dis-rg, SizeGB=128, Sku=StandardSSD_LRS, Zone=3, HostCaching=None, DoubleEncryption=True, EncryptionType=EncryptionAtRestWithPlatformAndCustomerKeys, DES=<DryRun: /resourceGroups/hazr-t-dch-rg/providers/Microsoft.Compute/diskEncryptionSets/hazr-t-dch-des>
2026-05-22 10:54:38.842	[INFO] [DryRun] Create plan: VM=hazr-t-dis-bbiweb01, Disk=t-dis-bbiweb01-disk02, RG=hazr-t-dis-rg, SizeGB=128, Sku=StandardSSD_LRS, Zone=3, HostCaching=None, DoubleEncryption=True, EncryptionType=EncryptionAtRestWithPlatformAndCustomerKeys, DES=<DryRun: /resourceGroups/hazr-t-dch-rg/providers/Microsoft.Compute/diskEncryptionSets/hazr-t-dch-des>
2026-05-22 10:54:38.949	[INFO] [DryRun] Create plan: VM=hazr-t-dis-bbiweb01, Disk=t-dis-bbiweb01-disk01, RG=hazr-t-dis-rg, SizeGB=128, Sku=StandardSSD_LRS, Zone=3, HostCaching=None, DoubleEncryption=True, EncryptionType=EncryptionAtRestWithPlatformAndCustomerKeys, DES=<DryRun: /resourceGroups/hazr-t-dch-rg/providers/Microsoft.Compute/diskEncryptionSets/hazr-t-dch-des>
2026-05-22 10:54:39.066	[INFO] [DryRun] Create plan: VM=hazr-t-dis-bbiweb01, Disk=t-dis-bbiweb01-disk02, RG=hazr-t-dis-rg, SizeGB=128, Sku=StandardSSD_LRS, Zone=3, HostCaching=None, DoubleEncryption=True, EncryptionType=EncryptionAtRestWithPlatformAndCustomerKeys, DES=<DryRun: /resourceGroups/hazr-t-dch-rg/providers/Microsoft.Compute/diskEncryptionSets/hazr-t-dch-des>
s>
2026-05-22 10:54:39.195	[INFO] [DryRun] 리소스 그룹 생성 예정: hazr-t-dis-rg (koreacentral)
isk02, RG=hazr-t-dis-rg, SizeGB=128, Sku=StandardSSD_LRS, Zone=3, HostCaching=None, DoubleEncryption=True, EncryptionType=EncryptionAtRestWithPlatformAndCustomerKeys, DES=<DryRun: /resourceGroups/hazr-t-dch-rg/providers/Microsoft.Compute/diskEncryptionSets/hazr-t-dch-des>
2026-05-22 10:54:39.271	[INFO] [DryRun] Create plan: VM=hazr-t-dis-bbicltap01, Disk=t-dis-bbicltap01-disk01, RG=hazr-t-dis-rg, SizeGB=128, Sku=StandardSSD_LRS, Zone=3, HostCaching=None, DoubleEncryption=True, EncryptionType=EncryptionAtRestWithPlatformAndCustomerKeys, DES=<DryRun: /resourceGroups/hazr-t-dch-rg/providers/Microsoft.Compute/diskEncryptionSets/hazr-t-dch-des>
2026-05-22 10:54:39.363	[INFO] [DryRun] Create plan: VM=hazr-t-dis-bbicltap01, Disk=t-dis-bbicltap01-disk02, RG=hazr-t-dis-rg, SizeGB=128, Sku=StandardSSD_LRS, Zone=3, HostCaching=None, DoubleEncryption=True, EncryptionType=EncryptionAtRestWithPlatformAndCustomerKeys, DES=<DryRun: /resourceGroups/hazr-t-dch-rg/providers/Microsoft.Compute/diskEncryptionSets/hazr-t-dch-des>
2026-05-22 10:54:39.466	[INFO] [DryRun] 리소스 그룹 생성 예정: hazr-t-dis-rg (koreacentral)
isk02, RG=hazr-t-dis-rg, SizeGB=128, Sku=StandardSSD_LRS, Zone=3, HostCaching=None, DoubleEncryption=True, EncryptionType=EncryptionAtRestWithPlatformAndCustomerKeys, DES=<DryRun: /resourceGroups/hazr-t-dch-rg/providers/Microsoft.Compute/diskEncryptionSets/hazr-t-dch-des>
2026-05-22 10:54:39.539	[INFO] [DryRun] Create plan: VM=hazr-t-dis-bbimsgap01, Disk=t-dis-bbimsgap01-disk01, RG=hazr-t-dis-rg, SizeGB=128, Sku=StandardSSD_LRS, Zone=3, HostCaching=None, DoubleEncryption=True, EncryptionType=EncryptionAtRestWithPlatformAndCustomerKeys, DES=<DryRun: /resourceGroups/hazr-t-dch-rg/providers/Microsoft.Compute/diskEncryptionSets/hazr-t-dch-des>
2026-05-22 10:54:39.617	[INFO] [DryRun] Create plan: VM=hazr-t-dis-bbimsgap01, Disk=t-dis-bbimsgap01-disk02, RG=hazr-t-dis-rg, SizeGB=128, Sku=StandardSSD_LRS, Zone=3, HostCaching=None, DoubleEncryption=True, EncryptionType=EncryptionAtRestWithPlatformAndCustomerKeys, DES=<DryRun: /resourceGroups/hazr-t-dch-rg/providers/Microsoft.Compute/diskEncryptionSets/hazr-t-dch-des>
2026-05-22 10:54:39.703	[INFO] [DryRun] 리소스 그룹 생성 예정: hazr-t-dis-rg (koreacentral)
2, RG=hazr-t-dis-rg, SizeGB=128, Sku=StandardSSD_LRS, Zone=3, HostCaching=None, DoubleEncryption=True, EncryptionType=EncryptionAtRestWithPlatformAndCustomerKeys, DES=<DryRun: /resourceGroups/hazr-t-dch-rg/providers/Microsoft.Compute/diskEncryptionSets/hazr-t-dch-des>
2026-05-22 10:54:39.765	[INFO] [DryRun] Create plan: VM=hazr-t-dis-walkap01, Disk=t-dis-walkap01-disk01, RG=hazr-t-dis-rg, SizeGB=128, Sku=StandardSSD_LRS, Zone=3, HostCaching=None, DoubleEncryption=True, EncryptionType=EncryptionAtRestWithPlatformAndCustomerKeys, DES=<DryRun: /resourceGroups/hazr-t-dch-rg/providers/Microsoft.Compute/diskEncryptionSets/hazr-t-dch-des>
2026-05-22 10:54:39.773	[INFO] [DryRun] 리소스 그룹 생성 예정: hazr-t-dis-rg (koreacentral)
2026-05-22 10:54:39.885	[INFO] [DryRun] Create plan: VM=hazr-t-dis-walkap01, Disk=t-dis-walkap01-disk02, RG=hazr-t-dis-rg, SizeGB=128, Sku=StandardSSD_LRS, Zone=3, HostCaching=None, DoubleEncryption=True, EncryptionType=EncryptionAtRestWithPlatformAndCustomerKeys, DES=<DryRun: /resourceGroups/hazr-t-dch-rg/providers/Microsoft.Compute/diskEncryptionSets/hazr-t-dch-des>
2026-05-22 10:54:39.989	[INFO] [DryRun] Create plan: VM=hazr-t-dis-bat01, Disk=t-dis-bat01-disk01, RG=hazr-t-dis-rg, SizeGB=128, Sku=StandardSSD_LRS, Zone=3, HostCaching=None, DoubleEncryption=True, EncryptionType=EncryptionAtRestWithPlatformAndCustomerKeys, DES=<DryRun: /resourceGroups/hazr-t-dch-rg/providers/Microsoft.Compute/diskEncryptionSets/hazr-t-dch-des>
2026-05-22 10:54:40.088	[INFO] [DryRun] Create plan: VM=hazr-t-dis-bat01, Disk=t-dis-bat01-disk02, RG=hazr-t-dis-rg, SizeGB=128, Sku=StandardSSD_LRS, Zone=3, HostCaching=None, DoubleEncryption=True, EncryptionType=EncryptionAtRestWithPlatformAndCustomerKeys, DES=<DryRun: /resourceGroups/hazr-t-dch-rg/providers/Microsoft.Compute/diskEncryptionSets/hazr-t-dch-des>
2026-05-22 10:54:40.181	[INFO] [DryRun] Create plan: VM=hazr-t-dis-bat01, Disk=t-dis-bat01-disk01, RG=hazr-t-dis-rg, SizeGB=128, Sku=StandardSSD_LRS, Zone=3, HostCaching=None, DoubleEncryption=True, EncryptionType=EncryptionAtRestWithPlatformAndCustomerKeys, DES=<DryRun: /resourceGroups/hazr-t-dch-rg/providers/Microsoft.Compute/diskEncryptionSets/hazr-t-dch-des>
2026-05-22 10:54:40.190	[INFO] [DryRun] 리소스 그룹 생성 예정: hazr-t-dis-rg (koreacentral)
2026-05-22 10:54:40.284	[INFO] [DryRun] Create plan: VM=hazr-t-dis-drvcltap01, Disk=t-dis-drvcltap01-disk01, RG=hazr-t-dis-rg, SizeGB=128, Sku=StandardSSD_LRS, Zone=3, HostCaching=None, DoubleEncryption=True, EncryptionType=EncryptionAtRestWithPlatformAndCustomerKeys, DES=<DryRun: /resourceGroups/hazr-t-dch-rg/providers/Microsoft.Compute/diskEncryptionSets/hazr-t-dch-des>
2026-05-22 10:54:40.417	[INFO] [DryRun] Create plan: VM=hazr-t-dis-drvcltap01, Disk=t-dis-drvcltap01-disk02, RG=hazr-t-dis-rg, SizeGB=128, Sku=StandardSSD_LRS, Zone=3, HostCaching=None, DoubleEncryption=True, EncryptionType=EncryptionAtRestWithPlatformAndCustomerKeys, DES=<DryRun: /resourceGroups/hazr-t-dch-rg/providers/Microsoft.Compute/diskEncryptionSets/hazr-t-dch-des>
2026-05-22 10:54:40.577	[INFO] [DryRun] 리소스 그룹 생성 예정: hazr-t-dis-rg (koreacentral)
2026-05-22 10:54:40.430	[INFO] [DryRun] 리소스 그룹 생성 예정: hazr-t-dis-rg (koreacentral)
2026-05-22 10:54:40.673	[INFO] [DryRun] Create plan: VM=hazr-t-dis-drvcltap01, Disk=t-dis-drvcltap01-disk01, RG=hazr-t-dis-rg, SizeGB=128, Sku=StandardSSD_LRS, Zone=3, HostCaching=None, DoubleEncryption=True, EncryptionType=EncryptionAtRestWithPlatformAndCustomerKeys, DES=<DryRun: /resourceGroups/hazr-t-dch-rg/providers/Microsoft.Compute/diskEncryptionSets/hazr-t-dch-des>
2026-05-22 10:54:40.763	[INFO] [DryRun] Create plan: VM=hazr-t-dis-drvcltap01, Disk=t-dis-drvcltap01-disk02, RG=hazr-t-dis-rg, SizeGB=128, Sku=StandardSSD_LRS, Zone=3, HostCaching=None, DoubleEncryption=True, EncryptionType=EncryptionAtRestWithPlatformAndCustomerKeys, DES=<DryRun: /resourceGroups/hazr-t-dch-rg/providers/Microsoft.Compute/diskEncryptionSets/hazr-t-dch-des>
2026-05-22 10:54:40.766	[INFO] [DryRun] Create plan: VM=hazr-t-dis-walkweb01, Disk=t-dis-walkweb01-disk02, RG=hazr-t-dis-rg, SizeGB=128, Sku=StandardSSD_LRS, Zone=3, HostCaching=None, DoubleEncryption=True, EncryptionType=EncryptionAtRestWithPlatformAndCustomerKeys, DES=<DryRun: /resourceGroups/hazr-t-dch-rg/providers/Microsoft.Compute/diskEncryptionSets/hazr-t-dch-des>
2026-05-22 10:54:40.917	[INFO] [DryRun] 리소스 그룹 생성 예정: hazr-t-dis-rg (koreacentral)
2026-05-22 10:54:41.022	[INFO] [DryRun] Create plan: VM=hazr-t-dis-drvmsgap01, Disk=t-dis-drvmsgap01-disk01, RG=hazr-t-dis-rg, SizeGB=128, Sku=StandardSSD_LRS, Zone=3, HostCaching=None, DoubleEncryption=True, EncryptionType=EncryptionAtRestWithPlatformAndCustomerKeys, DES=<DryRun: /resourceGroups/hazr-t-dch-rg/providers/Microsoft.Compute/diskEncryptionSets/hazr-t-dch-des>
2026-05-22 10:54:41.119	[INFO] [DryRun] Create plan: VM=hazr-t-dis-drvmsgap01, Disk=t-dis-drvmsgap01-disk02, RG=hazr-t-dis-rg, SizeGB=128, Sku=StandardSSD_LRS, Zone=3, HostCaching=None, DoubleEncryption=True, EncryptionType=EncryptionAtRestWithPlatformAndCustomerKeys, DES=<DryRun: /resourceGroups/hazr-t-dch-rg/providers/Microsoft.Compute/diskEncryptionSets/hazr-t-dch-des>
2026-05-22 10:54:41.198	[INFO] [DryRun] 리소스 그룹 생성 예정: hazr-t-dis-rg (koreacentral)
k02, RG=hazr-t-dis-rg, SizeGB=128, Sku=StandardSSD_LRS, Zone=3, HostCaching=None, DoubleEncryption=True, EncryptionType=EncryptionAtRestWithPlatformAndCustomerKeys, DES=<DryRun: /resourceGroups/hazr-t-dch-rg/providers/Microsoft.Compute/diskEncryptionSets/hazr-t-dch-des>
2026-05-22 10:54:41.272	[INFO] [DryRun] Create plan: VM=hazr-t-dis-web01, Disk=t-dis-web01-disk01, RG=hazr-t-dis-rg, SizeGB=128, Sku=StandardSSD_LRS, Zone=3, HostCaching=None, DoubleEncryption=True, EncryptionType=EncryptionAtRestWithPlatformAndCustomerKeys, DES=<DryRun: /resourceGroups/hazr-t-dch-rg/providers/Microsoft.Compute/diskEncryptionSets/hazr-t-dch-des>
2026-05-22 10:54:41.433	[INFO] [DryRun] Create plan: VM=hazr-t-dis-web01, Disk=t-dis-web01-disk02, RG=hazr-t-dis-rg, SizeGB=128, Sku=StandardSSD_LRS, Zone=3, HostCaching=None, DoubleEncryption=True, EncryptionType=EncryptionAtRestWithPlatformAndCustomerKeys, DES=<DryRun: /resourceGroups/hazr-t-dch-rg/providers/Microsoft.Compute/diskEncryptionSets/hazr-t-dch-des>
dch-des>
2026-05-22 10:54:41.499	[INFO] [DryRun] 리소스 그룹 생성 예정: hazr-t-dis-rg (koreacentral)
isk02, RG=hazr-t-dis-rg, SizeGB=128, Sku=StandardSSD_LRS, Zone=3, HostCaching=None, DoubleEncryption=True, EncryptionType=EncryptionAtRestWithPlatformAndCustomerKeys, DES=<DryRun: /resourceGroups/hazr-t-dch-rg/providers/Microsoft.Compute/diskEncryptionSets/hazr-t-dch-des>
2026-05-22 10:54:41.575	[INFO] [DryRun] 리소스 그룹 생성 예정: hazr-t-dis-rg (koreacentral)
2026-05-22 10:54:41.561	[INFO] [DryRun] Create plan: VM=hazr-t-dis-cmsadm01, Disk=t-dis-cmsadm01-disk01, RG=hazr-t-dis-rg, SizeGB=128, Sku=StandardSSD_LRS, Zone=3, HostCaching=None, DoubleEncryption=True, EncryptionType=EncryptionAtRestWithPlatformAndCustomerKeys, DES=<DryRun: /resourceGroups/hazr-t-dch-rg/providers/Microsoft.Compute/diskEncryptionSets/hazr-t-dch-des>
2026-05-22 10:54:41.638	[INFO] [DryRun] Create plan: VM=hazr-t-dis-web01, Disk=t-dis-web01-disk01, RG=hazr-t-dis-rg, SizeGB=128, Sku=StandardSSD_LRS, Zone=3, HostCaching=None, DoubleEncryption=True, EncryptionType=EncryptionAtRestWithPlatformAndCustomerKeys, DES=<DryRun: /resourceGroups/hazr-t-dch-rg/providers/Microsoft.Compute/diskEncryptionSets/hazr-t-dch-des>
des>
2026-05-22 10:54:41.710	[INFO] [DryRun] Create plan: VM=hazr-t-dis-web01, Disk=t-dis-web01-disk02, RG=hazr-t-dis-rg, SizeGB=128, Sku=StandardSSD_LRS, Zone=3, HostCaching=None, DoubleEncryption=True, EncryptionType=EncryptionAtRestWithPlatformAndCustomerKeys, DES=<DryRun: /resourceGroups/hazr-t-dch-rg/providers/Microsoft.Compute/diskEncryptionSets/hazr-t-dch-des>
2026-05-22 10:54:41.811	[INFO] [DryRun] 리소스 그룹 생성 예정: hazr-t-dis-rg (koreacentral)
 RG=hazr-t-dis-rg, SizeGB=128, Sku=StandardSSD_LRS, Zone=3, HostCaching=None, DoubleEncryption=True, EncryptionType=EncryptionAtRestWithPlatformAndCustomerKeys, DES=<DryRun: /resourceGroups/hazr-t-dch-rg/providers/Microsoft.Compute/diskEncryptionSets/hazr-t-dch-des>
2026-05-22 10:54:41.889	[INFO] [DryRun] Create plan: VM=hazr-t-dis-cmsap01, Disk=t-dis-cmsap01-disk02, RG=hazr-t-dis-rg, SizeGB=128, Sku=StandardSSD_LRS, Zone=3, HostCaching=None, DoubleEncryption=True, EncryptionType=EncryptionAtRestWithPlatformAndCustomerKeys, DES=<DryRun: /resourceGroups/hazr-t-dch-rg/providers/Microsoft.Compute/diskEncryptionSets/hazr-t-dch-des>

2026-05-22 10:54:41.983	[INFO] [DryRun] 리소스 그룹 생성 예정: hazr-t-dis-rg (koreacentral)
2026-05-22 10:54:41.967	[INFO] [DryRun] Create plan: VM=hazr-t-dis-cmsadm01, Disk=t-dis-cmsadm01-disk02, RG=hazr-t-dis-rg, SizeGB=128, Sku=StandardSSD_LRS, Zone=3, HostCaching=None, DoubleEncryption=True, EncryptionType=EncryptionAtRestWithPlatformAndCustomerKeys, DES=<DryRun: /resourceGroups/hazr-t-dch-rg/providers/Microsoft.Compute/diskEncryptionSets/hazr-t-dch-des>
2026-05-22 10:54:42.074	[INFO] [DryRun] 리소스 그룹 생성 예정: hazr-t-dis-rg (koreacentral)
1, RG=hazr-t-dis-rg, SizeGB=128, Sku=StandardSSD_LRS, Zone=3, HostCaching=None, DoubleEncryption=True, EncryptionType=EncryptionAtRestWithPlatformAndCustomerKeys, DES=<DryRun: /resourceGroups/hazr-t-dch-rg/providers/Microsoft.Compute/diskEncryptionSets/hazr-t-dch-des>
2026-05-22 10:54:42.151	[INFO] [DryRun] Create plan: VM=hazr-t-dis-cmsweb01, Disk=t-dis-cmsweb01-disk02, RG=hazr-t-dis-rg, SizeGB=128, Sku=StandardSSD_LRS, Zone=3, HostCaching=None, DoubleEncryption=True, EncryptionType=EncryptionAtRestWithPlatformAndCustomerKeys, DES=<DryRun: /resourceGroups/hazr-t-dch-rg/providers/Microsoft.Compute/diskEncryptionSets/hazr-t-dch-des>
2026-05-22 10:54:42.228	[INFO] [DryRun] Create plan: VM=hazr-t-dis-cmsap01, Disk=t-dis-cmsap01-disk02, RG=hazr-t-dis-rg, SizeGB=128, Sku=StandardSSD_LRS, Zone=3, HostCaching=None, DoubleEncryption=True, EncryptionType=EncryptionAtRestWithPlatformAndCustomerKeys, DES=<DryRun: /resourceGroups/hazr-t-dch-rg/providers/Microsoft.Compute/diskEncryptionSets/hazr-t-dch-des>
2026-05-22 10:54:42.315	[INFO] [DryRun] 리소스 그룹 생성 예정: hazr-t-dis-rg (koreacentral)
1, RG=hazr-t-dis-rg, SizeGB=128, Sku=StandardSSD_LRS, Zone=3, HostCaching=None, DoubleEncryption=True, EncryptionType=EncryptionAtRestWithPlatformAndCustomerKeys, DES=<DryRun: /resourceGroups/hazr-t-dch-rg/providers/Microsoft.Compute/diskEncryptionSets/hazr-t-dch-des>
2026-05-22 10:54:42.394	[INFO] [DryRun] Create plan: VM=hazr-t-dis-cmbsap01, Disk=t-dis-cmbsap01-disk02, RG=hazr-t-dis-rg, SizeGB=128, Sku=StandardSSD_LRS, Zone=3, HostCaching=None, DoubleEncryption=True, EncryptionType=EncryptionAtRestWithPlatformAndCustomerKeys, DES=<DryRun: /resourceGroups/hazr-t-dch-rg/providers/Microsoft.Compute/diskEncryptionSets/hazr-t-dch-des>
2026-05-22 10:54:42.392	[INFO] [DryRun] Create plan: VM=hazr-t-dis-cmsweb01, Disk=t-dis-cmsweb01-disk01, RG=hazr-t-dis-rg, SizeGB=128, Sku=StandardSSD_LRS, Zone=3, HostCaching=None, DoubleEncryption=True, EncryptionType=EncryptionAtRestWithPlatformAndCustomerKeys, DES=<DryRun: /resourceGroups/hazr-t-dch-rg/providers/Microsoft.Compute/diskEncryptionSets/hazr-t-dch-des>
2026-05-22 10:54:42.455	[INFO] [DryRun] Create plan: VM=hazr-t-dis-cmsweb01, Disk=t-dis-cmsweb01-disk02, RG=hazr-t-dis-rg, SizeGB=128, Sku=StandardSSD_LRS, Zone=3, HostCaching=None, DoubleEncryption=True, EncryptionType=EncryptionAtRestWithPlatformAndCustomerKeys, DES=<DryRun: /resourceGroups/hazr-t-dch-rg/providers/Microsoft.Compute/diskEncryptionSets/hazr-t-dch-des>
2026-05-22 10:54:42.548	[INFO] [DryRun] 리소스 그룹 생성 예정: hazr-t-dis-rg (koreacentral)
2026-05-22 10:54:42.602	[INFO] [DryRun] Create plan: VM=hazr-t-dis-cmbsap01, Disk=t-dis-cmbsap01-disk01, RG=hazr-t-dis-rg, SizeGB=128, Sku=StandardSSD_LRS, Zone=3, HostCaching=None, DoubleEncryption=True, EncryptionType=EncryptionAtRestWithPlatformAndCustomerKeys, DES=<DryRun: /resourceGroups/hazr-t-dch-rg/providers/Microsoft.Compute/diskEncryptionSets/hazr-t-dch-des>
2026-05-22 10:54:42.602	[INFO] [DryRun] Create plan: VM=hazr-t-dtg-ingap01, Disk=t-dtg-ingap01-disk01, RG=hazr-t-dtg-rg, SizeGB=128, Sku=StandardSSD_LRS, Zone=3, HostCaching=None, DoubleEncryption=True, EncryptionType=EncryptionAtRestWithPlatformAndCustomerKeys, DES=<DryRun: /resourceGroups/hazr-t-dch-rg/providers/Microsoft.Compute/diskEncryptionSets/hazr-t-dch-des>
2026-05-22 10:54:42.701	[INFO] [DryRun] Create plan: VM=hazr-t-dtg-ingap01, Disk=t-dtg-ingap01-disk02, RG=hazr-t-dtg-rg, SizeGB=128, Sku=StandardSSD_LRS, Zone=3, HostCaching=None, DoubleEncryption=True, EncryptionType=EncryptionAtRestWithPlatformAndCustomerKeys, DES=<DryRun: /resourceGroups/hazr-t-dch-rg/providers/Microsoft.Compute/diskEncryptionSets/hazr-t-dch-des>
2026-05-22 10:54:42.845	[INFO] [DryRun] 리소스 그룹 생성 예정: hazr-t-dtg-rg (koreacentral)
2, RG=hazr-t-dis-rg, SizeGB=128, Sku=StandardSSD_LRS, Zone=3, HostCaching=None, DoubleEncryption=True, EncryptionType=EncryptionAtRestWithPlatformAndCustomerKeys, DES=<DryRun: /resourceGroups/hazr-t-dch-rg/providers/Microsoft.Compute/diskEncryptionSets/hazr-t-dch-des>
2026-05-22 10:54:42.928	[INFO] [SKIP] Row 20 no disk input (VM=hazr-t-dis-dfir01)
-ap01-disk01, RG=hazr-t-dtg-rg, SizeGB=128, Sku=StandardSSD_LRS, Zone=3, HostCaching=None, DoubleEncryption=True, EncryptionType=EncryptionAtRestWithPlatformAndCustomerKeys, DES=<DryRun: /resourceGroups/hazr-t-dch-rg/providers/Microsoft.Compute/diskEncryptionSets/hazr-t-dch-des>
2026-05-22 10:54:43.026	[INFO] [DryRun] Create plan: VM=hazr-t-dtg-ap01, Disk=t-dtg-ap01-disk02, RG=hazr-t-dtg-rg, SizeGB=128, Sku=StandardSSD_LRS, Zone=3, HostCaching=None, DoubleEncryption=True, EncryptionType=EncryptionAtRestWithPlatformAndCustomerKeys, DES=<DryRun: /resourceGroups/hazr-t-dch-rg/providers/Microsoft.Compute/diskEncryptionSets/hazr-t-dch-des>
2026-05-22 10:54:43.321	[INFO] [DryRun] 리소스 그룹 생성 예정: hazr-t-dtg-rg (koreacentral)
 RG=hazr-t-dtg-rg, SizeGB=128, Sku=StandardSSD_LRS, Zone=3, HostCaching=None, DoubleEncryption=True, EncryptionType=EncryptionAtRestWithPlatformAndCustomerKeys, DES=<DryRun: /resourceGroups/hazr-t-dch-rg/providers/Microsoft.Compute/diskEncryptionSets/hazr-t-dch-des>
2026-05-22 10:54:43.433	[INFO] [DryRun] Create plan: VM=hazr-t-dtg-ingap01, Disk=t-dtg-ingap01-disk02, RG=hazr-t-dtg-rg, SizeGB=128, Sku=StandardSSD_LRS, Zone=3, HostCaching=None, DoubleEncryption=True, EncryptionType=EncryptionAtRestWithPlatformAndCustomerKeys, DES=<DryRun: /resourceGroups/hazr-t-dch-rg/providers/Microsoft.Compute/diskEncryptionSets/hazr-t-dch-des>
2026-05-22 10:54:43.433	[INFO] [DryRun] Create plan: VM=hazr-t-dtg-extgeoap01, Disk=t-dtg-extgeoap01-disk01, RG=hazr-t-dtg-rg, SizeGB=128, Sku=StandardSSD_LRS, Zone=3, HostCaching=None, DoubleEncryption=True, EncryptionType=EncryptionAtRestWithPlatformAndCustomerKeys, DES=<DryRun: /resourceGroups/hazr-t-dch-rg/providers/Microsoft.Compute/diskEncryptionSets/hazr-t-dch-des>
2026-05-22 10:54:43.665	[INFO] [DryRun] Create plan: VM=hazr-t-dtg-extgeoap01, Disk=t-dtg-extgeoap01-disk02, RG=hazr-t-dtg-rg, SizeGB=128, Sku=StandardSSD_LRS, Zone=3, HostCaching=None, DoubleEncryption=True, EncryptionType=EncryptionAtRestWithPlatformAndCustomerKeys, DES=<DryRun: /resourceGroups/hazr-t-dch-rg/providers/Microsoft.Compute/diskEncryptionSets/hazr-t-dch-des>
2026-05-22 10:54:43.678	[INFO] [DryRun] 리소스 그룹 생성 예정: hazr-t-dtg-rg (koreacentral)
2026-05-22 10:54:43.828	[INFO] [DryRun] 리소스 그룹 생성 예정: hazr-t-dtg-rg (koreacentral)
2026-05-22 10:54:43.975	[INFO] [DryRun] Create plan: VM=hazr-t-dtg-ap01, Disk=t-dtg-ap01-disk01, RG=hazr-t-dtg-rg, SizeGB=128, Sku=StandardSSD_LRS, Zone=3, HostCaching=None, DoubleEncryption=True, EncryptionType=EncryptionAtRestWithPlatformAndCustomerKeys, DES=<DryRun: /resourceGroups/hazr-t-dch-rg/providers/Microsoft.Compute/diskEncryptionSets/hazr-t-dch-des>
2026-05-22 10:54:44.131	[INFO] [DryRun] Create plan: VM=hazr-t-dtg-ap01, Disk=t-dtg-ap01-disk02, RG=hazr-t-dtg-rg, SizeGB=128, Sku=StandardSSD_LRS, Zone=3, HostCaching=None, DoubleEncryption=True, EncryptionType=EncryptionAtRestWithPlatformAndCustomerKeys, DES=<DryRun: /resourceGroups/hazr-t-dch-rg/providers/Microsoft.Compute/diskEncryptionSets/hazr-t-dch-des>
des>
2026-05-22 10:54:44.274	[INFO] [DryRun] Create plan: VM=hazr-t-dtg-geoap01, Disk=t-dtg-geoap01-disk02, RG=hazr-t-dtg-rg, SizeGB=128, Sku=StandardSSD_LRS, Zone=3, HostCaching=None, DoubleEncryption=True, EncryptionType=EncryptionAtRestWithPlatformAndCustomerKeys, DES=<DryRun: /resourceGroups/hazr-t-dch-rg/providers/Microsoft.Compute/diskEncryptionSets/hazr-t-dch-des>
2026-05-22 10:54:44.473	[INFO] [DryRun] Create plan: VM=hazr-t-dtg-extgeoap01, Disk=t-dtg-extgeoap01-disk01, RG=hazr-t-dtg-rg, SizeGB=128, Sku=StandardSSD_LRS, Zone=3, HostCaching=None, DoubleEncryption=True, EncryptionType=EncryptionAtRestWithPlatformAndCustomerKeys, DES=<DryRun: /resourceGroups/hazr-t-dch-rg/providers/Microsoft.Compute/diskEncryptionSets/hazr-t-dch-des>
2026-05-22 10:54:44.507	[INFO] [DryRun] 리소스 그룹 생성 예정: hazr-t-dtg-rg (koreacentral)
2026-05-22 10:54:44.677	[INFO] [DryRun] Create plan: VM=hazr-t-dtg-extgeoap01, Disk=t-dtg-extgeoap01-disk02, RG=hazr-t-dtg-rg, SizeGB=128, Sku=StandardSSD_LRS, Zone=3, HostCaching=None, DoubleEncryption=True, EncryptionType=EncryptionAtRestWithPlatformAndCustomerKeys, DES=<DryRun: /resourceGroups/hazr-t-dch-rg/providers/Microsoft.Compute/diskEncryptionSets/hazr-t-dch-des>
2026-05-22 10:54:44.853	[INFO] [DryRun] Create plan: VM=hazr-t-dtg-mq01, Disk=t-dtg-mq01-disk01, RG=hazr-t-dtg-rg, SizeGB=128, Sku=StandardSSD_LRS, Zone=3, HostCaching=None, DoubleEncryption=True, EncryptionType=EncryptionAtRestWithPlatformAndCustomerKeys, DES=<DryRun: /resourceGroups/hazr-t-dch-rg/providers/Microsoft.Compute/diskEncryptionSets/hazr-t-dch-des>
2026-05-22 10:54:44.865	[INFO] [DryRun] 리소스 그룹 생성 예정: hazr-t-dtg-rg (koreacentral)
2026-05-22 10:54:45.113	[INFO] [DryRun] Create plan: VM=hazr-t-dtg-geoap01, Disk=t-dtg-geoap01-disk01, RG=hazr-t-dtg-rg, SizeGB=128, Sku=StandardSSD_LRS, Zone=3, HostCaching=None, DoubleEncryption=True, EncryptionType=EncryptionAtRestWithPlatformAndCustomerKeys, DES=<DryRun: /resourceGroups/hazr-t-dch-rg/providers/Microsoft.Compute/diskEncryptionSets/hazr-t-dch-des>
2026-05-22 10:54:45.305	[INFO] [DryRun] 리소스 그룹 생성 예정: hazr-t-dtg-rg (koreacentral)
2026-05-22 10:54:45.286	[INFO] [DryRun] Create plan: VM=hazr-t-dtg-geoap01, Disk=t-dtg-geoap01-disk02, RG=hazr-t-dtg-rg, SizeGB=128, Sku=StandardSSD_LRS, Zone=3, HostCaching=None, DoubleEncryption=True, EncryptionType=EncryptionAtRestWithPlatformAndCustomerKeys, DES=<DryRun: /resourceGroups/hazr-t-dch-rg/providers/Microsoft.Compute/diskEncryptionSets/hazr-t-dch-des>
2026-05-22 10:54:45.417	[INFO] [DryRun] Create plan: VM=hazr-t-dtg-admweb01, Disk=t-dtg-admweb01-disk01, RG=hazr-t-dtg-rg, SizeGB=128, Sku=StandardSSD_LRS, Zone=3, HostCaching=None, DoubleEncryption=True, EncryptionType=EncryptionAtRestWithPlatformAndCustomerKeys, DES=<DryRun: /resourceGroups/hazr-t-dch-rg/providers/Microsoft.Compute/diskEncryptionSets/hazr-t-dch-des>
2026-05-22 10:54:45.506	[INFO] [DryRun] Create plan: VM=hazr-t-dtg-mq01, Disk=t-dtg-mq01-disk01, RG=hazr-t-dtg-rg, SizeGB=128, Sku=StandardSSD_LRS, Zone=3, HostCaching=None, DoubleEncryption=True, EncryptionType=EncryptionAtRestWithPlatformAndCustomerKeys, DES=<DryRun: /resourceGroups/hazr-t-dch-rg/providers/Microsoft.Compute/diskEncryptionSets/hazr-t-dch-des>
h-des>
2026-05-22 10:54:45.589	[INFO] [DryRun] Create plan: VM=hazr-t-dtg-mq01, Disk=t-dtg-mq01-disk02, RG=hazr-t-dtg-rg, SizeGB=128, Sku=StandardSSD_LRS, Zone=3, HostCaching=None, DoubleEncryption=True, EncryptionType=EncryptionAtRestWithPlatformAndCustomerKeys, DES=<DryRun: /resourceGroups/hazr-t-dch-rg/providers/Microsoft.Compute/diskEncryptionSets/hazr-t-dch-des>
2026-05-22 10:54:45.696	[INFO] [DryRun] Create plan: VM=hazr-t-dtg-admap01, Disk=t-dtg-admap01-disk01, RG=hazr-t-dtg-rg, SizeGB=128, Sku=StandardSSD_LRS, Zone=3, HostCaching=None, DoubleEncryption=True, EncryptionType=EncryptionAtRestWithPlatformAndCustomerKeys, DES=<DryRun: /resourceGroups/hazr-t-dch-rg/providers/Microsoft.Compute/diskEncryptionSets/hazr-t-dch-des>
2026-05-22 10:54:45.785	[INFO] [DryRun] Create plan: VM=hazr-t-dtg-admap01, Disk=t-dtg-admap01-disk02, RG=hazr-t-dtg-rg, SizeGB=128, Sku=StandardSSD_LRS, Zone=3, HostCaching=None, DoubleEncryption=True, EncryptionType=EncryptionAtRestWithPlatformAndCustomerKeys, DES=<DryRun: /resourceGroups/hazr-t-dch-rg/providers/Microsoft.Compute/diskEncryptionSets/hazr-t-dch-des>

2026-05-22 10:54:45.855	[INFO] [DryRun] Create plan: VM=hazr-t-dtg-admweb01, Disk=t-dtg-admweb01-disk02, RG=hazr-t-dtg-rg, SizeGB=128, Sku=StandardSSD_LRS, Zone=3, HostCaching=None, DoubleEncryption=True, EncryptionType=EncryptionAtRestWithPlatformAndCustomerKeys, DES=<DryRun: /resourceGroups/hazr-t-dch-rg/providers/Microsoft.Compute/diskEncryptionSets/hazr-t-dch-des>
2026-05-22 10:54:45.884	[INFO] [DryRun] 리소스 그룹 생성 예정: hazr-t-dtg-rg (koreacentral)
2026-05-22 10:54:46.076	[INFO] [DryRun] 리소스 그룹 생성 예정: hazr-t-dtg-rg (koreacentral)
 RG=hazr-t-dtg-rg, SizeGB=128, Sku=StandardSSD_LRS, Zone=3, HostCaching=None, DoubleEncryption=True, EncryptionType=EncryptionAtRestWithPlatformAndCustomerKeys, DES=<DryRun: /resourceGroups/hazr-t-dch-rg/providers/Microsoft.Compute/diskEncryptionSets/hazr-t-dch-des>
2026-05-22 10:54:46.175	[INFO] [DryRun] Create plan: VM=hazr-t-dtg-admap01, Disk=t-dtg-admap01-disk01, RG=hazr-t-dtg-rg, SizeGB=128, Sku=StandardSSD_LRS, Zone=3, HostCaching=None, DoubleEncryption=True, EncryptionType=EncryptionAtRestWithPlatformAndCustomerKeys, DES=<DryRun: /resourceGroups/hazr-t-dch-rg/providers/Microsoft.Compute/diskEncryptionSets/hazr-t-dch-des>
2026-05-22 10:54:46.242	[INFO] [DryRun] Create plan: VM=hazr-t-dtg-admap01, Disk=t-dtg-admap01-disk02, RG=hazr-t-dtg-rg, SizeGB=128, Sku=StandardSSD_LRS, Zone=3, HostCaching=None, DoubleEncryption=True, EncryptionType=EncryptionAtRestWithPlatformAndCustomerKeys, DES=<DryRun: /resourceGroups/hazr-t-dch-rg/providers/Microsoft.Compute/diskEncryptionSets/hazr-t-dch-des>
2026-05-22 10:54:46.319	[INFO] [DryRun] 리소스 그룹 생성 예정: hazr-t-dtg-rg (koreacentral)
G=hazr-t-dtg-rg, SizeGB=512, Sku=StandardSSD_LRS, Zone=3, HostCaching=None, DoubleEncryption=True, EncryptionType=EncryptionAtRestWithPlatformAndCustomerKeys, DES=<DryRun: /resourceGroups/hazr-t-dch-rg/providers/Microsoft.Compute/diskEncryptionSets/hazr-t-dch-des>
2026-05-22 10:54:46.368	[INFO] [DryRun] Create plan: VM=hazr-t-dtg-tsdb01, Disk=t-dtg-tsdb01-disk02, RG=hazr-t-dtg-rg, SizeGB=256, Sku=StandardSSD_LRS, Zone=3, HostCaching=None, DoubleEncryption=True, EncryptionType=EncryptionAtRestWithPlatformAndCustomerKeys, DES=<DryRun: /resourceGroups/hazr-t-dch-rg/providers/Microsoft.Compute/diskEncryptionSets/hazr-t-dch-des>

2026-05-22 10:54:46.442	[INFO] [DryRun] Create plan: VM=hazr-t-dtg-dtoms01, Disk=t-dtg-dtoms01-disk02, RG=hazr-t-dtg-rg, SizeGB=128, Sku=StandardSSD_LRS, Zone=3, HostCaching=None, DoubleEncryption=True, EncryptionType=EncryptionAtRestWithPlatformAndCustomerKeys, DES=<DryRun: /resourceGroups/hazr-t-dch-rg/providers/Microsoft.Compute/diskEncryptionSets/hazr-t-dch-des>
2026-05-22 10:54:46.449	[INFO] [DryRun] 리소스 그룹 생성 예정: hazr-t-dtg-rg (koreacentral)
2026-05-22 10:54:46.515	[INFO] [DryRun] 리소스 그룹 생성 예정: hazr-t-dtg-rg (koreacentral)
hazr-t-dtg-rg, SizeGB=128, Sku=StandardSSD_LRS, Zone=3, HostCaching=None, DoubleEncryption=True, EncryptionType=EncryptionAtRestWithPlatformAndCustomerKeys, DES=<DryRun: /resourceGroups/hazr-t-dch-rg/providers/Microsoft.Compute/diskEncryptionSets/hazr-t-dch-des>
2026-05-22 10:54:46.593	[INFO] [DryRun] Create plan: VM=hazr-t-dtg-web01, Disk=t-dtg-web01-disk02, RG=hazr-t-dtg-rg, SizeGB=128, Sku=StandardSSD_LRS, Zone=3, HostCaching=None, DoubleEncryption=True, EncryptionType=EncryptionAtRestWithPlatformAndCustomerKeys, DES=<DryRun: /resourceGroups/hazr-t-dch-rg/providers/Microsoft.Compute/diskEncryptionSets/hazr-t-dch-des>

2026-05-22 10:54:46.623	[INFO] [DryRun] Create plan: VM=hazr-t-dtg-tsdb01, Disk=t-dtg-tsdb01-disk02, RG=hazr-t-dtg-rg, SizeGB=256, Sku=StandardSSD_LRS, Zone=3, HostCaching=None, DoubleEncryption=True, EncryptionType=EncryptionAtRestWithPlatformAndCustomerKeys, DES=<DryRun: /resourceGroups/hazr-t-dch-rg/providers/Microsoft.Compute/diskEncryptionSets/hazr-t-dch-des>
2026-05-22 10:54:46.697	[INFO] [DryRun] 리소스 그룹 생성 예정: hazr-t-dtg-rg (koreacentral)
hazr-t-dtg-rg, SizeGB=128, Sku=StandardSSD_LRS, Zone=3, HostCaching=None, DoubleEncryption=True, EncryptionType=EncryptionAtRestWithPlatformAndCustomerKeys, DES=<DryRun: /resourceGroups/hazr-t-dch-rg/providers/Microsoft.Compute/diskEncryptionSets/hazr-t-dch-des>
2026-05-22 10:54:46.753	[INFO] [DryRun] Create plan: VM=hazr-t-dtg-zkp01, Disk=t-dtg-zkp01-disk02, RG=hazr-t-dtg-rg, SizeGB=128, Sku=StandardSSD_LRS, Zone=3, HostCaching=None, DoubleEncryption=True, EncryptionType=EncryptionAtRestWithPlatformAndCustomerKeys, DES=<DryRun: /resourceGroups/hazr-t-dch-rg/providers/Microsoft.Compute/diskEncryptionSets/hazr-t-dch-des>
2026-05-22 10:54:46.819	[INFO] [DryRun] Create plan: VM=hazr-t-dtg-web01, Disk=t-dtg-web01-disk02, RG=hazr-t-dtg-rg, SizeGB=128, Sku=StandardSSD_LRS, Zone=3, HostCaching=None, DoubleEncryption=True, EncryptionType=EncryptionAtRestWithPlatformAndCustomerKeys, DES=<DryRun: /resourceGroups/hazr-t-dch-rg/providers/Microsoft.Compute/diskEncryptionSets/hazr-t-dch-des>
2026-05-22 10:54:46.892	[INFO] [DryRun] Create plan: VM=hazr-t-dtg-zkp02, Disk=t-dtg-zkp02-disk01, RG=hazr-t-dtg-rg, SizeGB=128, Sku=StandardSSD_LRS, Zone=3, HostCaching=None, DoubleEncryption=True, EncryptionType=EncryptionAtRestWithPlatformAndCustomerKeys, DES=<DryRun: /resourceGroups/hazr-t-dch-rg/providers/Microsoft.Compute/diskEncryptionSets/hazr-t-dch-des>
2026-05-22 10:54:46.973	[INFO] [DryRun] Create plan: VM=hazr-t-dtg-zkp01, Disk=t-dtg-zkp01-disk01, RG=hazr-t-dtg-rg, SizeGB=128, Sku=StandardSSD_LRS, Zone=3, HostCaching=None, DoubleEncryption=True, EncryptionType=EncryptionAtRestWithPlatformAndCustomerKeys, DES=<DryRun: /resourceGroups/hazr-t-dch-rg/providers/Microsoft.Compute/diskEncryptionSets/hazr-t-dch-des>
2026-05-22 10:54:47.050	[INFO] [DryRun] Create plan: VM=hazr-t-dtg-zkp01, Disk=t-dtg-zkp01-disk02, RG=hazr-t-dtg-rg, SizeGB=128, Sku=StandardSSD_LRS, Zone=3, HostCaching=None, DoubleEncryption=True, EncryptionType=EncryptionAtRestWithPlatformAndCustomerKeys, DES=<DryRun: /resourceGroups/hazr-t-dch-rg/providers/Microsoft.Compute/diskEncryptionSets/hazr-t-dch-des>
2026-05-22 10:54:47.138	[INFO] [DryRun] 리소스 그룹 생성 예정: hazr-t-dtg-rg (koreacentral)
hazr-t-dtg-rg, SizeGB=128, Sku=StandardSSD_LRS, Zone=3, HostCaching=None, DoubleEncryption=True, EncryptionType=EncryptionAtRestWithPlatformAndCustomerKeys, DES=<DryRun: /resourceGroups/hazr-t-dch-rg/providers/Microsoft.Compute/diskEncryptionSets/hazr-t-dch-des>
2026-05-22 10:54:47.242	[INFO] [DryRun] Create plan: VM=hazr-t-dtg-zkp03, Disk=t-dtg-zkp03-disk02, RG=hazr-t-dtg-rg, SizeGB=128, Sku=StandardSSD_LRS, Zone=3, HostCaching=None, DoubleEncryption=True, EncryptionType=EncryptionAtRestWithPlatformAndCustomerKeys, DES=<DryRun: /resourceGroups/hazr-t-dch-rg/providers/Microsoft.Compute/diskEncryptionSets/hazr-t-dch-des>
2026-05-22 10:54:47.320	[INFO] [DryRun] Create plan: VM=hazr-t-dtg-zkp02, Disk=t-dtg-zkp02-disk02, RG=hazr-t-dtg-rg, SizeGB=128, Sku=StandardSSD_LRS, Zone=3, HostCaching=None, DoubleEncryption=True, EncryptionType=EncryptionAtRestWithPlatformAndCustomerKeys, DES=<DryRun: /resourceGroups/hazr-t-dch-rg/providers/Microsoft.Compute/diskEncryptionSets/hazr-t-dch-des>
2026-05-22 10:54:47.332	[INFO] [DryRun] 리소스 그룹 생성 예정: hazr-t-dtg-rg (koreacentral)
2026-05-22 10:54:47.412	[INFO] [DryRun] 리소스 그룹 생성 예정: hazr-t-dtg-rg (koreacentral)
hazr-t-dtg-rg, SizeGB=128, Sku=StandardSSD_LRS, Zone=3, HostCaching=None, DoubleEncryption=True, EncryptionType=EncryptionAtRestWithPlatformAndCustomerKeys, DES=<DryRun: /resourceGroups/hazr-t-dch-rg/providers/Microsoft.Compute/diskEncryptionSets/hazr-t-dch-des>
2026-05-22 10:54:47.472	[INFO] [DryRun] Create plan: VM=hazr-t-dtg-kfk01, Disk=t-dtg-kfk01-disk02, RG=hazr-t-dtg-rg, SizeGB=128, Sku=StandardSSD_LRS, Zone=3, HostCaching=None, DoubleEncryption=True, EncryptionType=EncryptionAtRestWithPlatformAndCustomerKeys, DES=<DryRun: /resourceGroups/hazr-t-dch-rg/providers/Microsoft.Compute/diskEncryptionSets/hazr-t-dch-des>
2026-05-22 10:54:47.585	[INFO] [DryRun] 리소스 그룹 생성 예정: hazr-t-dtg-rg (koreacentral)
2026-05-22 10:54:47.559	[INFO] [DryRun] Create plan: VM=hazr-t-dtg-zkp03, Disk=t-dtg-zkp03-disk02, RG=hazr-t-dtg-rg, SizeGB=128, Sku=StandardSSD_LRS, Zone=3, HostCaching=None, DoubleEncryption=True, EncryptionType=EncryptionAtRestWithPlatformAndCustomerKeys, DES=<DryRun: /resourceGroups/hazr-t-dch-rg/providers/Microsoft.Compute/diskEncryptionSets/hazr-t-dch-des>
2026-05-22 10:54:47.665	[INFO] [DryRun] 리소스 그룹 생성 예정: hazr-t-dtg-rg (koreacentral)
hazr-t-dtg-rg, SizeGB=128, Sku=StandardSSD_LRS, Zone=3, HostCaching=None, DoubleEncryption=True, EncryptionType=EncryptionAtRestWithPlatformAndCustomerKeys, DES=<DryRun: /resourceGroups/hazr-t-dch-rg/providers/Microsoft.Compute/diskEncryptionSets/hazr-t-dch-des>
2026-05-22 10:54:47.732	[INFO] [DryRun] Create plan: VM=hazr-t-dtg-kfk02, Disk=t-dtg-kfk02-disk02, RG=hazr-t-dtg-rg, SizeGB=128, Sku=StandardSSD_LRS, Zone=3, HostCaching=None, DoubleEncryption=True, EncryptionType=EncryptionAtRestWithPlatformAndCustomerKeys, DES=<DryRun: /resourceGroups/hazr-t-dch-rg/providers/Microsoft.Compute/diskEncryptionSets/hazr-t-dch-des>
2026-05-22 10:54:47.820	[INFO] [DryRun] 리소스 그룹 생성 예정: hazr-t-dtg-rg (koreacentral)
2026-05-22 10:54:47.810	[INFO] [DryRun] Create plan: VM=hazr-t-dtg-kfk01, Disk=t-dtg-kfk01-disk02, RG=hazr-t-dtg-rg, SizeGB=128, Sku=StandardSSD_LRS, Zone=3, HostCaching=None, DoubleEncryption=True, EncryptionType=EncryptionAtRestWithPlatformAndCustomerKeys, DES=<DryRun: /resourceGroups/hazr-t-dch-rg/providers/Microsoft.Compute/diskEncryptionSets/hazr-t-dch-des>
2026-05-22 10:54:47.889	[INFO] [DryRun] 리소스 그룹 생성 예정: hazr-t-dtg-rg (koreacentral)
hazr-t-dtg-rg, SizeGB=128, Sku=StandardSSD_LRS, Zone=3, HostCaching=None, DoubleEncryption=True, EncryptionType=EncryptionAtRestWithPlatformAndCustomerKeys, DES=<DryRun: /resourceGroups/hazr-t-dch-rg/providers/Microsoft.Compute/diskEncryptionSets/hazr-t-dch-des>
2026-05-22 10:54:47.957	[INFO] [DryRun] Create plan: VM=hazr-t-dtg-kfk02, Disk=t-dtg-kfk02-disk01, RG=hazr-t-dtg-rg, SizeGB=128, Sku=StandardSSD_LRS, Zone=3, HostCaching=None, DoubleEncryption=True, EncryptionType=EncryptionAtRestWithPlatformAndCustomerKeys, DES=<DryRun: /resourceGroups/hazr-t-dch-rg/providers/Microsoft.Compute/diskEncryptionSets/hazr-t-dch-des>
2026-05-22 10:54:48.022	[INFO] [DryRun] Create plan: VM=hazr-t-dtg-kfk02, Disk=t-dtg-kfk02-disk02, RG=hazr-t-dtg-rg, SizeGB=128, Sku=StandardSSD_LRS, Zone=3, HostCaching=None, DoubleEncryption=True, EncryptionType=EncryptionAtRestWithPlatformAndCustomerKeys, DES=<DryRun: /resourceGroups/hazr-t-dch-rg/providers/Microsoft.Compute/diskEncryptionSets/hazr-t-dch-des>
2026-05-22 10:54:48.127	[INFO] [DryRun] Create plan: VM=hazr-t-dtg-mdoms01, Disk=t-dtg-mdoms01-disk01, RG=hazr-t-dtg-rg, SizeGB=128, Sku=StandardSSD_LRS, Zone=3, HostCaching=None, DoubleEncryption=True, EncryptionType=EncryptionAtRestWithPlatformAndCustomerKeys, DES=<DryRun: /resourceGroups/hazr-t-dch-rg/providers/Microsoft.Compute/diskEncryptionSets/hazr-t-dch-des>
2026-05-22 10:54:48.210	[INFO] [DryRun] Create plan: VM=hazr-t-dtg-kfk03, Disk=t-dtg-kfk03-disk01, RG=hazr-t-dtg-rg, SizeGB=128, Sku=StandardSSD_LRS, Zone=3, HostCaching=None, DoubleEncryption=True, EncryptionType=EncryptionAtRestWithPlatformAndCustomerKeys, DES=<DryRun: /resourceGroups/hazr-t-dch-rg/providers/Microsoft.Compute/diskEncryptionSets/hazr-t-dch-des>
s>
2026-05-22 10:54:48.305	[INFO] [DryRun] Create plan: VM=hazr-t-dtg-kfk03, Disk=t-dtg-kfk03-disk02, RG=hazr-t-dtg-rg, SizeGB=128, Sku=StandardSSD_LRS, Zone=3, HostCaching=None, DoubleEncryption=True, EncryptionType=EncryptionAtRestWithPlatformAndCustomerKeys, DES=<DryRun: /resourceGroups/hazr-t-dch-rg/providers/Microsoft.Compute/diskEncryptionSets/hazr-t-dch-des>
2026-05-22 10:54:48.309	[INFO] [DryRun] 리소스 그룹 생성 예정: hazr-t-dtg-rg (koreacentral)
2026-05-22 10:54:48.536	[INFO] [DryRun] Create plan: VM=hazr-t-dtg-cdmlap01, Disk=t-dtg-cdmlap01-disk01, RG=hazr-t-dtg-rg, SizeGB=128, Sku=StandardSSD_LRS, Zone=3, HostCaching=None, DoubleEncryption=True, EncryptionType=EncryptionAtRestWithPlatformAndCustomerKeys, DES=<DryRun: /resourceGroups/hazr-t-dch-rg/providers/Microsoft.Compute/diskEncryptionSets/hazr-t-dch-des>
2026-05-22 10:54:48.407	[INFO] [DryRun] 리소스 그룹 생성 예정: hazr-t-dtg-rg (koreacentral)
2026-05-22 10:54:48.603	[INFO] [DryRun] Create plan: VM=hazr-t-dtg-mdoms01, Disk=t-dtg-mdoms01-disk01, RG=hazr-t-dtg-rg, SizeGB=128, Sku=StandardSSD_LRS, Zone=3, HostCaching=None, DoubleEncryption=True, EncryptionType=EncryptionAtRestWithPlatformAndCustomerKeys, DES=<DryRun: /resourceGroups/hazr-t-dch-rg/providers/Microsoft.Compute/diskEncryptionSets/hazr-t-dch-des>

2026-05-22 10:54:48.656	[INFO] [DryRun] Create plan: VM=hazr-t-dtg-mdoms01, Disk=t-dtg-mdoms01-disk02, RG=hazr-t-dtg-rg, SizeGB=128, Sku=StandardSSD_LRS, Zone=3, HostCaching=None, DoubleEncryption=True, EncryptionType=EncryptionAtRestWithPlatformAndCustomerKeys, DES=<DryRun: /resourceGroups/hazr-t-dch-rg/providers/Microsoft.Compute/diskEncryptionSets/hazr-t-dch-des>
2026-05-22 10:54:48.727	[INFO] [DryRun] 리소스 그룹 생성 예정: hazr-t-dtg-rg (koreacentral)
1, RG=hazr-t-dtg-rg, SizeGB=128, Sku=StandardSSD_LRS, Zone=3, HostCaching=None, DoubleEncryption=True, EncryptionType=EncryptionAtRestWithPlatformAndCustomerKeys, DES=<DryRun: /resourceGroups/hazr-t-dch-rg/providers/Microsoft.Compute/diskEncryptionSets/hazr-t-dch-des>
2026-05-22 10:54:48.785	[INFO] [DryRun] Create plan: VM=hazr-t-dtg-cdstap01, Disk=t-dtg-cdstap01-disk02, RG=hazr-t-dtg-rg, SizeGB=128, Sku=StandardSSD_LRS, Zone=3, HostCaching=None, DoubleEncryption=True, EncryptionType=EncryptionAtRestWithPlatformAndCustomerKeys, DES=<DryRun: /resourceGroups/hazr-t-dch-rg/providers/Microsoft.Compute/diskEncryptionSets/hazr-t-dch-des>
2026-05-22 10:54:48.859	[INFO] [DryRun] Create plan: VM=hazr-t-dtg-cdmlap01, Disk=t-dtg-cdmlap01-disk02, RG=hazr-t-dtg-rg, SizeGB=128, Sku=StandardSSD_LRS, Zone=3, HostCaching=None, DoubleEncryption=True, EncryptionType=EncryptionAtRestWithPlatformAndCustomerKeys, DES=<DryRun: /resourceGroups/hazr-t-dch-rg/providers/Microsoft.Compute/diskEncryptionSets/hazr-t-dch-des>
2026-05-22 10:54:48.893	[INFO] [DryRun] 리소스 그룹 생성 예정: hazr-t-dtg-rg (koreacentral)
k01, RG=hazr-t-dtg-rg, SizeGB=128, Sku=StandardSSD_LRS, Zone=3, HostCaching=None, DoubleEncryption=True, EncryptionType=EncryptionAtRestWithPlatformAndCustomerKeys, DES=<DryRun: /resourceGroups/hazr-t-dch-rg/providers/Microsoft.Compute/diskEncryptionSets/hazr-t-dch-des>
2026-05-22 10:54:48.906	[INFO] [DryRun] Create plan: VM=hazr-t-dtg-cdsvadm01, Disk=t-dtg-cdsvadm01-disk02, RG=hazr-t-dtg-rg, SizeGB=128, Sku=StandardSSD_LRS, Zone=3, HostCaching=None, DoubleEncryption=True, EncryptionType=EncryptionAtRestWithPlatformAndCustomerKeys, DES=<DryRun: /resourceGroups/hazr-t-dch-rg/providers/Microsoft.Compute/diskEncryptionSets/hazr-t-dch-des>
2026-05-22 10:54:48.928	[INFO] [DryRun] Create plan: VM=hazr-t-dtg-cdstap01, Disk=t-dtg-cdstap01-disk02, RG=hazr-t-dtg-rg, SizeGB=128, Sku=StandardSSD_LRS, Zone=3, HostCaching=None, DoubleEncryption=True, EncryptionType=EncryptionAtRestWithPlatformAndCustomerKeys, DES=<DryRun: /resourceGroups/hazr-t-dch-rg/providers/Microsoft.Compute/diskEncryptionSets/hazr-t-dch-des>
2026-05-22 10:54:48.936	[INFO] [DryRun] 리소스 그룹 생성 예정: hazr-t-dtg-rg (koreacentral)
2026-05-22 10:54:48.975	[INFO] [DryRun] Create plan: VM=hazr-t-dtg-diosap01, Disk=t-dtg-diosap01-disk01, RG=hazr-t-dtg-rg, SizeGB=128, Sku=StandardSSD_LRS, Zone=3, HostCaching=None, DoubleEncryption=True, EncryptionType=EncryptionAtRestWithPlatformAndCustomerKeys, DES=<DryRun: /resourceGroups/hazr-t-dch-rg/providers/Microsoft.Compute/diskEncryptionSets/hazr-t-dch-des>
2026-05-22 10:54:48.975	[INFO] [DryRun] Create plan: VM=hazr-t-dtg-cdsvadm01, Disk=t-dtg-cdsvadm01-disk01, RG=hazr-t-dtg-rg, SizeGB=128, Sku=StandardSSD_LRS, Zone=3, HostCaching=None, DoubleEncryption=True, EncryptionType=EncryptionAtRestWithPlatformAndCustomerKeys, DES=<DryRun: /resourceGroups/hazr-t-dch-rg/providers/Microsoft.Compute/diskEncryptionSets/hazr-t-dch-des>
2026-05-22 10:54:48.997	[INFO] [DryRun] Create plan: VM=hazr-t-dtg-diosap01, Disk=t-dtg-diosap01-disk02, RG=hazr-t-dtg-rg, SizeGB=128, Sku=StandardSSD_LRS, Zone=3, HostCaching=None, DoubleEncryption=True, EncryptionType=EncryptionAtRestWithPlatformAndCustomerKeys, DES=<DryRun: /resourceGroups/hazr-t-dch-rg/providers/Microsoft.Compute/diskEncryptionSets/hazr-t-dch-des>

2026-05-22 10:54:49.028	[INFO] [DryRun] 리소스 그룹 생성 예정: hazr-t-dtg-rg (koreacentral)
2026-05-22 10:54:49.051	[INFO] [DryRun] Create plan: VM=hazr-t-dtg-diosweb01, Disk=t-dtg-diosweb01-disk01, RG=hazr-t-dtg-rg, SizeGB=128, Sku=StandardSSD_LRS, Zone=3, HostCaching=None, DoubleEncryption=True, EncryptionType=EncryptionAtRestWithPlatformAndCustomerKeys, DES=<DryRun: /resourceGroups/hazr-t-dch-rg/providers/Microsoft.Compute/diskEncryptionSets/hazr-t-dch-des>
2026-05-22 10:54:49.074	[INFO] [DryRun] Create plan: VM=hazr-t-dtg-diosap01, Disk=t-dtg-diosap01-disk02, RG=hazr-t-dtg-rg, SizeGB=128, Sku=StandardSSD_LRS, Zone=3, HostCaching=None, DoubleEncryption=True, EncryptionType=EncryptionAtRestWithPlatformAndCustomerKeys, DES=<DryRun: /resourceGroups/hazr-t-dch-rg/providers/Microsoft.Compute/diskEncryptionSets/hazr-t-dch-des>

2026-05-22 10:54:49.109	[INFO] [DryRun] 리소스 그룹 생성 예정: hazr-t-dtg-rg (koreacentral)
2026-05-22 10:54:49.130	[INFO] [DryRun] Create plan: VM=hazr-t-dtg-diosweb01, Disk=t-dtg-diosweb01-disk01, RG=hazr-t-dtg-rg, SizeGB=128, Sku=StandardSSD_LRS, Zone=3, HostCaching=None, DoubleEncryption=True, EncryptionType=EncryptionAtRestWithPlatformAndCustomerKeys, DES=<DryRun: /resourceGroups/hazr-t-dch-rg/providers/Microsoft.Compute/diskEncryptionSets/hazr-t-dch-des>
2026-05-22 10:54:49.154	[INFO] [DryRun] Create plan: VM=hazr-t-dtg-diosweb01, Disk=t-dtg-diosweb01-disk02, RG=hazr-t-dtg-rg, SizeGB=128, Sku=StandardSSD_LRS, Zone=3, HostCaching=None, DoubleEncryption=True, EncryptionType=EncryptionAtRestWithPlatformAndCustomerKeys, DES=<DryRun: /resourceGroups/hazr-t-dch-rg/providers/Microsoft.Compute/diskEncryptionSets/hazr-t-dch-des>
2026-05-22 10:54:49.186	[INFO] [DryRun] 리소스 그룹 생성 예정: hazr-t-dtg-rg (koreacentral)
2026-05-22 10:54:49.201	[INFO] [DryRun] Create plan: VM=hazr-t-dtg-dprap01, Disk=t-dtg-dprap01-disk01, RG=hazr-t-dtg-rg, SizeGB=128, Sku=StandardSSD_LRS, Zone=3, HostCaching=None, DoubleEncryption=True, EncryptionType=EncryptionAtRestWithPlatformAndCustomerKeys, DES=<DryRun: /resourceGroups/hazr-t-dch-rg/providers/Microsoft.Compute/diskEncryptionSets/hazr-t-dch-des>

2026-05-22 10:54:49.218	[INFO] [DryRun] Create plan: VM=hazr-t-dtg-dprweb01, Disk=t-dtg-dprweb01-disk02, RG=hazr-t-dtg-rg, SizeGB=128, Sku=StandardSSD_LRS, Zone=3, HostCaching=None, DoubleEncryption=True, EncryptionType=EncryptionAtRestWithPlatformAndCustomerKeys, DES=<DryRun: /resourceGroups/hazr-t-dch-rg/providers/Microsoft.Compute/diskEncryptionSets/hazr-t-dch-des>
2026-05-22 10:54:49.249	[INFO] [DryRun] 리소스 그룹 생성 예정: hazr-t-dtg-rg (koreacentral)
2026-05-22 10:54:49.271	[INFO] [DryRun] Create plan: VM=hazr-t-dtg-dprap01, Disk=t-dtg-dprap01-disk01, RG=hazr-t-dtg-rg, SizeGB=128, Sku=StandardSSD_LRS, Zone=3, HostCaching=None, DoubleEncryption=True, EncryptionType=EncryptionAtRestWithPlatformAndCustomerKeys, DES=<DryRun: /resourceGroups/hazr-t-dch-rg/providers/Microsoft.Compute/diskEncryptionSets/hazr-t-dch-des>
2026-05-22 10:54:49.293	[INFO] [DryRun] Create plan: VM=hazr-t-bdp-airfw01, Disk=t-bdp-airfw01-disk02, RG=hazr-t-bdp-rg, SizeGB=128, Sku=StandardSSD_LRS, Zone=3, HostCaching=None, DoubleEncryption=True, EncryptionType=EncryptionAtRestWithPlatformAndCustomerKeys, DES=<DryRun: /resourceGroups/hazr-t-dch-rg/providers/Microsoft.Compute/diskEncryptionSets/hazr-t-dch-des>
2026-05-22 10:54:49.292	[INFO] [DryRun] Create plan: VM=hazr-t-dtg-dprap01, Disk=t-dtg-dprap01-disk02, RG=hazr-t-dtg-rg, SizeGB=128, Sku=StandardSSD_LRS, Zone=3, HostCaching=None, DoubleEncryption=True, EncryptionType=EncryptionAtRestWithPlatformAndCustomerKeys, DES=<DryRun: /resourceGroups/hazr-t-dch-rg/providers/Microsoft.Compute/diskEncryptionSets/hazr-t-dch-des>
2026-05-22 10:54:49.323	[INFO] [DryRun] 리소스 그룹 생성 예정: hazr-t-bdp-rg (koreacentral)
2026-05-22 10:54:49.341	[INFO] [DryRun] Create plan: VM=hazr-t-bdp-kepler01, Disk=t-bdp-kepler01-disk01, RG=hazr-t-bdp-rg, SizeGB=128, Sku=StandardSSD_LRS, Zone=3, HostCaching=None, DoubleEncryption=True, EncryptionType=EncryptionAtRestWithPlatformAndCustomerKeys, DES=<DryRun: /resourceGroups/hazr-t-dch-rg/providers/Microsoft.Compute/diskEncryptionSets/hazr-t-dch-des>
2026-05-22 10:54:49.363	[INFO] [DryRun] Create plan: VM=hazr-t-bdp-kepler01, Disk=t-bdp-kepler01-disk02, RG=hazr-t-bdp-rg, SizeGB=128, Sku=StandardSSD_LRS, Zone=3, HostCaching=None, DoubleEncryption=True, EncryptionType=EncryptionAtRestWithPlatformAndCustomerKeys, DES=<DryRun: /resourceGroups/hazr-t-dch-rg/providers/Microsoft.Compute/diskEncryptionSets/hazr-t-dch-des>
2026-05-22 10:54:49.398	[INFO] [DryRun] 리소스 그룹 생성 예정: hazr-t-bdp-rg (koreacentral)
2026-05-22 10:54:49.419	[INFO] [DryRun] Create plan: VM=hazr-t-bdp-cxmadm01, Disk=t-bdp-cxmadm01-disk01, RG=hazr-t-bdp-rg, SizeGB=128, Sku=StandardSSD_LRS, Zone=3, HostCaching=None, DoubleEncryption=True, EncryptionType=EncryptionAtRestWithPlatformAndCustomerKeys, DES=<DryRun: /resourceGroups/hazr-t-dch-rg/providers/Microsoft.Compute/diskEncryptionSets/hazr-t-dch-des>
2026-05-22 10:54:49.446	[INFO] [DryRun] Create plan: VM=hazr-t-bdp-kepler01, Disk=t-bdp-kepler01-disk02, RG=hazr-t-bdp-rg, SizeGB=128, Sku=StandardSSD_LRS, Zone=3, HostCaching=None, DoubleEncryption=True, EncryptionType=EncryptionAtRestWithPlatformAndCustomerKeys, DES=<DryRun: /resourceGroups/hazr-t-dch-rg/providers/Microsoft.Compute/diskEncryptionSets/hazr-t-dch-des>
2026-05-22 10:54:49.479	[INFO] [DryRun] 리소스 그룹 생성 예정: hazr-t-bdp-rg (koreacentral)
2026-05-22 10:54:49.507	[INFO] [DryRun] Create plan: VM=hazr-t-bdp-cxmadm01, Disk=t-bdp-cxmadm01-disk01, RG=hazr-t-bdp-rg, SizeGB=128, Sku=StandardSSD_LRS, Zone=3, HostCaching=None, DoubleEncryption=True, EncryptionType=EncryptionAtRestWithPlatformAndCustomerKeys, DES=<DryRun: /resourceGroups/hazr-t-dch-rg/providers/Microsoft.Compute/diskEncryptionSets/hazr-t-dch-des>
2026-05-22 10:54:49.544	[INFO] [DryRun] Create plan: VM=hazr-t-bdp-slap01, Disk=t-bdp-slap01-disk02, RG=hazr-t-bdp-rg, SizeGB=128, Sku=StandardSSD_LRS, Zone=3, HostCaching=None, DoubleEncryption=True, EncryptionType=EncryptionAtRestWithPlatformAndCustomerKeys, DES=<DryRun: /resourceGroups/hazr-t-dch-rg/providers/Microsoft.Compute/diskEncryptionSets/hazr-t-dch-des>
s>
2026-05-22 10:54:49.592	[INFO] [DryRun] 리소스 그룹 생성 예정: hazr-t-bdp-rg (koreacentral)
2026-05-22 10:54:49.628	[INFO] [DryRun] Create plan: VM=hazr-t-bdp-slap01, Disk=t-bdp-slap01-disk01, RG=hazr-t-bdp-rg, SizeGB=128, Sku=StandardSSD_LRS, Zone=3, HostCaching=None, DoubleEncryption=True, EncryptionType=EncryptionAtRestWithPlatformAndCustomerKeys, DES=<DryRun: /resourceGroups/hazr-t-dch-rg/providers/Microsoft.Compute/diskEncryptionSets/hazr-t-dch-des>
2026-05-22 10:54:49.653	[INFO] [DryRun] Create plan: VM=hazr-t-bdp-slap01, Disk=t-bdp-slap01-disk02, RG=hazr-t-bdp-rg, SizeGB=128, Sku=StandardSSD_LRS, Zone=3, HostCaching=None, DoubleEncryption=True, EncryptionType=EncryptionAtRestWithPlatformAndCustomerKeys, DES=<DryRun: /resourceGroups/hazr-t-dch-rg/providers/Microsoft.Compute/diskEncryptionSets/hazr-t-dch-des>
2026-05-22 10:54:49.708	[INFO] [DryRun] 리소스 그룹 생성 예정: hazr-t-dip-rg (koreacentral)
2026-05-22 10:54:49.708	[INFO] [DryRun] 리소스 그룹 생성 예정: hazr-t-dip-rg (koreacentral)
2026-05-22 10:54:49.768	[INFO] [DryRun] Create plan: VM=hazr-t-dip-ap01, Disk=t-dip-ap01-disk01, RG=hazr-t-dip-rg, SizeGB=128, Sku=StandardSSD_LRS, Zone=3, HostCaching=None, DoubleEncryption=True, EncryptionType=EncryptionAtRestWithPlatformAndCustomerKeys, DES=<DryRun: /resourceGroups/hazr-t-dch-rg/providers/Microsoft.Compute/diskEncryptionSets/hazr-t-dch-des>

2026-05-22 10:54:49.820	[INFO] [DryRun] Create plan: VM=hazr-t-dip-adm01, Disk=t-dip-adm01-disk02, RG=hazr-t-dip-rg, SizeGB=128, Sku=StandardSSD_LRS, Zone=3, HostCaching=None, DoubleEncryption=True, EncryptionType=EncryptionAtRestWithPlatformAndCustomerKeys, DES=<DryRun: /resourceGroups/hazr-t-dch-rg/providers/Microsoft.Compute/diskEncryptionSets/hazr-t-dch-des>
2026-05-22 10:54:49.821	[INFO] [DryRun] Create plan: VM=hazr-t-dip-ap01, Disk=t-dip-ap01-disk02, RG=hazr-t-dip-rg, SizeGB=128, Sku=StandardSSD_LRS, Zone=3, HostCaching=None, DoubleEncryption=True, EncryptionType=EncryptionAtRestWithPlatformAndCustomerKeys, DES=<DryRun: /resourceGroups/hazr-t-dch-rg/providers/Microsoft.Compute/diskEncryptionSets/hazr-t-dch-des>
2026-05-22 10:54:49.888	[INFO] [DryRun] 리소스 그룹 생성 예정: hazr-t-dip-rg (koreacentral)
2026-05-22 10:54:49.889	[INFO] [DryRun] 리소스 그룹 생성 예정: hazr-t-dip-rg (koreacentral)
2026-05-22 10:54:49.935	[INFO] [DryRun] Create plan: VM=hazr-t-dip-ap01, Disk=t-dip-ap01-disk01, RG=hazr-t-dip-rg, SizeGB=128, Sku=StandardSSD_LRS, Zone=3, HostCaching=None, DoubleEncryption=True, EncryptionType=EncryptionAtRestWithPlatformAndCustomerKeys, DES=<DryRun: /resourceGroups/hazr-t-dch-rg/providers/Microsoft.Compute/diskEncryptionSets/hazr-t-dch-des>

2026-05-22 10:54:49.983	[INFO] [DryRun] Create plan: VM=hazr-t-dip-ap01, Disk=t-dip-ap01-disk02, RG=hazr-t-dip-rg, SizeGB=128, Sku=StandardSSD_LRS, Zone=3, HostCaching=None, DoubleEncryption=True, EncryptionType=EncryptionAtRestWithPlatformAndCustomerKeys, DES=<DryRun: /resourceGroups/hazr-t-dch-rg/providers/Microsoft.Compute/diskEncryptionSets/hazr-t-dch-des>

2026-05-22 10:54:50.049	[INFO] [DryRun] 리소스 그룹 생성 예정: hazr-t-dip-rg (koreacentral)
2026-05-22 10:54:50.084	[INFO] [DryRun] Create plan: VM=hazr-t-dip-flk01, Disk=t-dip-flk01-disk01, RG=hazr-t-dip-rg, SizeGB=128, Sku=StandardSSD_LRS, Zone=3, HostCaching=None, DoubleEncryption=True, EncryptionType=EncryptionAtRestWithPlatformAndCustomerKeys, DES=<DryRun: /resourceGroups/hazr-t-dch-rg/providers/Microsoft.Compute/diskEncryptionSets/hazr-t-dch-des>
2026-05-22 10:54:50.141	[INFO] [DryRun] Create plan: VM=hazr-t-dip-flk01, Disk=t-dip-flk01-disk02, RG=hazr-t-dip-rg, SizeGB=128, Sku=StandardSSD_LRS, Zone=3, HostCaching=None, DoubleEncryption=True, EncryptionType=EncryptionAtRestWithPlatformAndCustomerKeys, DES=<DryRun: /resourceGroups/hazr-t-dch-rg/providers/Microsoft.Compute/diskEncryptionSets/hazr-t-dch-des>
2026-05-22 10:54:50.141	[INFO] [DryRun] Create plan: VM=hazr-t-dip-flk02, Disk=t-dip-flk02-disk02, RG=hazr-t-dip-rg, SizeGB=128, Sku=StandardSSD_LRS, Zone=3, HostCaching=None, DoubleEncryption=True, EncryptionType=EncryptionAtRestWithPlatformAndCustomerKeys, DES=<DryRun: /resourceGroups/hazr-t-dch-rg/providers/Microsoft.Compute/diskEncryptionSets/hazr-t-dch-des>
2026-05-22 10:54:50.265	[INFO] [DryRun] 리소스 그룹 생성 예정: hazr-t-dip-rg (koreacentral)
2026-05-22 10:54:50.306	[INFO] [DryRun] Create plan: VM=hazr-t-dip-flk02, Disk=t-dip-flk02-disk01, RG=hazr-t-dip-rg, SizeGB=128, Sku=StandardSSD_LRS, Zone=3, HostCaching=None, DoubleEncryption=True, EncryptionType=EncryptionAtRestWithPlatformAndCustomerKeys, DES=<DryRun: /resourceGroups/hazr-t-dch-rg/providers/Microsoft.Compute/diskEncryptionSets/hazr-t-dch-des>
2026-05-22 10:54:50.346	[INFO] [DryRun] Create plan: VM=hazr-t-dip-flk02, Disk=t-dip-flk02-disk02, RG=hazr-t-dip-rg, SizeGB=128, Sku=StandardSSD_LRS, Zone=3, HostCaching=None, DoubleEncryption=True, EncryptionType=EncryptionAtRestWithPlatformAndCustomerKeys, DES=<DryRun: /resourceGroups/hazr-t-dch-rg/providers/Microsoft.Compute/diskEncryptionSets/hazr-t-dch-des>
2026-05-22 10:54:50.389	[INFO] [DryRun] 리소스 그룹 생성 예정: hazr-t-dip-rg (koreacentral)
2026-05-22 10:54:50.422	[INFO] [DryRun] Create plan: VM=hazr-t-dip-flk03, Disk=t-dip-flk03-disk01, RG=hazr-t-dip-rg, SizeGB=128, Sku=StandardSSD_LRS, Zone=3, HostCaching=None, DoubleEncryption=True, EncryptionType=EncryptionAtRestWithPlatformAndCustomerKeys, DES=<DryRun: /resourceGroups/hazr-t-dch-rg/providers/Microsoft.Compute/diskEncryptionSets/hazr-t-dch-des>
s>
2026-05-22 10:54:50.457	[INFO] [DryRun] Create plan: VM=hazr-t-dip-geoap01, Disk=t-dip-geoap01-disk02, RG=hazr-t-dip-rg, SizeGB=128, Sku=StandardSSD_LRS, Zone=3, HostCaching=None, DoubleEncryption=True, EncryptionType=EncryptionAtRestWithPlatformAndCustomerKeys, DES=<DryRun: /resourceGroups/hazr-t-dch-rg/providers/Microsoft.Compute/diskEncryptionSets/hazr-t-dch-des>
2026-05-22 10:54:50.502	[INFO] [DryRun] 리소스 그룹 생성 예정: hazr-t-dip-rg (koreacentral)
2026-05-22 10:54:50.503	[INFO] [DryRun] 리소스 그룹 생성 예정: hazr-t-dip-rg (koreacentral)
2026-05-22 10:54:50.538	[INFO] [DryRun] Create plan: VM=hazr-t-dip-geoap01, Disk=t-dip-geoap01-disk01, RG=hazr-t-dip-rg, SizeGB=128, Sku=StandardSSD_LRS, Zone=3, HostCaching=None, DoubleEncryption=True, EncryptionType=EncryptionAtRestWithPlatformAndCustomerKeys, DES=<DryRun: /resourceGroups/hazr-t-dch-rg/providers/Microsoft.Compute/diskEncryptionSets/hazr-t-dch-des>
2026-05-22 10:54:50.539	[INFO] [DryRun] Create plan: VM=hazr-t-dip-kfk01, Disk=t-dip-kfk01-disk01, RG=hazr-t-dip-rg, SizeGB=128, Sku=StandardSSD_LRS, Zone=3, HostCaching=None, DoubleEncryption=True, EncryptionType=EncryptionAtRestWithPlatformAndCustomerKeys, DES=<DryRun: /resourceGroups/hazr-t-dch-rg/providers/Microsoft.Compute/diskEncryptionSets/hazr-t-dch-des>
2026-05-22 10:54:50.574	[INFO] [DryRun] Create plan: VM=hazr-t-dip-kfk01, Disk=t-dip-kfk01-disk02, RG=hazr-t-dip-rg, SizeGB=128, Sku=StandardSSD_LRS, Zone=3, HostCaching=None, DoubleEncryption=True, EncryptionType=EncryptionAtRestWithPlatformAndCustomerKeys, DES=<DryRun: /resourceGroups/hazr-t-dch-rg/providers/Microsoft.Compute/diskEncryptionSets/hazr-t-dch-des>
s>
2026-05-22 10:54:50.624	[INFO] [DryRun] 리소스 그룹 생성 예정: hazr-t-dip-rg (koreacentral)
2026-05-22 10:54:50.628	[INFO] [DryRun] 리소스 그룹 생성 예정: hazr-t-dip-rg (koreacentral)
2026-05-22 10:54:50.666	[INFO] [DryRun] Create plan: VM=hazr-t-dip-kfk02, Disk=t-dip-kfk02-disk01, RG=hazr-t-dip-rg, SizeGB=128, Sku=StandardSSD_LRS, Zone=3, HostCaching=None, DoubleEncryption=True, EncryptionType=EncryptionAtRestWithPlatformAndCustomerKeys, DES=<DryRun: /resourceGroups/hazr-t-dch-rg/providers/Microsoft.Compute/diskEncryptionSets/hazr-t-dch-des>
2026-05-22 10:54:50.716	[INFO] [DryRun] Create plan: VM=hazr-t-dip-kfk02, Disk=t-dip-kfk02-disk02, RG=hazr-t-dip-rg, SizeGB=128, Sku=StandardSSD_LRS, Zone=3, HostCaching=None, DoubleEncryption=True, EncryptionType=EncryptionAtRestWithPlatformAndCustomerKeys, DES=<DryRun: /resourceGroups/hazr-t-dch-rg/providers/Microsoft.Compute/diskEncryptionSets/hazr-t-dch-des>
2026-05-22 10:54:50.764	[INFO] [DryRun] 리소스 그룹 생성 예정: hazr-t-dip-rg (koreacentral)
2026-05-22 10:54:50.802	[INFO] [DryRun] Create plan: VM=hazr-t-dip-kfk02, Disk=t-dip-kfk02-disk01, RG=hazr-t-dip-rg, SizeGB=128, Sku=StandardSSD_LRS, Zone=3, HostCaching=None, DoubleEncryption=True, EncryptionType=EncryptionAtRestWithPlatformAndCustomerKeys, DES=<DryRun: /resourceGroups/hazr-t-dch-rg/providers/Microsoft.Compute/diskEncryptionSets/hazr-t-dch-des>
2026-05-22 10:54:50.838	[INFO] [DryRun] Create plan: VM=hazr-t-dip-kfk02, Disk=t-dip-kfk02-disk02, RG=hazr-t-dip-rg, SizeGB=128, Sku=StandardSSD_LRS, Zone=3, HostCaching=None, DoubleEncryption=True, EncryptionType=EncryptionAtRestWithPlatformAndCustomerKeys, DES=<DryRun: /resourceGroups/hazr-t-dch-rg/providers/Microsoft.Compute/diskEncryptionSets/hazr-t-dch-des>
2026-05-22 10:54:50.837	[INFO] [DryRun] Create plan: VM=hazr-t-dip-kfk03, Disk=t-dip-kfk03-disk02, RG=hazr-t-dip-rg, SizeGB=128, Sku=StandardSSD_LRS, Zone=3, HostCaching=None, DoubleEncryption=True, EncryptionType=EncryptionAtRestWithPlatformAndCustomerKeys, DES=<DryRun: /resourceGroups/hazr-t-dch-rg/providers/Microsoft.Compute/diskEncryptionSets/hazr-t-dch-des>
2026-05-22 10:54:50.888	[INFO] [DryRun] 리소스 그룹 생성 예정: hazr-t-dip-rg (koreacentral)
2026-05-22 10:54:50.921	[INFO] [DryRun] Create plan: VM=hazr-t-dip-kfk03, Disk=t-dip-kfk03-disk01, RG=hazr-t-dip-rg, SizeGB=128, Sku=StandardSSD_LRS, Zone=3, HostCaching=None, DoubleEncryption=True, EncryptionType=EncryptionAtRestWithPlatformAndCustomerKeys, DES=<DryRun: /resourceGroups/hazr-t-dch-rg/providers/Microsoft.Compute/diskEncryptionSets/hazr-t-dch-des>

2026-05-22 10:54:50.953	[INFO] [DryRun] Create plan: VM=hazr-t-dip-mqap01, Disk=t-dip-mqap01-disk02, RG=hazr-t-dip-rg, SizeGB=128, Sku=StandardSSD_LRS, Zone=3, HostCaching=None, DoubleEncryption=True, EncryptionType=EncryptionAtRestWithPlatformAndCustomerKeys, DES=<DryRun: /resourceGroups/hazr-t-dch-rg/providers/Microsoft.Compute/diskEncryptionSets/hazr-t-dch-des>
2026-05-22 10:54:51.003	[INFO] [DryRun] 리소스 그룹 생성 예정: hazr-t-dip-rg (koreacentral)
2026-05-22 10:54:51.041	[INFO] [DryRun] Create plan: VM=hazr-t-dip-mqap01, Disk=t-dip-mqap01-disk01, RG=hazr-t-dip-rg, SizeGB=128, Sku=StandardSSD_LRS, Zone=3, HostCaching=None, DoubleEncryption=True, EncryptionType=EncryptionAtRestWithPlatformAndCustomerKeys, DES=<DryRun: /resourceGroups/hazr-t-dch-rg/providers/Microsoft.Compute/diskEncryptionSets/hazr-t-dch-des>

2026-05-22 10:54:51.090	[INFO] [DryRun] Create plan: VM=hazr-t-dip-mqweb01, Disk=t-dip-mqweb01-disk02, RG=hazr-t-dip-rg, SizeGB=128, Sku=StandardSSD_LRS, Zone=3, HostCaching=None, DoubleEncryption=True, EncryptionType=EncryptionAtRestWithPlatformAndCustomerKeys, DES=<DryRun: /resourceGroups/hazr-t-dch-rg/providers/Microsoft.Compute/diskEncryptionSets/hazr-t-dch-des>
2026-05-22 10:54:51.133	[INFO] [DryRun] 리소스 그룹 생성 예정: hazr-t-dip-rg (koreacentral)
2026-05-22 10:54:51.159	[INFO] [DryRun] Create plan: VM=hazr-t-dip-oms01, Disk=t-dip-oms01-disk01, RG=hazr-t-dip-rg, SizeGB=128, Sku=StandardSSD_LRS, Zone=3, HostCaching=None, DoubleEncryption=True, EncryptionType=EncryptionAtRestWithPlatformAndCustomerKeys, DES=<DryRun: /resourceGroups/hazr-t-dch-rg/providers/Microsoft.Compute/diskEncryptionSets/hazr-t-dch-des>
2026-05-22 10:54:51.161	[INFO] [DryRun] Create plan: VM=hazr-t-dip-mqweb01, Disk=t-dip-mqweb01-disk01, RG=hazr-t-dip-rg, SizeGB=128, Sku=StandardSSD_LRS, Zone=3, HostCaching=None, DoubleEncryption=True, EncryptionType=EncryptionAtRestWithPlatformAndCustomerKeys, DES=<DryRun: /resourceGroups/hazr-t-dch-rg/providers/Microsoft.Compute/diskEncryptionSets/hazr-t-dch-des>
2026-05-22 10:54:51.196	[INFO] [DryRun] Create plan: VM=hazr-t-dip-mqweb01, Disk=t-dip-mqweb01-disk02, RG=hazr-t-dip-rg, SizeGB=128, Sku=StandardSSD_LRS, Zone=3, HostCaching=None, DoubleEncryption=True, EncryptionType=EncryptionAtRestWithPlatformAndCustomerKeys, DES=<DryRun: /resourceGroups/hazr-t-dch-rg/providers/Microsoft.Compute/diskEncryptionSets/hazr-t-dch-des>
2026-05-22 10:54:51.245	[INFO] [DryRun] 리소스 그룹 생성 예정: hazr-t-dip-rg (koreacentral)
2026-05-22 10:54:51.271	[INFO] [DryRun] Create plan: VM=hazr-t-dip-web01, Disk=t-dip-web01-disk01, RG=hazr-t-dip-rg, SizeGB=128, Sku=StandardSSD_LRS, Zone=3, HostCaching=None, DoubleEncryption=True, EncryptionType=EncryptionAtRestWithPlatformAndCustomerKeys, DES=<DryRun: /resourceGroups/hazr-t-dch-rg/providers/Microsoft.Compute/diskEncryptionSets/hazr-t-dch-des>
2026-05-22 10:54:51.297	[INFO] [DryRun] Create plan: VM=hazr-t-dip-web01, Disk=t-dip-web01-disk02, RG=hazr-t-dip-rg, SizeGB=128, Sku=StandardSSD_LRS, Zone=3, HostCaching=None, DoubleEncryption=True, EncryptionType=EncryptionAtRestWithPlatformAndCustomerKeys, DES=<DryRun: /resourceGroups/hazr-t-dch-rg/providers/Microsoft.Compute/diskEncryptionSets/hazr-t-dch-des>
2026-05-22 10:54:51.330	[INFO] [DryRun] 리소스 그룹 생성 예정: hazr-t-com-rg (koreacentral)
2026-05-22 10:54:51.351	[INFO] [DryRun] Create plan: VM=hazr-t-com-auth01, Disk=t-com-auth01-disk01, RG=hazr-t-com-rg, SizeGB=128, Sku=StandardSSD_LRS, Zone=3, HostCaching=None, DoubleEncryption=True, EncryptionType=EncryptionAtRestWithPlatformAndCustomerKeys, DES=<DryRun: /resourceGroups/hazr-t-dch-rg/providers/Microsoft.Compute/diskEncryptionSets/hazr-t-dch-des>
2026-05-22 10:54:51.369	[INFO] [DryRun] Create plan: VM=hazr-t-dip-web01, Disk=t-dip-web01-disk02, RG=hazr-t-dip-rg, SizeGB=128, Sku=StandardSSD_LRS, Zone=3, HostCaching=None, DoubleEncryption=True, EncryptionType=EncryptionAtRestWithPlatformAndCustomerKeys, DES=<DryRun: /resourceGroups/hazr-t-dch-rg/providers/Microsoft.Compute/diskEncryptionSets/hazr-t-dch-des>

2026-05-22 10:54:51.399	[INFO] [DryRun] 리소스 그룹 생성 예정: hazr-t-com-rg (koreacentral)
2026-05-22 10:54:51.400	[INFO] [DryRun] 리소스 그룹 생성 예정: hazr-t-com-rg (koreacentral)
2026-05-22 10:54:51.428	[INFO] [DryRun] Create plan: VM=hazr-t-com-auth01, Disk=t-com-auth01-disk01, RG=hazr-t-com-rg, SizeGB=128, Sku=StandardSSD_LRS, Zone=3, HostCaching=None, DoubleEncryption=True, EncryptionType=EncryptionAtRestWithPlatformAndCustomerKeys, DES=<DryRun: /resourceGroups/hazr-t-dch-rg/providers/Microsoft.Compute/diskEncryptionSets/hazr-t-dch-des>
2026-05-22 10:54:51.517	[INFO] [DryRun] Create plan: VM=hazr-t-com-auth01, Disk=t-com-auth01-disk02, RG=hazr-t-com-rg, SizeGB=128, Sku=StandardSSD_LRS, Zone=3, HostCaching=None, DoubleEncryption=True, EncryptionType=EncryptionAtRestWithPlatformAndCustomerKeys, DES=<DryRun: /resourceGroups/hazr-t-dch-rg/providers/Microsoft.Compute/diskEncryptionSets/hazr-t-dch-des>
2026-05-22 10:54:51.465	[INFO] [DryRun] Create plan: VM=hazr-t-com-proxy01, Disk=t-com-proxy01-disk01, RG=hazr-t-com-rg, SizeGB=128, Sku=StandardSSD_LRS, Zone=3, HostCaching=None, DoubleEncryption=True, EncryptionType=EncryptionAtRestWithPlatformAndCustomerKeys, DES=<DryRun: /resourceGroups/hazr-t-dch-rg/providers/Microsoft.Compute/diskEncryptionSets/hazr-t-dch-des>
2026-05-22 10:54:51.547	[INFO] [DryRun] 리소스 그룹 생성 예정: hazr-t-com-rg (koreacentral)
2026-05-22 10:54:51.538	[INFO] [DryRun] Create plan: VM=hazr-t-com-proxy01, Disk=t-com-proxy01-disk02, RG=hazr-t-com-rg, SizeGB=128, Sku=StandardSSD_LRS, Zone=3, HostCaching=None, DoubleEncryption=True, EncryptionType=EncryptionAtRestWithPlatformAndCustomerKeys, DES=<DryRun: /resourceGroups/hazr-t-dch-rg/providers/Microsoft.Compute/diskEncryptionSets/hazr-t-dch-des>
2026-05-22 10:54:51.569	[INFO] [DryRun] 리소스 그룹 생성 예정: hazr-t-if-rg (koreacentral)
, RG=hazr-t-com-rg, SizeGB=128, Sku=StandardSSD_LRS, Zone=3, HostCaching=None, DoubleEncryption=True, EncryptionType=EncryptionAtRestWithPlatformAndCustomerKeys, DES=<DryRun: /resourceGroups/hazr-t-dch-rg/providers/Microsoft.Compute/diskEncryptionSets/hazr-t-dch-des>
2026-05-22 10:54:51.583	[INFO] [DryRun] Create plan: VM=hazr-t-com-proxy01, Disk=t-com-proxy01-disk02, RG=hazr-t-com-rg, SizeGB=128, Sku=StandardSSD_LRS, Zone=3, HostCaching=None, DoubleEncryption=True, EncryptionType=EncryptionAtRestWithPlatformAndCustomerKeys, DES=<DryRun: /resourceGroups/hazr-t-dch-rg/providers/Microsoft.Compute/diskEncryptionSets/hazr-t-dch-des>
2026-05-22 10:54:51.603	[INFO] [DryRun] Create plan: VM=hazr-t-if-gramon01, Disk=t-if-gramon01-disk02, RG=hazr-t-if-rg, SizeGB=128, Sku=StandardSSD_LRS, Zone=3, HostCaching=None, DoubleEncryption=True, EncryptionType=EncryptionAtRestWithPlatformAndCustomerKeys, DES=<DryRun: /resourceGroups/hazr-t-dch-rg/providers/Microsoft.Compute/diskEncryptionSets/hazr-t-dch-des>
2026-05-22 10:54:51.633	[INFO] [DryRun] 리소스 그룹 생성 예정: hazr-t-doip-rg (koreacentral)
RG=hazr-t-if-rg, SizeGB=128, Sku=StandardSSD_LRS, Zone=3, HostCaching=None, DoubleEncryption=True, EncryptionType=EncryptionAtRestWithPlatformAndCustomerKeys, DES=<DryRun: /resourceGroups/hazr-t-dch-rg/providers/Microsoft.Compute/diskEncryptionSets/hazr-t-dch-des>
2026-05-22 10:54:51.650	[INFO] [DryRun] Create plan: VM=hazr-t-if-gramon01, Disk=t-if-gramon01-disk02, RG=hazr-t-if-rg, SizeGB=128, Sku=StandardSSD_LRS, Zone=3, HostCaching=None, DoubleEncryption=True, EncryptionType=EncryptionAtRestWithPlatformAndCustomerKeys, DES=<DryRun: /resourceGroups/hazr-t-dch-rg/providers/Microsoft.Compute/diskEncryptionSets/hazr-t-dch-des>
2026-05-22 10:54:51.678	[INFO] [DryRun] 리소스 그룹 생성 예정: hazr-t-doip-rg (koreacentral)
=hazr-t-doip-rg, SizeGB=128, Sku=StandardSSD_LRS, Zone=3, HostCaching=None, DoubleEncryption=True, EncryptionType=EncryptionAtRestWithPlatformAndCustomerKeys, DES=<DryRun: /resourceGroups/hazr-t-dch-rg/providers/Microsoft.Compute/diskEncryptionSets/hazr-t-dch-des>
2026-05-22 10:54:51.699	[INFO] [DryRun] 리소스 그룹 생성 예정: hazr-t-doip-rg (koreacentral)
=hazr-t-doip-rg, SizeGB=128, Sku=StandardSSD_LRS, Zone=3, HostCaching=None, DoubleEncryption=True, EncryptionType=EncryptionAtRestWithPlatformAndCustomerKeys, DES=<DryRun: /resourceGroups/hazr-t-dch-rg/providers/Microsoft.Compute/diskEncryptionSets/hazr-t-dch-des>
2026-05-22 10:54:51.712	[INFO] [DryRun] Create plan: VM=hazr-t-doip-ap01, Disk=t-doip-ap01-disk01, RG=hazr-t-doip-rg, SizeGB=128, Sku=StandardSSD_LRS, Zone=3, HostCaching=None, DoubleEncryption=True, EncryptionType=EncryptionAtRestWithPlatformAndCustomerKeys, DES=<DryRun: /resourceGroups/hazr-t-dch-rg/providers/Microsoft.Compute/diskEncryptionSets/hazr-t-dch-des>

2026-05-22 10:54:51.739	[INFO] [DryRun] Create plan: VM=hazr-t-doip-ap01, Disk=t-doip-ap01-disk02, RG=hazr-t-doip-rg, SizeGB=128, Sku=StandardSSD_LRS, Zone=3, HostCaching=None, DoubleEncryption=True, EncryptionType=EncryptionAtRestWithPlatformAndCustomerKeys, DES=<DryRun: /resourceGroups/hazr-t-dch-rg/providers/Microsoft.Compute/diskEncryptionSets/hazr-t-dch-des>
2026-05-22 10:54:51.774	[INFO] [DryRun] 리소스 그룹 생성 예정: hazr-t-doip-rg (koreacentral)
azr-t-doip-rg, SizeGB=128, Sku=StandardSSD_LRS, Zone=3, HostCaching=None, DoubleEncryption=True, EncryptionType=EncryptionAtRestWithPlatformAndCustomerKeys, DES=<DryRun: /resourceGroups/hazr-t-dch-rg/providers/Microsoft.Compute/diskEncryptionSets/hazr-t-dch-des>
2026-05-22 10:54:51.789	[INFO] [DryRun] Create plan: VM=hazr-t-doip-adm01, Disk=t-doip-adm01-disk01, RG=hazr-t-doip-rg, SizeGB=128, Sku=StandardSSD_LRS, Zone=3, HostCaching=None, DoubleEncryption=True, EncryptionType=EncryptionAtRestWithPlatformAndCustomerKeys, DES=<DryRun: /resourceGroups/hazr-t-dch-rg/providers/Microsoft.Compute/diskEncryptionSets/hazr-t-dch-des>
2026-05-22 10:54:51.811	[INFO] [DryRun] Create plan: VM=hazr-t-doip-adm01, Disk=t-doip-adm01-disk02, RG=hazr-t-doip-rg, SizeGB=128, Sku=StandardSSD_LRS, Zone=3, HostCaching=None, DoubleEncryption=True, EncryptionType=EncryptionAtRestWithPlatformAndCustomerKeys, DES=<DryRun: /resourceGroups/hazr-t-dch-rg/providers/Microsoft.Compute/diskEncryptionSets/hazr-t-dch-des>
2026-05-22 10:54:51.848	[INFO] [DryRun] 리소스 그룹 생성 예정: hazr-t-bdp-rg (koreacentral)
G=hazr-t-doip-rg, SizeGB=128, Sku=StandardSSD_LRS, Zone=3, HostCaching=None, DoubleEncryption=True, EncryptionType=EncryptionAtRestWithPlatformAndCustomerKeys, DES=<DryRun: /resourceGroups/hazr-t-dch-rg/providers/Microsoft.Compute/diskEncryptionSets/hazr-t-dch-des>
2026-05-22 10:54:51.865	[INFO] [DryRun] Create plan: VM=hazr-t-doip-adm01, Disk=t-doip-adm01-disk02, RG=hazr-t-doip-rg, SizeGB=128, Sku=StandardSSD_LRS, Zone=3, HostCaching=None, DoubleEncryption=True, EncryptionType=EncryptionAtRestWithPlatformAndCustomerKeys, DES=<DryRun: /resourceGroups/hazr-t-dch-rg/providers/Microsoft.Compute/diskEncryptionSets/hazr-t-dch-des>
>
2026-05-22 10:54:51.894	[INFO] [DryRun] Create plan: VM=hazr-t-bdp-crkweb01, Disk=t-bdp-crkweb01-disk02, RG=hazr-t-bdp-rg, SizeGB=128, Sku=StandardSSD_LRS, Zone=3, HostCaching=None, DoubleEncryption=True, EncryptionType=EncryptionAtRestWithPlatformAndCustomerKeys, DES=<DryRun: /resourceGroups/hazr-t-dch-rg/providers/Microsoft.Compute/diskEncryptionSets/hazr-t-dch-des>
2026-05-22 10:54:51.962	[INFO] [DryRun] Create plan: VM=hazr-t-bdp-crkweb01, Disk=t-bdp-crkweb01-disk01, RG=hazr-t-bdp-rg, SizeGB=128, Sku=StandardSSD_LRS, Zone=3, HostCaching=None, DoubleEncryption=True, EncryptionType=EncryptionAtRestWithPlatformAndCustomerKeys, DES=<DryRun: /resourceGroups/hazr-t-dch-rg/providers/Microsoft.Compute/diskEncryptionSets/hazr-t-dch-des>
2026-05-22 10:54:51.988	[INFO] [DryRun] Create plan: VM=hazr-t-bdp-crkweb01, Disk=t-bdp-crkweb01-disk02, RG=hazr-t-bdp-rg, SizeGB=128, Sku=StandardSSD_LRS, Zone=3, HostCaching=None, DoubleEncryption=True, EncryptionType=EncryptionAtRestWithPlatformAndCustomerKeys, DES=<DryRun: /resourceGroups/hazr-t-dch-rg/providers/Microsoft.Compute/diskEncryptionSets/hazr-t-dch-des>
2026-05-22 10:54:52.030	[INFO] [DryRun] 리소스 그룹 생성 예정: hazr-t-bdp-rg (koreacentral)
 RG=hazr-t-bdp-rg, SizeGB=128, Sku=StandardSSD_LRS, Zone=3, HostCaching=None, DoubleEncryption=True, EncryptionType=EncryptionAtRestWithPlatformAndCustomerKeys, DES=<DryRun: /resourceGroups/hazr-t-dch-rg/providers/Microsoft.Compute/diskEncryptionSets/hazr-t-dch-des>
2026-05-22 10:54:52.057	[INFO] [DryRun] 리소스 그룹 생성 예정: hazr-t-bdp-rg (koreacentral)
 RG=hazr-t-bdp-rg, SizeGB=128, Sku=StandardSSD_LRS, Zone=3, HostCaching=None, DoubleEncryption=True, EncryptionType=EncryptionAtRestWithPlatformAndCustomerKeys, DES=<DryRun: /resourceGroups/hazr-t-dch-rg/providers/Microsoft.Compute/diskEncryptionSets/hazr-t-dch-des>
2026-05-22 10:54:52.073	[INFO] [DryRun] Create plan: VM=hazr-t-bdp-crkml01, Disk=t-bdp-crkml01-disk01, RG=hazr-t-bdp-rg, SizeGB=128, Sku=StandardSSD_LRS, Zone=3, HostCaching=None, DoubleEncryption=True, EncryptionType=EncryptionAtRestWithPlatformAndCustomerKeys, DES=<DryRun: /resourceGroups/hazr-t-dch-rg/providers/Microsoft.Compute/diskEncryptionSets/hazr-t-dch-des>
2026-05-22 10:54:52.098	[INFO] [DryRun] Create plan: VM=hazr-t-bdp-crkml01, Disk=t-bdp-crkml01-disk02, RG=hazr-t-bdp-rg, SizeGB=128, Sku=StandardSSD_LRS, Zone=3, HostCaching=None, DoubleEncryption=True, EncryptionType=EncryptionAtRestWithPlatformAndCustomerKeys, DES=<DryRun: /resourceGroups/hazr-t-dch-rg/providers/Microsoft.Compute/diskEncryptionSets/hazr-t-dch-des>
2026-05-22 10:54:52.132	[INFO] [DryRun] 리소스 그룹 생성 예정: hazr-l-mon-rg (koreacentral)
2026-05-22 10:54:52.120	[INFO] [DryRun] Create plan: VM=hazr-t-bdp-crkml01, Disk=t-bdp-crkml01-disk01, RG=hazr-t-bdp-rg, SizeGB=128, Sku=StandardSSD_LRS, Zone=3, HostCaching=None, DoubleEncryption=True, EncryptionType=EncryptionAtRestWithPlatformAndCustomerKeys, DES=<DryRun: /resourceGroups/hazr-t-dch-rg/providers/Microsoft.Compute/diskEncryptionSets/hazr-t-dch-des>
2026-05-22 10:54:52.142	[INFO] [DryRun] Create plan: VM=hazr-l-mon-whtap01, Disk=l-mon-whtap01-disk01, RG=hazr-l-mon-rg, SizeGB=1024, Sku=StandardSSD_LRS, Zone=1, HostCaching=None, DoubleEncryption=True, EncryptionType=EncryptionAtRestWithPlatformAndCustomerKeys, DES=<DryRun: /resourceGroups/hazr-l-comm-rg/providers/Microsoft.Compute/diskEncryptionSets/hazr-l-comm-double-des>
2026-05-22 10:54:52.172	[INFO] [DryRun] 리소스 그룹 생성 예정: hazr-l-mon-rg (koreacentral)
2026-05-22 10:54:52.163	[INFO] [DryRun] Create plan: VM=hazr-l-mon-whtap01, Disk=l-mon-whtap01-disk02, RG=hazr-l-mon-rg, SizeGB=128, Sku=StandardSSD_LRS, Zone=1, HostCaching=None, DoubleEncryption=True, EncryptionType=EncryptionAtRestWithPlatformAndCustomerKeys, DES=<DryRun: /resourceGroups/hazr-l-comm-rg/providers/Microsoft.Compute/diskEncryptionSets/hazr-l-comm-double-des>
2026-05-22 10:54:52.188	[INFO] [DryRun] Create plan: VM=hazr-l-mon-whtap01, Disk=l-mon-whtap01-disk01, RG=hazr-l-mon-rg, SizeGB=1024, Sku=StandardSSD_LRS, Zone=1, HostCaching=None, DoubleEncryption=True, EncryptionType=EncryptionAtRestWithPlatformAndCustomerKeys, DES=<DryRun: /resourceGroups/hazr-l-comm-rg/providers/Microsoft.Compute/diskEncryptionSets/hazr-l-comm-double-des>
2026-05-22 10:54:52.215	[INFO] [DryRun] Create plan: VM=hazr-l-mon-whtap02, Disk=l-mon-whtap02-disk01, RG=hazr-l-mon-rg, SizeGB=1024, Sku=StandardSSD_LRS, Zone=2, HostCaching=None, DoubleEncryption=True, EncryptionType=EncryptionAtRestWithPlatformAndCustomerKeys, DES=<DryRun: /resourceGroups/hazr-l-comm-rg/providers/Microsoft.Compute/diskEncryptionSets/hazr-l-comm-double-des>
2026-05-22 10:54:52.254	[INFO] [DryRun] 리소스 그룹 생성 예정: hazr-l-mon-rg (koreacentral)
 RG=hazr-l-mon-rg, SizeGB=128, Sku=StandardSSD_LRS, Zone=2, HostCaching=None, DoubleEncryption=True, EncryptionType=EncryptionAtRestWithPlatformAndCustomerKeys, DES=<DryRun: /resourceGroups/hazr-l-comm-rg/providers/Microsoft.Compute/diskEncryptionSets/hazr-l-comm-double-des>
2026-05-22 10:54:52.284	[INFO] [DryRun] 리소스 그룹 생성 예정: hazr-l-mon-rg (koreacentral)
2026-05-22 10:54:52.270	[INFO] [DryRun] Create plan: VM=hazr-l-mon-whtap02, Disk=l-mon-whtap02-disk01, RG=hazr-l-mon-rg, SizeGB=1024, Sku=StandardSSD_LRS, Zone=2, HostCaching=None, DoubleEncryption=True, EncryptionType=EncryptionAtRestWithPlatformAndCustomerKeys, DES=<DryRun: /resourceGroups/hazr-l-comm-rg/providers/Microsoft.Compute/diskEncryptionSets/hazr-l-comm-double-des>
2026-05-22 10:54:52.301	[INFO] [DryRun] Create plan: VM=hazr-l-mon-whtap03, Disk=l-mon-whtap03-disk01, RG=hazr-l-mon-rg, SizeGB=128, Sku=StandardSSD_LRS, Zone=3, HostCaching=None, DoubleEncryption=True, EncryptionType=EncryptionAtRestWithPlatformAndCustomerKeys, DES=<DryRun: /resourceGroups/hazr-l-comm-rg/providers/Microsoft.Compute/diskEncryptionSets/hazr-l-comm-double-des>
2026-05-22 10:54:52.354	[INFO] [DryRun] 리소스 그룹 생성 예정: hazr-l-mon-rg (koreacentral)
2026-05-22 10:54:52.365	[INFO] [DryRun] Create plan: VM=hazr-l-mon-whtap03, Disk=l-mon-whtap03-disk01, RG=hazr-l-mon-rg, SizeGB=128, Sku=StandardSSD_LRS, Zone=3, HostCaching=None, DoubleEncryption=True, EncryptionType=EncryptionAtRestWithPlatformAndCustomerKeys, DES=<DryRun: /resourceGroups/hazr-l-comm-rg/providers/Microsoft.Compute/diskEncryptionSets/hazr-l-comm-double-des>
2026-05-22 10:54:52.390	[INFO] [END] Script
ry: Created=141, Attached=0, Skipped=1, Failed=0
2026-05-22 10:54:52.420	[INFO] [END] Deploy-DataDisks
2026-05-22 10:54:52.452	[INFO] [END] Script
2026-05-22 10:55:08.286	[INFO] [START] Script
2026-05-22 10:55:08.331	[INFO] [START] Initialize-Modules
2026-05-22 10:55:08.400	[INFO] [START] Script
2026-05-22 10:55:08.467	[INFO] [START] Initialize-Modules
2026-05-22 10:55:40.879	[INFO] [END] Initialize-Modules
2026-05-22 10:55:40.938	[INFO] [START] Ensure-AzSession
2026-05-22 10:55:41.360	[INFO] [END] Initialize-Modules
2026-05-22 10:55:41.405	[INFO] [START] Ensure-AzSession
2026-05-22 10:55:44.865	[INFO] [END] Ensure-AzSession
2026-05-22 10:55:44.976	[INFO] [START] Validate-Inputs
2026-05-22 10:55:45.791	[INFO] [END] Ensure-AzSession

2026-05-22 10:55:45.945	[INFO] [START] Validate-Inputs
2026-05-22 10:55:46.658	[INFO] Excel 시트 로드: LB
2026-05-22 10:55:46.736	[INFO] Excel 시트 로드: VNET
2026-05-22 10:55:47.509	[INFO] Excel 시트 로드: LB_Probe
2026-05-22 10:55:47.527	[INFO] Excel 시트 로드: UDR
2026-05-22 10:55:47.963	[INFO] Excel 시트 로드: LB_Rule
2026-05-22 10:55:48.139	[INFO] Excel 시트 로드: NSG
2026-05-22 10:55:48.432	[INFO] [END] Validate-Inputs
2026-05-22 10:55:48.469	[INFO] [START] Deploy-LoadBalancers
2026-05-22 10:55:48.553	[INFO] Excel 시트 로드: NSG_Rule
2026-05-22 10:55:48.685	[INFO] Excel 시트 로드: LB
2026-05-22 10:55:49.125	[INFO] Excel 시트 로드: LB
2026-05-22 10:55:49.159	[INFO] Excel 시트 로드: LB_Probe
2026-05-22 10:55:49.746	[INFO] Excel 시트 로드: LB_Probe
2026-05-22 10:55:49.948	[INFO] Excel 시트 로드: LB_Rule
2026-05-22 10:55:50.235	[INFO] Excel 시트 로드: LB_Rule
2026-05-22 10:55:50.271	[INFO] [DryRun] 리소스 그룹 생성 예정: hazr-t-bdp-rg (koreacentral)
2026-05-22 10:55:50.295	[INFO] [DryRun] LB 배포 예정: hazr-t-bdp-crkap-lb (RG=hazr-t-bdp-rg, FE=t-bdp-crkap-lb-fe, Pool=t-bdp-crkap-lb-bp)
2026-05-22 10:55:50.334	[INFO] [DryRun] LB Probe 배포 예정: hazr-t-bdp-crkap-lb/t-bdp-crkap-lb-pb8085
2026-05-22 10:55:50.363	[INFO] [DryRun] LB Rule 배포 예정: hazr-t-bdp-crkap-lb/t-bdp-crkap-lb-rule8085
2026-05-22 10:55:50.382	[INFO] [DryRun] 리소스 그룹 생성 예정: hazr-t-bdp-rg (koreacentral)
2026-05-22 10:55:50.400	[INFO] [DryRun] LB 배포 예정: hazr-t-bdp-crkml-lb (RG=hazr-t-bdp-rg, FE=t-bdp-crkml-lb-fe, Pool=t-bdp-crkml-lb-bp)
2026-05-22 10:55:50.425	[INFO] [DryRun] LB Probe 배포 예정: hazr-t-bdp-crkml-lb/t-bdp-crkml-lb-pb8082
2026-05-22 10:55:50.454	[INFO] [DryRun] LB Rule 배포 예정: hazr-t-bdp-crkml-lb/t-bdp-crkml-lb-rule8082
2026-05-22 10:55:50.472	[INFO] [DryRun] 리소스 그룹 생성 예정: hazr-t-bdp-rg (koreacentral)
2026-05-22 10:55:50.488	[INFO] [DryRun] LB 배포 예정: hazr-t-bdp-crkweb-lb (RG=hazr-t-bdp-rg, FE=t-bdp-crkweb-lb-fe, Pool=t-bdp-crkweb-lb-bp)
2026-05-22 10:55:50.511	[INFO] [DryRun] LB Probe 배포 예정: hazr-t-bdp-crkweb-lb/t-bdp-crkweb-lb-pb443
2026-05-22 10:55:50.539	[INFO] [DryRun] LB Rule 배포 예정: hazr-t-bdp-crkweb-lb/t-bdp-crkweb-lb-rule443
2026-05-22 10:55:50.558	[INFO] [DryRun] 리소스 그룹 생성 예정: hazr-t-bdp-rg (koreacentral)
2026-05-22 10:55:50.628	[INFO] [DryRun] LB 배포 예정: hazr-t-bdp-cxmadm-lb (RG=hazr-t-bdp-rg, FE=t-bdp-cxmadm-lb-fe, Pool=t-bdp-cxmadm-lb-bp)
2026-05-22 10:55:50.663	[INFO] [DryRun] LB Probe 배포 예정: hazr-t-bdp-cxmadm-lb/t-bdp-cxmadm-lb-pb443
2026-05-22 10:55:50.694	[INFO] [DryRun] LB Rule 배포 예정: hazr-t-bdp-cxmadm-lb/t-bdp-cxmadm-lb-rule443
2026-05-22 10:55:50.716	[INFO] [DryRun] 리소스 그룹 생성 예정: hazr-t-bdp-rg (koreacentral)
2026-05-22 10:55:50.735	[INFO] [DryRun] LB 배포 예정: hazr-t-bdp-slap-lb (RG=hazr-t-bdp-rg, FE=t-bdp-slap-lb-fe, Pool=t-bdp-slap-lb-bp)
2026-05-22 10:55:50.763	[INFO] [DryRun] LB Probe 배포 예정: hazr-t-bdp-slap-lb/t-bdp-slap-lb-pb443
2026-05-22 10:55:50.789	[INFO] [DryRun] LB Rule 배포 예정: hazr-t-bdp-slap-lb/t-bdp-slap-lb-rule443
2026-05-22 10:55:50.808	[INFO] [DryRun] 리소스 그룹 생성 예정: hazr-t-com-rg (koreacentral)
2026-05-22 10:55:50.826	[INFO] [DryRun] LB 배포 예정: hazr-t-com-auth-lb (RG=hazr-t-com-rg, FE=t-com-auth-lb-fe, Pool=t-com-auth-lb-bp)
2026-05-22 10:55:50.852	[INFO] [DryRun] LB Probe 배포 예정: hazr-t-com-auth-lb/t-com-auth-lb-pb8088
2026-05-22 10:55:50.881	[INFO] [DryRun] LB Probe 배포 예정: hazr-t-com-auth-lb/t-com-auth-lb-pb9003
2026-05-22 10:55:50.907	[INFO] [DryRun] LB Probe 배포 예정: hazr-t-com-auth-lb/t-com-auth-lb-pb9005
2026-05-22 10:55:50.945	[INFO] [DryRun] LB Rule 배포 예정: hazr-t-com-auth-lb/t-com-auth-lb-rule8088
2026-05-22 10:55:50.967	[INFO] [DryRun] LB Rule 배포 예정: hazr-t-com-auth-lb/t-com-auth-lb-rule9003
2026-05-22 10:55:50.995	[INFO] [DryRun] LB Rule 배포 예정: hazr-t-com-auth-lb/t-com-auth-lb-rule9005
2026-05-22 10:55:51.011	[INFO] Excel 시트 로드: VM
2026-05-22 10:55:51.022	[INFO] [DryRun] 리소스 그룹 생성 예정: hazr-t-com-rg (koreacentral)
2026-05-22 10:55:51.046	[INFO] [DryRun] LB 배포 예정: hazr-t-com-proxy-lb (RG=hazr-t-com-rg, FE=t-com-proxy-lb-fe, Pool=t-com-proxy-lb-bp)
2026-05-22 10:55:51.074	[INFO] [DryRun] LB Probe 배포 예정: hazr-t-com-proxy-lb/t-com-proxy-lb-pb443
2026-05-22 10:55:51.105	[INFO] [DryRun] LB Probe 배포 예정: hazr-t-com-proxy-lb/t-com-proxy-lb-pb8080
2026-05-22 10:55:51.149	[INFO] [DryRun] LB Rule 배포 예정: hazr-t-com-proxy-lb/t-com-proxy-lb-rule443
2026-05-22 10:55:51.171	[INFO] [DryRun] LB Rule 배포 예정: hazr-t-com-proxy-lb/t-com-proxy-lb-rule8080
2026-05-22 10:55:51.201	[INFO] [DryRun] 리소스 그룹 생성 예정: hazr-t-cs-rg (koreacentral)
2026-05-22 10:55:51.226	[INFO] [DryRun] LB 배포 예정: hazr-t-cs-chtap-lb (RG=hazr-t-cs-rg, FE=t-cs-chtap-lb-fe, Pool=t-cs-chtap-lb-bp)
2026-05-22 10:55:51.258	[INFO] [DryRun][SKIP] LB Probe 필수값 누락(Port): hazr-t-cs-chtap-lb/t-cs-chtap-lb-pb
2026-05-22 10:55:51.290	[INFO] [DryRun] 리소스 그룹 생성 예정: hazr-t-cs-rg (koreacentral)
2026-05-22 10:55:51.312	[INFO] [DryRun] LB 배포 예정: hazr-t-cs-chtintweb-lb (RG=hazr-t-cs-rg, FE=t-cs-chtintweb-lb-fe, Pool=t-cs-chtintweb-lb-bp)
2026-05-22 10:55:51.344	[INFO] [DryRun][SKIP] LB Probe 필수값 누락(Port): hazr-t-cs-chtintweb-lb/t-cs-chtintweb-lb-pb
2026-05-22 10:55:51.387	[INFO] [DryRun] 리소스 그룹 생성 예정: hazr-t-cs-rg (koreacentral)
2026-05-22 10:55:51.411	[INFO] [DryRun] LB 배포 예정: hazr-t-cs-chtweb-lb (RG=hazr-t-cs-rg, FE=t-cs-chtweb-lb-fe, Pool=t-cs-chtweb-lb-bp)
2026-05-22 10:55:51.449	[INFO] [DryRun][SKIP] LB Probe 필수값 누락(Port): hazr-t-cs-chtweb-lb/t-cs-chtweb-lb-pb
2026-05-22 10:55:51.494	[INFO] [DryRun] 리소스 그룹 생성 예정: hazr-t-dip-rg (koreacentral)
2026-05-22 10:55:51.517	[INFO] [DryRun] LB 배포 예정: hazr-t-dip-adm-lb (RG=hazr-t-dip-rg, FE=t-dip-adm-lb-fe, Pool=t-dip-adm-lb-bp)
2026-05-22 10:55:51.554	[INFO] [DryRun] LB Probe 배포 예정: hazr-t-dip-adm-lb/t-dip-adm-lb-pb443
2026-05-22 10:55:51.579	[INFO] [DryRun] LB Probe 배포 예정: hazr-t-dip-adm-lb/t-dip-adm-lb-pb8085
2026-05-22 10:55:51.608	[INFO] [DryRun] LB Probe 배포 예정: hazr-t-dip-adm-lb/t-dip-adm-lb-pb8900
2026-05-22 10:55:51.640	[INFO] [DryRun] LB Probe 배포 예정: hazr-t-dip-adm-lb/t-dip-adm-lb-pb8901
2026-05-22 10:55:51.663	[INFO] [DryRun] LB Probe 배포 예정: hazr-t-dip-adm-lb/t-dip-adm-lb-pb9100
2026-05-22 10:55:51.699	[INFO] [DryRun] LB Rule 배포 예정: hazr-t-dip-adm-lb/t-dip-adm-lb-rule443
2026-05-22 10:55:51.720	[INFO] [DryRun] LB Rule 배포 예정: hazr-t-dip-adm-lb/t-dip-adm-lb-rule8085
2026-05-22 10:55:51.743	[INFO] [DryRun] LB Rule 배포 예정: hazr-t-dip-adm-lb/t-dip-adm-lb-rule8900
2026-05-22 10:55:51.765	[INFO] [DryRun] LB Rule 배포 예정: hazr-t-dip-adm-lb/t-dip-adm-lb-rule8901
2026-05-22 10:55:51.783	[INFO] [DryRun] LB Rule 배포 예정: hazr-t-dip-adm-lb/t-dip-adm-lb-rule9100
2026-05-22 10:55:51.802	[INFO] [DryRun] 리소스 그룹 생성 예정: hazr-t-dip-rg (koreacentral)
2026-05-22 10:55:51.828	[INFO] [DryRun] LB 배포 예정: hazr-t-dip-ap-lb (RG=hazr-t-dip-rg, FE=t-dip-ap-lb-fe, Pool=t-dip-ap-lb-bp)
2026-05-22 10:55:51.858	[INFO] [DryRun] LB Probe 배포 예정: hazr-t-dip-ap-lb/t-dip-ap-lb-pb443
2026-05-22 10:55:51.878	[INFO] [DryRun] LB Probe 배포 예정: hazr-t-dip-ap-lb/t-dip-ap-lb-pb8100
2026-05-22 10:55:51.900	[INFO] [DryRun] LB Probe 배포 예정: hazr-t-dip-ap-lb/t-dip-ap-lb-pb8200
2026-05-22 10:55:51.927	[INFO] [DryRun] LB Probe 배포 예정: hazr-t-dip-ap-lb/t-dip-ap-lb-pb8300
2026-05-22 10:55:51.950	[INFO] [DryRun] LB Probe 배포 예정: hazr-t-dip-ap-lb/t-dip-ap-lb-pb8400
2026-05-22 10:55:51.970	[INFO] [DryRun] LB Probe 배포 예정: hazr-t-dip-ap-lb/t-dip-ap-lb-pb9100
2026-05-22 10:55:51.986	[INFO] [DryRun] LB Probe 배포 예정: hazr-t-dip-ap-lb/t-dip-ap-lb-pb9113
2026-05-22 10:55:51.999	[INFO] Excel 시트 로드: VM
��정: hazr-t-dip-ap-lb/t-dip-ap-lb-rule443
2026-05-22 10:55:52.016	[INFO] [DryRun] LB Rule 배포 예정: hazr-t-dip-ap-lb/t-dip-ap-lb-rule8100
2026-05-22 10:55:52.036	[INFO] [DryRun] LB Rule 배포 예정: hazr-t-dip-ap-lb/t-dip-ap-lb-rule8200
2026-05-22 10:55:52.056	[INFO] [DryRun] LB Rule 배포 예정: hazr-t-dip-ap-lb/t-dip-ap-lb-rule8300
2026-05-22 10:55:52.073	[INFO] [DryRun] LB Rule 배포 예정: hazr-t-dip-ap-lb/t-dip-ap-lb-rule8400
2026-05-22 10:55:52.089	[INFO] [DryRun] LB Rule 배포 예정: hazr-t-dip-ap-lb/t-dip-ap-lb-rule9100
2026-05-22 10:55:52.112	[INFO] [DryRun] LB Rule 배포 예정: hazr-t-dip-ap-lb/t-dip-ap-lb-rule9113
2026-05-22 10:55:52.130	[INFO] [DryRun] 리소스 그룹 생성 예정: hazr-t-dip-rg (koreacentral)
2026-05-22 10:55:52.145	[INFO] [DryRun] LB 배포 예정: hazr-t-dip-geoap-lb (RG=hazr-t-dip-rg, FE=t-dip-geoap-lb-fe, Pool=t-dip-geoap-lb-bp)
2026-05-22 10:55:52.172	[INFO] [DryRun] LB Probe 배포 예정: hazr-t-dip-geoap-lb/t-dip-geoap-lb-pb3660
2026-05-22 10:55:52.192	[INFO] [DryRun] LB Probe 배포 예정: hazr-t-dip-geoap-lb/t-dip-geoap-lb-pb3661
2026-05-22 10:55:52.209	[INFO] [DryRun] LB Probe 배포 예정: hazr-t-dip-geoap-lb/t-dip-geoap-lb-pb3670
2026-05-22 10:55:52.228	[INFO] [DryRun] LB Probe 배포 예정: hazr-t-dip-geoap-lb/t-dip-geoap-lb-pb3671
2026-05-22 10:55:52.249	[INFO] [DryRun] LB Probe 배포 예정: hazr-t-dip-geoap-lb/t-dip-geoap-lb-pb9100
2026-05-22 10:55:52.276	[INFO] [DryRun] LB Rule 배포 예정: hazr-t-dip-geoap-lb/t-dip-geoap-lb-rule3660
2026-05-22 10:55:52.280	[INFO] [END] Validate-Inputs
2026-05-22 10:55:52.293	[INFO] [DryRun] LB Rule 배포 예정: hazr-t-dip-geoap-lb/t-dip-geoap-lb-rule3661
2026-05-22 10:55:52.297	[INFO] [START] Deploy-ResourceGroups
2026-05-22 10:55:52.310	[INFO] [DryRun] LB Rule 배포 예정: hazr-t-dip-geoap-lb/t-dip-geoap-lb-rule3670
2026-05-22 10:55:52.325	[INFO] [DryRun] LB Rule 배포 예정: hazr-t-dip-geoap-lb/t-dip-geoap-lb-rule3671
2026-05-22 10:55:52.343	[INFO] [DryRun] LB Rule 배포 예정: hazr-t-dip-geoap-lb/t-dip-geoap-lb-rule9100
2026-05-22 10:55:52.361	[INFO] [DryRun] 리소스 그룹 생성 예정: hazr-t-dip-rg (koreacentral)
2026-05-22 10:55:52.376	[INFO] [DryRun] LB 배포 예정: hazr-t-dip-mqap-lb (RG=hazr-t-dip-rg, FE=t-dip-mqap-lb-fe, Pool=t-dip-mqap-lb-bp)
2026-05-22 10:55:52.399	[INFO] [DryRun] LB Probe 배포 예정: hazr-t-dip-mqap-lb/t-dip-mqap-lb-pb1883
2026-05-22 10:55:52.416	[INFO] [DryRun] LB Probe 배포 예정: hazr-t-dip-mqap-lb/t-dip-mqap-lb-pb1884
2026-05-22 10:55:52.436	[INFO] [DryRun] LB Probe 배포 예정: hazr-t-dip-mqap-lb/t-dip-mqap-lb-pb18083
2026-05-22 10:55:52.460	[INFO] [DryRun] LB Probe 배포 예정: hazr-t-dip-mqap-lb/t-dip-mqap-lb-pb9100
2026-05-22 10:55:52.486	[INFO] [DryRun] LB Rule 배포 예정: hazr-t-dip-mqap-lb/t-dip-mqap-lb-rule1883
2026-05-22 10:55:52.503	[INFO] [DryRun] LB Rule 배포 예정: hazr-t-dip-mqap-lb/t-dip-mqap-lb-rule1884
2026-05-22 10:55:52.521	[INFO] Excel 시트 로드: RG
��정: hazr-t-dip-mqap-lb/t-dip-mqap-lb-rule18083
2026-05-22 10:55:52.543	[INFO] [DryRun] LB Rule 배포 예정: hazr-t-dip-mqap-lb/t-dip-mqap-lb-rule9100
2026-05-22 10:55:52.563	[INFO] [DryRun] 리소스 그룹 생성 예정: hazr-t-dip-rg (koreacentral)
2026-05-22 10:55:52.586	[INFO] [DryRun] LB 배포 예정: hazr-t-dip-mqweb-lb (RG=hazr-t-dip-rg, FE=t-dip-mqweb-lb-fe, Pool=t-dip-mqweb-lb-bp)
2026-05-22 10:55:52.616	[INFO] [DryRun] LB Probe 배포 예정: hazr-t-dip-mqweb-lb/t-dip-mqweb-lb-pb8883
2026-05-22 10:55:52.637	[INFO] [DryRun] LB Probe 배포 예정: hazr-t-dip-mqweb-lb/t-dip-mqweb-lb-pb1884
2026-05-22 10:55:52.658	[INFO] [DryRun] LB Probe 배포 예정: hazr-t-dip-mqweb-lb/t-dip-mqweb-lb-pb9100
2026-05-22 10:55:52.689	[INFO] [DryRun] LB Rule 배포 예정: hazr-t-dip-mqweb-lb/t-dip-mqweb-lb-rule8883
2026-05-22 10:55:52.709	[INFO] [DryRun] LB Rule 배포 예정: hazr-t-dip-mqweb-lb/t-dip-mqweb-lb-rule1884
2026-05-22 10:55:52.734	[INFO] [DryRun] LB Rule 배포 예정: hazr-t-dip-mqweb-lb/t-dip-mqweb-lb-rule9100
2026-05-22 10:55:52.753	[INFO] [DryRun] 리소스 그룹 생성 예정: hazr-t-dip-rg (koreacentral)
2026-05-22 10:55:52.774	[INFO] [DryRun] LB 배포 예정: hazr-t-dip-web-lb (RG=hazr-t-dip-rg, FE=t-dip-web-lb-fe, Pool=t-dip-web-lb-bp)
2026-05-22 10:55:52.806	[INFO] [DryRun] 리소스 그룹 생성 예정: hazr-t-dch-rg (koreacentral)
2026-05-22 10:55:52.829	[INFO] [DryRun] LB Probe 배포 예정: hazr-t-dip-web-lb/t-dip-web-lb-pb9100
2026-05-22 10:55:52.855	[INFO] [DryRun] LB Rule 배포 예정: hazr-t-dip-web-lb/t-dip-web-lb-rule443
2026-05-22 10:55:52.847	[INFO] [DryRun] 리소스 그룹 생성 예정: hazr-t-cs-rg (koreacentral)
2026-05-22 10:55:52.865	[INFO] [DryRun] 리소스 그룹 생성 예정: hazr-t-dis-rg (koreacentral)

2026-05-22 10:55:52.884	[INFO] [DryRun] 리소스 그룹 생성 예정: hazr-t-dis-rg (koreacentral)
2026-05-22 10:55:52.881	[INFO] [DryRun] 리소스 그룹 생성 예정: hazr-t-doip-rg (koreacentral)
2026-05-22 10:55:52.902	[INFO] [DryRun] LB 배포 예정: hazr-t-dis-adm-lb (RG=hazr-t-dis-rg, FE=t-dis-adm-lb-fe, Pool=t-dis-adm-lb-bp)
2026-05-22 10:55:52.903	[INFO] [DryRun] 리소스 그룹 생성 예정: hazr-t-dtg-rg (koreacentral)
2026-05-22 10:55:52.921	[INFO] [DryRun] 리소스 그룹 생성 예정: hazr-t-if-rg (koreacentral)

2026-05-22 10:55:52.951	[INFO] [DryRun] LB Rule 배포 예정: hazr-t-dis-adm-lb/t-dis-adm-lb-rule443
2026-05-22 10:55:52.965	[INFO] [DryRun] 리소스 그룹 생성 예정: hazr-t-puls-rg (koreacentral)
2026-05-22 10:55:52.983	[INFO] [DryRun] LB 배포 예정: hazr-t-dis-ap-lb (RG=hazr-t-dis-rg, FE=t-dis-ap-lb-fe, Pool=t-dis-ap-lb-bp)
2026-05-22 10:55:52.991	[INFO] [END] Deploy-ResourceGroups
2026-05-22 10:55:53.006	[INFO] [START] Deploy-Vnets
�� 예정: hazr-t-dis-ap-lb/t-dis-ap-lb-pb8080
2026-05-22 10:55:53.033	[INFO] [DryRun] LB Rule 배포 예정: hazr-t-dis-ap-lb/t-dis-ap-lb-rule8080
2026-05-22 10:55:53.052	[INFO] [DryRun] 리소스 그룹 생성 예정: hazr-t-dis-rg (koreacentral)
2026-05-22 10:55:53.069	[INFO] [DryRun] LB 배포 예정: hazr-t-dis-bbicltap-lb (RG=hazr-t-dis-rg, FE=t-dis-bbicltap-lb-fe, Pool=t-dis-bbicltap-lb-bp)
2026-05-22 10:55:53.099	[INFO] [DryRun] LB Probe 배포 예정: hazr-t-dis-bbicltap-lb/t-dis-bbicltap-lb-pb20000
2026-05-22 10:55:53.124	[INFO] [DryRun] LB Probe 배포 예정: hazr-t-dis-bbicltap-lb/t-dis-bbicltap-lb-pb21000
2026-05-22 10:55:53.148	[INFO] [DryRun] LB Probe 배포 예정: hazr-t-dis-bbicltap-lb/t-dis-bbicltap-lb-pb22000
2026-05-22 10:55:53.179	[INFO] [DryRun] LB Rule 배포 예정: hazr-t-dis-bbicltap-lb/t-dis-bbicltap-lb-rule20000
2026-05-22 10:55:53.198	[INFO] [DryRun] LB Rule 배포 예정: hazr-t-dis-bbicltap-lb/t-dis-bbicltap-lb-rule21000
2026-05-22 10:55:53.219	[INFO] [DryRun] LB Rule 배포 예정: hazr-t-dis-bbicltap-lb/t-dis-bbicltap-lb-rule22000
2026-05-22 10:55:53.240	[INFO] [DryRun] 리소스 그룹 생성 예정: hazr-t-dis-rg (koreacentral)
2026-05-22 10:55:53.273	[INFO] Excel 시트 로드: VNET
hazr-t-dis-bbimsgap-lb (RG=hazr-t-dis-rg, FE=t-dis-bbimsgap-lb-fe, Pool=t-dis-bbimsgap-lb-bp)
2026-05-22 10:55:53.284	[INFO] [DryRun] LB Probe 배포 예정: hazr-t-dis-bbimsgap-lb/t-dis-bbimsgap-lb-pb20030
2026-05-22 10:55:53.310	[INFO] [DryRun] LB Rule 배포 예정: hazr-t-dis-bbimsgap-lb/t-dis-bbimsgap-lb-rule20030
2026-05-22 10:55:53.337	[INFO] [DryRun] 리소스 그룹 생성 예정: hazr-t-dis-rg (koreacentral)
2026-05-22 10:55:53.356	[INFO] [DryRun] LB 배포 예정: hazr-t-dis-bbiweb-lb (RG=hazr-t-dis-rg, FE=t-dis-bbiweb-lb-fe, Pool=t-dis-bbiweb-lb-bp)
2026-05-22 10:55:53.385	[INFO] [DryRun] LB Probe 배포 예정: hazr-t-dis-bbiweb-lb/t-dis-bbiweb-lb-pb443
2026-05-22 10:55:53.414	[INFO] [DryRun] LB Rule 배포 예정: hazr-t-dis-bbiweb-lb/t-dis-bbiweb-lb-rule443
2026-05-22 10:55:53.433	[INFO] [DryRun] 리소스 그룹 생성 예정: hazr-t-dis-rg (koreacentral)
2026-05-22 10:55:53.449	[INFO] [DryRun] LB 배포 예정: hazr-t-dis-cmbsap-lb (RG=hazr-t-dis-rg, FE=t-dis-cmbsap-lb-fe, Pool=t-dis-cmbsap-lb-bp)
2026-05-22 10:55:53.474	[INFO] [DryRun] LB Probe 배포 예정: hazr-t-dis-cmbsap-lb/t-dis-cmbsap-lb-pb8080
2026-05-22 10:55:53.505	[INFO] [DryRun] LB Rule 배포 예정: hazr-t-dis-cmbsap-lb/t-dis-cmbsap-lb-rule8080
2026-05-22 10:55:53.533	[INFO] [DryRun] 리소스 그룹 생성 예정: hazr-t-dch-rg (koreacentral)
2026-05-22 10:55:53.564	[INFO] [DryRun] VNet 배포 예정: hazr-t-dch-ext-vnet
G=hazr-t-dis-rg, FE=t-dis-cmsadm-lb-fe, Pool=t-dis-cmsadm-lb-bp)
2026-05-22 10:55:53.577	[INFO] [DryRun] 리소스 그룹 생성 예정: hazr-t-dch-rg (koreacentral)
b443
2026-05-22 10:55:53.598	[INFO] [DryRun] VNet 배포 예정: hazr-t-dch-int-vnet
lb/t-dis-cmsadm-lb-rule443
2026-05-22 10:55:53.621	[INFO] [DryRun] 리소스 그룹 생성 예정: hazr-t-dis-rg (koreacentral)
2026-05-22 10:55:53.640	[INFO] [DryRun] LB 배포 예정: hazr-t-dis-cmsap-lb (RG=hazr-t-dis-rg, FE=t-dis-cmsap-lb-fe, Pool=t-dis-cmsap-lb-bp)
2026-05-22 10:55:53.665	[INFO] [END] Deploy-Vnets
�포 예정: hazr-t-dis-cmsap-lb/t-dis-cmsap-lb-pb4001
2026-05-22 10:55:53.691	[INFO] [DryRun] LB Rule 배포 예정: hazr-t-dis-cmsap-lb/t-dis-cmsap-lb-rule4001
2026-05-22 10:55:53.700	[INFO] [START] Deploy-Udrs
2026-05-22 10:55:53.711	[INFO] [DryRun] 리소스 그룹 생성 예정: hazr-t-dis-rg (koreacentral)
2026-05-22 10:55:53.727	[INFO] [DryRun] LB 배포 예정: hazr-t-dis-cmsweb-lb (RG=hazr-t-dis-rg, FE=t-dis-cmsweb-lb-fe, Pool=t-dis-cmsweb-lb-bp)
2026-05-22 10:55:53.756	[INFO] [DryRun] LB Probe 배포 예정: hazr-t-dis-cmsweb-lb/t-dis-cmsweb-lb-pb80
2026-05-22 10:55:53.770	[INFO] [DryRun] LB Probe 배포 예정: hazr-t-dis-cmsweb-lb/t-dis-cmsweb-lb-pb443
2026-05-22 10:55:53.797	[INFO] [DryRun] LB Rule 배포 예정: hazr-t-dis-cmsweb-lb/t-dis-cmsweb-lb-rule80
2026-05-22 10:55:53.812	[INFO] [DryRun] LB Rule 배포 예정: hazr-t-dis-cmsweb-lb/t-dis-cmsweb-lb-rule443
2026-05-22 10:55:53.830	[INFO] [DryRun] 리소스 그룹 생성 예정: hazr-t-dis-rg (koreacentral)
2026-05-22 10:55:53.845	[INFO] [DryRun] LB 배포 예정: hazr-t-dis-drvcltap-lb (RG=hazr-t-dis-rg, FE=t-dis-drvcltap-lb-fe, Pool=t-dis-drvcltap-lb-bp)
2026-05-22 10:55:53.868	[INFO] [DryRun] LB Probe 배포 예정: hazr-t-dis-drvcltap-lb/t-dis-drvcltap-lb-pb8081
2026-05-22 10:55:53.896	[INFO] [DryRun] LB Rule 배포 예정: hazr-t-dis-drvcltap-lb/t-dis-drvcltap-lb-rule8081
2026-05-22 10:55:53.916	[INFO] Excel 시트 로드: UDR
생성 예정: hazr-t-dis-rg (koreacentral)
2026-05-22 10:55:53.934	[INFO] [DryRun] LB 배포 예정: hazr-t-dis-drvmsgap-lb (RG=hazr-t-dis-rg, FE=t-dis-drvmsgap-lb-fe, Pool=t-dis-drvmsgap-lb-bp)
2026-05-22 10:55:53.973	[INFO] [DryRun] LB Probe 배포 예정: hazr-t-dis-drvmsgap-lb/t-dis-drvmsgap-lb-pb8080
2026-05-22 10:55:54.001	[INFO] [DryRun] LB Rule 배포 예정: hazr-t-dis-drvmsgap-lb/t-dis-drvmsgap-lb-rule8080
2026-05-22 10:55:54.023	[INFO] [DryRun] 리소스 그룹 생성 예정: hazr-t-dis-rg (koreacentral)
2026-05-22 10:55:54.043	[INFO] [DryRun] LB 배포 예정: hazr-t-dis-walkap-lb (RG=hazr-t-dis-rg, FE=t-dis-walkap-lb-fe, Pool=t-dis-walkap-lb-bp)
2026-05-22 10:55:54.072	[INFO] [DryRun] LB Probe 배포 예정: hazr-t-dis-walkap-lb/t-dis-walkap-lb-pb8080
2026-05-22 10:55:54.097	[INFO] [DryRun] LB Rule 배포 예정: hazr-t-dis-walkap-lb/t-dis-walkap-lb-rule8080
2026-05-22 10:55:54.123	[INFO] [DryRun] 리소스 그룹 생성 예정: hazr-t-dis-rg (koreacentral)
2026-05-22 10:55:54.142	[INFO] [DryRun] LB 배포 예정: hazr-t-dis-walkweb-lb (RG=hazr-t-dis-rg, FE=t-dis-walkweb-lb-fe, Pool=t-dis-walkweb-lb-bp)
2026-05-22 10:55:54.174	[INFO] [DryRun] LB Probe 배포 예정: hazr-t-dis-walkweb-lb/t-dis-walkweb-lb-pb443
2026-05-22 10:55:54.204	[INFO] [DryRun] LB Rule 배포 예정: hazr-t-dis-walkweb-lb/t-dis-walkweb-lb-rule443
2026-05-22 10:55:54.230	[INFO] [DryRun] 리소스 그룹 생성 예정: hazr-t-dis-rg (koreacentral)
2026-05-22 10:55:54.254	[INFO] [DryRun] LB 배포 예정: hazr-t-dis-web-lb (RG=hazr-t-dis-rg, FE=t-dis-web-lb-fe, Pool=t-dis-web-lb-bp)
2026-05-22 10:55:54.263	[INFO] [DryRun] 리소스 그룹 생성 예정: hazr-t-dch-rg (koreacentral)
2026-05-22 10:55:54.278	[INFO] [DryRun] UDR 배포 예정: t-dch-ext-vnet-udr (RG=hazr-t-dch-rg, DisableBGPRoutePropagation=False)
2026-05-22 10:55:54.300	[INFO] [DryRun] UDR Route 추가/갱신 예정: t-dch-ext-vnet-udr/Internet (0.0.0.0/0 -> VirtualAppliance 10.155.200.4)
2026-05-22 10:55:54.318	[INFO] [DryRun] UDR Route 추가/갱신 예정: t-dch-ext-vnet-udr/hazr-o-devops-int-vnet_1 (10.155.128.0/24 -> VirtualAppliance 10.155.200.4)
2026-05-22 10:55:54.337	[INFO] [DryRun] UDR Route 추가/갱신 예정: t-dch-ext-vnet-udr/hazr-o-devops-int-vnet_2 (10.155.129.0/24 -> VirtualAppliance 10.155.200.4)
2026-05-22 10:55:54.353	[INFO] [DryRun] UDR Route 추가/갱신 예정: t-dch-ext-vnet-udr/hazr-o-devops-int-vnet_3 (10.155.130.0/24 -> VirtualAppliance 10.155.200.4)
2026-05-22 10:55:54.369	[INFO] [DryRun] UDR Route 추가/갱신 예정: t-dch-ext-vnet-udr/hazr-o-devops-int-vnet_4 (10.155.131.0/24 -> VirtualAppliance 10.155.200.4)
2026-05-22 10:55:54.385	[INFO] [DryRun] UDR Route 추가/갱신 예정: t-dch-ext-vnet-udr/hazr-l-comm-vnet (10.155.160.0/22 -> VirtualAppliance 10.155.200.4)
2026-05-22 10:55:54.413	[INFO] [DryRun] 리소스 그룹 생성 예정: hazr-t-doip-rg (koreacentral)
int-vnet (10.155.193.128/26 -> VirtualAppliance 10.155.200.4)
2026-05-22 10:55:54.423	[INFO] [DryRun] UDR Route 추가/갱신 예정: t-dch-ext-vnet-udr/hazr-t-dch-int-vnet_1 (10.157.144.0/20 -> VirtualAppliance 10.155.200.4)
2026-05-22 10:55:54.444	[INFO] [DryRun] UDR Route 추가/갱신 예정: t-dch-ext-vnet-udr/hazr-t-dch-int-vnet_2 (10.157.160.0/20 -> VirtualAppliance 10.155.200.4)
2026-05-22 10:55:54.461	[INFO] [DryRun] UDR Route 추가/갱신 예정: t-dch-ext-vnet-udr/hazr-t-dch-int-vnet_3 (10.157.176.0/20 -> VirtualAppliance 10.155.200.4)
2026-05-22 10:55:54.483	[INFO] [DryRun] UDR Route 추가/갱신 예정: t-dch-ext-vnet-udr/Onprem01 (10.0.0.0/8 -> VirtualAppliance 10.155.200.4)
2026-05-22 10:55:54.504	[INFO] [DryRun] UDR Route 추가/갱신 예정: t-dch-ext-vnet-udr/Onprem02 (172.16.0.0/16 -> VirtualAppliance 10.155.200.4)
2026-05-22 10:55:54.528	[INFO] [DryRun] UDR Route 추가/갱신 예정: t-dch-ext-vnet-udr/Onprem03 (172.18.0.0/16 -> VirtualAppliance 10.155.200.4)
2026-05-22 10:55:54.549	[INFO] [DryRun] UDR Route 추가/갱신 예정: t-dch-ext-vnet-udr/Onprem04 (172.20.0.0/16 -> VirtualAppliance 10.155.200.4)
2026-05-22 10:55:54.573	[INFO] [DryRun] LB Probe 배포 예정: hazr-t-dtg-admap-lb/t-dtg-admap-lb-pb8085
.0.0/16 -> VirtualAppliance 10.155.200.4)
2026-05-22 10:55:54.585	[INFO] [DryRun] UDR Route 추가/갱신 예정: t-dch-ext-vnet-udr/Onprem06 (172.28.0.0/16 -> VirtualAppliance 10.155.200.4)
2026-05-22 10:55:54.599	[INFO] [DryRun] UDR Route 추가/갱신 예정: t-dch-ext-vnet-udr/Onprem07 (172.29.0.0/16 -> VirtualAppliance 10.155.200.4)
2026-05-22 10:55:54.619	[INFO] [DryRun] UDR Route 추가/갱신 예정: t-dch-ext-vnet-udr/Onprem08 (172.30.0.0/16 -> VirtualAppliance 10.155.200.4)
2026-05-22 10:55:54.636	[INFO] [DryRun] UDR Route 추가/갱신 예정: t-dch-ext-vnet-udr/Onprem09 (172.31.0.0/16 -> VirtualAppliance 10.155.200.4)
2026-05-22 10:55:54.658	[INFO] [DryRun] UDR Route 추가/갱신 예정: t-dch-ext-vnet-udr/Onprem10 (172.32.0.0/16 -> VirtualAppliance 10.155.200.4)
2026-05-22 10:55:54.673	[INFO] [DryRun] 리소스 그룹 생성 예정: hazr-t-dch-rg (koreacentral)
b8088
2026-05-22 10:55:54.705	[INFO] [DryRun] LB Rule 배포 예정: hazr-t-dtg-admweb-lb/t-dtg-admweb-lb-rule8088
2026-05-22 10:55:54.695	[INFO] [DryRun] UDR 배포 예정: t-dch-int-vnet-udr (RG=hazr-t-dch-rg, DisableBGPRoutePropagation=False)
2026-05-22 10:55:54.714	[INFO] [DryRun] UDR Route 추가/갱신 예정: t-dch-int-vnet-udr/Internet (0.0.0.0/0 -> VirtualAppliance 10.155.200.4)
2026-05-22 10:55:54.734	[INFO] [DryRun] UDR Route 추가/갱신 예정: t-dch-int-vnet-udr/hazr-o-devops-int-vnet_1 (10.155.128.0/24 -> VirtualAppliance 10.155.200.4)
2026-05-22 10:55:54.753	[INFO] [DryRun] UDR Route 추가/갱신 예정: t-dch-int-vnet-udr/hazr-o-devops-int-vnet_2 (10.155.129.0/24 -> VirtualAppliance 10.155.200.4)
2026-05-22 10:55:54.776	[INFO] [DryRun] LB Probe 배포 예정: hazr-t-dtg-ap-lb/t-dtg-ap-lb-pb9087
ops-int-vnet_3 (10.155.130.0/24 -> VirtualAppliance 10.155.200.4)
2026-05-22 10:55:54.804	[INFO] [DryRun] UDR Route 추가/갱신 예정: t-dch-int-vnet-udr/hazr-o-devops-int-vnet_4 (10.155.131.0/24 -> VirtualAppliance 10.155.200.4)
2026-05-22 10:55:54.833	[INFO] [DryRun] UDR Route 추가/갱신 예정: t-dch-int-vnet-udr/hazr-l-comm-vnet (10.155.160.0/22 -> VirtualAppliance 10.155.200.4)
2026-05-22 10:55:54.860	[INFO] [DryRun] UDR Route 추가/갱신 예정: t-dch-int-vnet-udr/hazr-lt-sec-int-vnet (10.155.193.128/26 -> VirtualAppliance 10.155.200.4)
2026-05-22 10:55:54.889	[INFO] [DryRun] UDR Route 추가/갱신 예정: t-dch-int-vnet-udr/hazr-d-dch-ext-vnet_1 (10.157.128.0/20 -> VirtualAppliance 10.155.200.4)
2026-05-22 10:55:54.915	[INFO] [DryRun] UDR Route 추가/갱신 예정: t-dch-int-vnet-udr/Onprem01 (10.0.0.0/8 -> VirtualAppliance 10.155.200.4)
2026-05-22 10:55:54.945	[INFO] [DryRun] LB Probe 배포 예정: hazr-t-dtg-cdmlap-lb/t-dtg-cdmlap-lb-pb9306
.0/16 -> VirtualAppliance 10.155.200.4)
2026-05-22 10:55:54.977	[INFO] [DryRun] UDR Route 추가/갱신 예정: t-dch-int-vnet-udr/Onprem03 (172.18.0.0/16 -> VirtualAppliance 10.155.200.4)
2026-05-22 10:55:54.992	[INFO] [DryRun] LB Rule 배포 예정: hazr-t-dtg-cdmlap-lb/t-dtg-cdmlap-lb-rule9305
2026-05-22 10:55:55.013	[INFO] [DryRun] UDR Route 추가/갱신 예정: t-dch-int-vnet-udr/Onprem04 (172.20.0.0/16 -> VirtualAppliance 10.155.200.4)
2026-05-22 10:55:55.064	[INFO] [DryRun] LB Rule 배포 예정: hazr-t-dtg-cdmlap-lb/t-dtg-cdmlap-lb-rule9306
2026-05-22 10:55:55.118	[INFO] [DryRun] UDR Route 추가/갱신 예정: t-dch-int-vnet-udr/Onprem05 (172.26.0.0/16 -> VirtualAppliance 10.155.200.4)
2026-05-22 10:55:55.153	[INFO] [DryRun] UDR Route 추가/갱신 예정: t-dch-int-vnet-udr/Onprem06 (172.28.0.0/16 -> VirtualAppliance 10.155.200.4)
2026-05-22 10:55:55.181	[INFO] [DryRun] UDR Route 추가/갱신 예정: t-dch-int-vnet-udr/Onprem07 (172.29.0.0/16 -> VirtualAppliance 10.155.200.4)
2026-05-22 10:55:55.209	[INFO] [DryRun] UDR Route 추가/갱신 예정: t-dch-int-vnet-udr/Onprem08 (172.30.0.0/16 -> VirtualAppliance 10.155.200.4)
2026-05-22 10:55:55.243	[INFO] [DryRun] UDR Route 추가/갱신 예정: t-dch-int-vnet-udr/Onprem09 (172.31.0.0/16 -> VirtualAppliance 10.155.200.4)
2026-05-22 10:55:55.266	[INFO] [DryRun] UDR Route 추가/갱신 예정: t-dch-int-vnet-udr/Onprem10 (172.32.0.0/16 -> VirtualAppliance 10.155.200.4)
2026-05-22 10:55:55.286	[INFO] [END] Deploy-Udrs
2026-05-22 10:55:55.285	[INFO] [DryRun] LB 배포 예정: hazr-t-dtg-cdsvadm-lb (RG=hazr-t-dtg-rg, FE=t-dtg-cdsvadm-lb-fe, Pool=t-dtg-cdsvadm-lb-bp)
2026-05-22 10:55:55.349	[INFO] [START] Deploy-LoadBalancers
�: hazr-t-dtg-cdsvadm-lb/t-dtg-cdsvadm-lb-pb9100
2026-05-22 10:55:55.377	[INFO] [DryRun] LB Probe 배포 예정: hazr-t-dtg-cdsvadm-lb/t-dtg-cdsvadm-lb-pb9300
2026-05-22 10:55:55.403	[INFO] [DryRun] LB Probe 배포 예정: hazr-t-dtg-cdsvadm-lb/t-dtg-cdsvadm-lb-pb9105
2026-05-22 10:55:55.438	[INFO] [DryRun] LB Probe 배포 예정: hazr-t-dtg-cdsvadm-lb/t-dtg-cdsvadm-lb-pb9003
2026-05-22 10:55:55.468	[INFO] [DryRun] LB Probe 배포 예정: hazr-t-dtg-cdsvadm-lb/t-dtg-cdsvadm-lb-pb8088
2026-05-22 10:55:55.510	[INFO] [DryRun] LB Rule 배포 예정: hazr-t-dtg-cdsvadm-lb/t-dtg-cdsvadm-lb-rule9100
2026-05-22 10:55:55.544	[INFO] [DryRun] LB Rule 배포 예정: hazr-t-dtg-cdsvadm-lb/t-dtg-cdsvadm-lb-rule9300
2026-05-22 10:55:55.572	[INFO] [DryRun] LB Rule 배포 예정: hazr-t-dtg-cdsvadm-lb/t-dtg-cdsvadm-lb-rule9105
2026-05-22 10:55:55.603	[INFO] [DryRun] LB Rule 배포 예정: hazr-t-dtg-cdsvadm-lb/t-dtg-cdsvadm-lb-rule9003
2026-05-22 10:55:55.637	[INFO] Excel 시트 로드: LB
��정: hazr-t-dtg-cdsvadm-lb/t-dtg-cdsvadm-lb-rule8088
2026-05-22 10:55:55.660	[INFO] [DryRun] 리소스 그룹 생성 예정: hazr-t-dtg-rg (koreacentral)
2026-05-22 10:55:55.690	[INFO] [DryRun] LB 배포 예정: hazr-t-dtg-diosap-lb (RG=hazr-t-dtg-rg, FE=t-dtg-diosap-lb-fe, Pool=t-dtg-diosap-lb-bp)
2026-05-22 10:55:55.717	[INFO] [DryRun] LB Probe 배포 예정: hazr-t-dtg-diosap-lb/t-dtg-diosap-lb-pb8080
2026-05-22 10:55:55.743	[INFO] [DryRun] LB Rule 배포 예정: hazr-t-dtg-diosap-lb/t-dtg-diosap-lb-rule8080
2026-05-22 10:55:55.769	[INFO] [DryRun] 리소스 그룹 생성 예정: hazr-t-dtg-rg (koreacentral)
2026-05-22 10:55:55.791	[INFO] [DryRun] LB 배포 예정: hazr-t-dtg-diosweb-lb (RG=hazr-t-dtg-rg, FE=t-dtg-diosweb-lb-fe, Pool=t-dtg-diosweb-lb-bp)
2026-05-22 10:55:55.824	[INFO] [DryRun] LB Probe 배포 예정: hazr-t-dtg-diosweb-lb/t-dtg-diosweb-lb-pb443
2026-05-22 10:55:55.854	[INFO] [DryRun] LB Rule 배포 예정: hazr-t-dtg-diosweb-lb/t-dtg-diosweb-lb-rule443
2026-05-22 10:55:55.872	[INFO] [DryRun] 리소스 그룹 생성 예정: hazr-t-dtg-rg (koreacentral)
2026-05-22 10:55:55.887	[INFO] [DryRun] LB 배포 예정: hazr-t-dtg-dprap-lb (RG=hazr-t-dtg-rg, FE=t-dtg-dprap-lb-fe, Pool=t-dtg-dprap-lb-bp)
2026-05-22 10:55:55.911	[INFO] [DryRun] LB Probe 배포 예정: hazr-t-dtg-dprap-lb/t-dtg-dprap-lb-pb8082
2026-05-22 10:55:55.937	[INFO] [DryRun] LB Rule 배포 예정: hazr-t-dtg-dprap-lb/t-dtg-dprap-lb-rule8082
2026-05-22 10:55:55.959	[INFO] [DryRun] 리소스 그룹 생성 예정: hazr-t-dtg-rg (koreacentral)
2026-05-22 10:55:55.975	[INFO] [DryRun] LB 배포 예정: hazr-t-dtg-dprweb-lb (RG=hazr-t-dtg-rg, FE=t-dtg-dprweb-lb-fe, Pool=t-dtg-dprweb-lb-bp)
2026-05-22 10:55:56.002	[INFO] [DryRun] LB Probe 배포 예정: hazr-t-dtg-dprweb-lb/t-dtg-dprweb-lb-pb443
2026-05-22 10:55:56.035	[INFO] [DryRun] LB Rule 배포 예정: hazr-t-dtg-dprweb-lb/t-dtg-dprweb-lb-rule443
2026-05-22 10:55:56.031	[INFO] Excel 시트 로드: LB_Probe
2026-05-22 10:55:56.054	[INFO] [DryRun] 리소스 그룹 생성 예정: hazr-t-dtg-rg (koreacentral)
2026-05-22 10:55:56.072	[INFO] [DryRun] LB 배포 예정: hazr-t-dtg-extgeoap-lb (RG=hazr-t-dtg-rg, FE=t-dtg-extgeoap-lb-fe, Pool=t-dtg-extgeoap-lb-bp)
2026-05-22 10:55:56.100	[INFO] [DryRun] LB Probe 배포 예정: hazr-t-dtg-extgeoap-lb/t-dtg-extgeoap-lb-pb3660
2026-05-22 10:55:56.119	[INFO] [DryRun] LB Probe 배포 예정: hazr-t-dtg-extgeoap-lb/t-dtg-extgeoap-lb-pb3661
2026-05-22 10:55:56.147	[INFO] [DryRun] LB Rule 배포 예정: hazr-t-dtg-extgeoap-lb/t-dtg-extgeoap-lb-rule3660
2026-05-22 10:55:56.167	[INFO] [DryRun] LB Rule 배포 예정: hazr-t-dtg-extgeoap-lb/t-dtg-extgeoap-lb-rule3661
2026-05-22 10:55:56.186	[INFO] [DryRun] 리소스 그룹 생성 예정: hazr-t-dtg-rg (koreacentral)
2026-05-22 10:55:56.207	[INFO] [DryRun] LB 배포 예정: hazr-t-dtg-geoap-lb (RG=hazr-t-dtg-rg, FE=t-dtg-geoap-lb-fe, Pool=t-dtg-geoap-lb-bp)
2026-05-22 10:55:56.239	[INFO] [DryRun] LB Probe 배포 예정: hazr-t-dtg-geoap-lb/t-dtg-geoap-lb-pb8089
2026-05-22 10:55:56.257	[INFO] [DryRun] LB Probe 배포 예정: hazr-t-dtg-geoap-lb/t-dtg-geoap-lb-pb9089
2026-05-22 10:55:56.289	[INFO] [DryRun] LB Rule 배포 예정: hazr-t-dtg-geoap-lb/t-dtg-geoap-lb-rule8089
2026-05-22 10:55:56.307	[INFO] [DryRun] LB Rule 배포 예정: hazr-t-dtg-geoap-lb/t-dtg-geoap-lb-rule9089
2026-05-22 10:55:56.325	[INFO] [DryRun] 리소스 그룹 생성 예정: hazr-t-dtg-rg (koreacentral)
2026-05-22 10:55:56.342	[INFO] [DryRun] LB 배포 예정: hazr-t-dtg-ingap-lb (RG=hazr-t-dtg-rg, FE=t-dtg-ingap-lb-fe, Pool=t-dtg-ingap-lb-bp)
2026-05-22 10:55:56.374	[INFO] [DryRun] LB Probe 배포 예정: hazr-t-dtg-ingap-lb/t-dtg-ingap-lb-pb8081
2026-05-22 10:55:56.404	[INFO] [DryRun] LB Rule 배포 예정: hazr-t-dtg-ingap-lb/t-dtg-ingap-lb-rule8081
2026-05-22 10:55:56.427	[INFO] [DryRun] 리소스 그룹 생성 예정: hazr-t-dtg-rg (koreacentral)
2026-05-22 10:55:56.447	[INFO] [DryRun] LB 배포 예정: hazr-t-dtg-mq-lb (RG=hazr-t-dtg-rg, FE=t-dtg-mq-lb-fe, Pool=t-dtg-mq-lb-bp)
2026-05-22 10:55:56.472	[INFO] [DryRun] LB Probe 배포 예정: hazr-t-dtg-mq-lb/t-dtg-mq-lb-pb1883
2026-05-22 10:55:56.494	[INFO] [DryRun] LB Probe 배포 예정: hazr-t-dtg-mq-lb/t-dtg-mq-lb-pb1884
2026-05-22 10:55:56.528	[INFO] [DryRun] LB Rule 배포 예정: hazr-t-dtg-mq-lb/t-dtg-mq-lb-rule1883
2026-05-22 10:55:56.549	[INFO] [DryRun] LB Rule 배포 예정: hazr-t-dtg-mq-lb/t-dtg-mq-lb-rule1884
2026-05-22 10:55:56.570	[INFO] [DryRun] 리소스 그룹 생성 예정: hazr-t-dtg-rg (koreacentral)
2026-05-22 10:55:56.587	[INFO] [DryRun] LB 배포 예정: hazr-t-dtg-web-lb (RG=hazr-t-dtg-rg, FE=t-dtg-web-lb-fe, Pool=t-dtg-web-lb-bp)
2026-05-22 10:55:56.610	[INFO] [DryRun] LB Probe 배포 예정: hazr-t-dtg-web-lb/t-dtg-web-lb-pb8080
2026-05-22 10:55:56.628	[INFO] [DryRun] LB Probe 배포 예정: hazr-t-dtg-web-lb/t-dtg-web-lb-pb8081
2026-05-22 10:55:56.652	[INFO] [DryRun] LB Rule 배포 예정: hazr-t-dtg-web-lb/t-dtg-web-lb-rule8080
2026-05-22 10:55:56.673	[INFO] [DryRun] 리소스 그룹 생성 예정: hazr-t-bdp-rg (koreacentral)

2026-05-22 10:55:56.694	[INFO] [END] Deploy-LoadBalancers
azr-t-bdp-crkap-lb (RG=hazr-t-bdp-rg, FE=t-bdp-crkap-lb-fe, Pool=t-bdp-crkap-lb-bp)
2026-05-22 10:55:56.713	[INFO] [END] Script
2026-05-22 10:55:56.731	[INFO] [DryRun] LB Probe 배포 예정: hazr-t-bdp-crkap-lb/t-bdp-crkap-lb-pb8085
2026-05-22 10:55:56.758	[INFO] [DryRun] LB Rule 배포 예정: hazr-t-bdp-crkap-lb/t-bdp-crkap-lb-rule8085
2026-05-22 10:55:56.776	[INFO] [DryRun] 리소스 그룹 생성 예정: hazr-t-bdp-rg (koreacentral)
2026-05-22 10:55:56.800	[INFO] [DryRun] LB 배포 예정: hazr-t-bdp-crkml-lb (RG=hazr-t-bdp-rg, FE=t-bdp-crkml-lb-fe, Pool=t-bdp-crkml-lb-bp)
2026-05-22 10:55:56.826	[INFO] [DryRun] LB Probe 배포 예정: hazr-t-bdp-crkml-lb/t-bdp-crkml-lb-pb8082
2026-05-22 10:55:56.857	[INFO] [DryRun] LB Rule 배포 예정: hazr-t-bdp-crkml-lb/t-bdp-crkml-lb-rule8082
2026-05-22 10:55:56.882	[INFO] [DryRun] 리소스 그룹 생성 예정: hazr-t-bdp-rg (koreacentral)
2026-05-22 10:55:56.901	[INFO] [DryRun] LB 배포 예정: hazr-t-bdp-crkweb-lb (RG=hazr-t-bdp-rg, FE=t-bdp-crkweb-lb-fe, Pool=t-bdp-crkweb-lb-bp)
2026-05-22 10:55:56.930	[INFO] [DryRun] LB Probe 배포 예정: hazr-t-bdp-crkweb-lb/t-bdp-crkweb-lb-pb443
2026-05-22 10:55:56.967	[INFO] [DryRun] LB Rule 배포 예정: hazr-t-bdp-crkweb-lb/t-bdp-crkweb-lb-rule443
2026-05-22 10:55:56.989	[INFO] [DryRun] 리소스 그룹 생성 예정: hazr-t-bdp-rg (koreacentral)
2026-05-22 10:55:57.008	[INFO] [DryRun] LB 배포 예정: hazr-t-bdp-cxmadm-lb (RG=hazr-t-bdp-rg, FE=t-bdp-cxmadm-lb-fe, Pool=t-bdp-cxmadm-lb-bp)
2026-05-22 10:55:57.037	[INFO] [DryRun] LB Probe 배포 예정: hazr-t-bdp-cxmadm-lb/t-bdp-cxmadm-lb-pb443
2026-05-22 10:55:57.063	[INFO] [DryRun] LB Rule 배포 예정: hazr-t-bdp-cxmadm-lb/t-bdp-cxmadm-lb-rule443
2026-05-22 10:55:57.088	[INFO] [DryRun] 리소스 그룹 생성 예정: hazr-t-bdp-rg (koreacentral)
2026-05-22 10:55:57.111	[INFO] [DryRun] LB 배포 예정: hazr-t-bdp-slap-lb (RG=hazr-t-bdp-rg, FE=t-bdp-slap-lb-fe, Pool=t-bdp-slap-lb-bp)
2026-05-22 10:55:57.145	[INFO] [DryRun] LB Probe 배포 예정: hazr-t-bdp-slap-lb/t-bdp-slap-lb-pb443
2026-05-22 10:55:57.175	[INFO] [DryRun] LB Rule 배포 예정: hazr-t-bdp-slap-lb/t-bdp-slap-lb-rule443
2026-05-22 10:55:57.200	[INFO] [DryRun] 리소스 그룹 생성 예정: hazr-t-com-rg (koreacentral)
2026-05-22 10:55:57.221	[INFO] [DryRun] LB 배포 예정: hazr-t-com-auth-lb (RG=hazr-t-com-rg, FE=t-com-auth-lb-fe, Pool=t-com-auth-lb-bp)
2026-05-22 10:55:57.250	[INFO] [DryRun] LB Probe 배포 예정: hazr-t-com-auth-lb/t-com-auth-lb-pb8088
2026-05-22 10:55:57.269	[INFO] [DryRun] LB Probe 배포 예정: hazr-t-com-auth-lb/t-com-auth-lb-pb9003
2026-05-22 10:55:57.285	[INFO] [DryRun] LB Probe 배포 예정: hazr-t-com-auth-lb/t-com-auth-lb-pb9005
2026-05-22 10:55:57.309	[INFO] [DryRun] LB Rule 배포 예정: hazr-t-com-auth-lb/t-com-auth-lb-rule8088
2026-05-22 10:55:57.326	[INFO] [DryRun] LB Rule 배포 예정: hazr-t-com-auth-lb/t-com-auth-lb-rule9003
2026-05-22 10:55:57.341	[INFO] [DryRun] LB Rule 배포 예정: hazr-t-com-auth-lb/t-com-auth-lb-rule9005
2026-05-22 10:55:57.359	[INFO] [DryRun] 리소스 그룹 생성 예정: hazr-t-com-rg (koreacentral)
2026-05-22 10:55:57.374	[INFO] [DryRun] LB 배포 예정: hazr-t-com-proxy-lb (RG=hazr-t-com-rg, FE=t-com-proxy-lb-fe, Pool=t-com-proxy-lb-bp)
2026-05-22 10:55:57.396	[INFO] [DryRun] LB Probe 배포 예정: hazr-t-com-proxy-lb/t-com-proxy-lb-pb443
2026-05-22 10:55:57.413	[INFO] [DryRun] LB Probe 배포 예정: hazr-t-com-proxy-lb/t-com-proxy-lb-pb8080
2026-05-22 10:55:57.437	[INFO] [DryRun] LB Rule 배포 예정: hazr-t-com-proxy-lb/t-com-proxy-lb-rule443
2026-05-22 10:55:57.451	[INFO] [DryRun] LB Rule 배포 예정: hazr-t-com-proxy-lb/t-com-proxy-lb-rule8080
2026-05-22 10:55:57.468	[INFO] [DryRun] 리소스 그룹 생성 예정: hazr-t-cs-rg (koreacentral)
2026-05-22 10:55:57.483	[INFO] [DryRun] LB 배포 예정: hazr-t-cs-chtap-lb (RG=hazr-t-cs-rg, FE=t-cs-chtap-lb-fe, Pool=t-cs-chtap-lb-bp)
2026-05-22 10:55:57.504	[INFO] [DryRun][SKIP] LB Probe 필수값 누락(Port): hazr-t-cs-chtap-lb/t-cs-chtap-lb-pb
2026-05-22 10:55:57.526	[INFO] [DryRun] 리소스 그룹 생성 예정: hazr-t-cs-rg (koreacentral)
2026-05-22 10:55:57.543	[INFO] [DryRun] LB 배포 예정: hazr-t-cs-chtintweb-lb (RG=hazr-t-cs-rg, FE=t-cs-chtintweb-lb-fe, Pool=t-cs-chtintweb-lb-bp)
2026-05-22 10:55:57.565	[INFO] [DryRun][SKIP] LB Probe 필수값 누락(Port): hazr-t-cs-chtintweb-lb/t-cs-chtintweb-lb-pb
2026-05-22 10:55:57.586	[INFO] [DryRun] 리소스 그룹 생성 예정: hazr-t-cs-rg (koreacentral)
2026-05-22 10:55:57.602	[INFO] [DryRun] LB 배포 예정: hazr-t-cs-chtweb-lb (RG=hazr-t-cs-rg, FE=t-cs-chtweb-lb-fe, Pool=t-cs-chtweb-lb-bp)
2026-05-22 10:55:57.622	[INFO] [DryRun][SKIP] LB Probe 필수값 누락(Port): hazr-t-cs-chtweb-lb/t-cs-chtweb-lb-pb
2026-05-22 10:55:57.647	[INFO] [DryRun] 리소스 그룹 생성 예정: hazr-t-dip-rg (koreacentral)
2026-05-22 10:55:57.664	[INFO] [DryRun] LB 배포 예정: hazr-t-dip-adm-lb (RG=hazr-t-dip-rg, FE=t-dip-adm-lb-fe, Pool=t-dip-adm-lb-bp)
2026-05-22 10:55:57.689	[INFO] [DryRun] LB Probe 배포 예정: hazr-t-dip-adm-lb/t-dip-adm-lb-pb443
2026-05-22 10:55:57.705	[INFO] [DryRun] LB Probe 배포 예정: hazr-t-dip-adm-lb/t-dip-adm-lb-pb8085
2026-05-22 10:55:57.721	[INFO] [DryRun] LB Probe 배포 예정: hazr-t-dip-adm-lb/t-dip-adm-lb-pb8900
2026-05-22 10:55:57.736	[INFO] [DryRun] LB Probe 배포 예정: hazr-t-dip-adm-lb/t-dip-adm-lb-pb8901
2026-05-22 10:55:57.751	[INFO] [DryRun] LB Probe 배포 예정: hazr-t-dip-adm-lb/t-dip-adm-lb-pb9100
2026-05-22 10:55:57.775	[INFO] [DryRun] LB Rule 배포 예정: hazr-t-dip-adm-lb/t-dip-adm-lb-rule443
2026-05-22 10:55:57.791	[INFO] [DryRun] LB Rule 배포 예정: hazr-t-dip-adm-lb/t-dip-adm-lb-rule8085
2026-05-22 10:55:57.806	[INFO] [DryRun] LB Rule 배포 예정: hazr-t-dip-adm-lb/t-dip-adm-lb-rule8900
2026-05-22 10:55:57.823	[INFO] [DryRun] LB Rule 배포 예정: hazr-t-dip-adm-lb/t-dip-adm-lb-rule8901
2026-05-22 10:55:57.838	[INFO] [DryRun] LB Rule 배포 예정: hazr-t-dip-adm-lb/t-dip-adm-lb-rule9100
2026-05-22 10:55:57.853	[INFO] [DryRun] 리소스 그룹 생성 예정: hazr-t-dip-rg (koreacentral)
2026-05-22 10:55:57.868	[INFO] [DryRun] LB 배포 예정: hazr-t-dip-ap-lb (RG=hazr-t-dip-rg, FE=t-dip-ap-lb-fe, Pool=t-dip-ap-lb-bp)
2026-05-22 10:55:57.890	[INFO] [DryRun] LB Probe 배포 예정: hazr-t-dip-ap-lb/t-dip-ap-lb-pb443
2026-05-22 10:55:57.905	[INFO] [DryRun] LB Probe 배포 예정: hazr-t-dip-ap-lb/t-dip-ap-lb-pb8100
2026-05-22 10:55:57.920	[INFO] [DryRun] LB Probe 배포 예정: hazr-t-dip-ap-lb/t-dip-ap-lb-pb8200
2026-05-22 10:55:57.937	[INFO] [DryRun] LB Probe 배포 예정: hazr-t-dip-ap-lb/t-dip-ap-lb-pb8300
2026-05-22 10:55:57.957	[INFO] [DryRun] LB Probe 배포 예정: hazr-t-dip-ap-lb/t-dip-ap-lb-pb8400
2026-05-22 10:55:57.972	[INFO] [DryRun] LB Probe 배포 예정: hazr-t-dip-ap-lb/t-dip-ap-lb-pb9100
2026-05-22 10:55:57.989	[INFO] [DryRun] LB Probe 배포 예정: hazr-t-dip-ap-lb/t-dip-ap-lb-pb9113
2026-05-22 10:55:58.012	[INFO] [DryRun] LB Rule 배포 예정: hazr-t-dip-ap-lb/t-dip-ap-lb-rule443
2026-05-22 10:55:58.029	[INFO] [DryRun] LB Rule 배포 예정: hazr-t-dip-ap-lb/t-dip-ap-lb-rule8100
2026-05-22 10:55:58.044	[INFO] [DryRun] LB Rule 배포 예정: hazr-t-dip-ap-lb/t-dip-ap-lb-rule8200
2026-05-22 10:55:58.059	[INFO] [DryRun] LB Rule 배포 예정: hazr-t-dip-ap-lb/t-dip-ap-lb-rule8300
2026-05-22 10:55:58.076	[INFO] [DryRun] LB Rule 배포 예정: hazr-t-dip-ap-lb/t-dip-ap-lb-rule8400
2026-05-22 10:55:58.093	[INFO] [DryRun] LB Rule 배포 예정: hazr-t-dip-ap-lb/t-dip-ap-lb-rule9100
2026-05-22 10:55:58.109	[INFO] [DryRun] LB Rule 배포 예정: hazr-t-dip-ap-lb/t-dip-ap-lb-rule9113
2026-05-22 10:55:58.125	[INFO] [DryRun] 리소스 그룹 생성 예정: hazr-t-dip-rg (koreacentral)
2026-05-22 10:55:58.139	[INFO] [DryRun] LB 배포 예정: hazr-t-dip-geoap-lb (RG=hazr-t-dip-rg, FE=t-dip-geoap-lb-fe, Pool=t-dip-geoap-lb-bp)
2026-05-22 10:55:58.159	[INFO] [DryRun] LB Probe 배포 예정: hazr-t-dip-geoap-lb/t-dip-geoap-lb-pb3660
2026-05-22 10:55:58.174	[INFO] [DryRun] LB Probe 배포 예정: hazr-t-dip-geoap-lb/t-dip-geoap-lb-pb3661
2026-05-22 10:55:58.186	[INFO] [DryRun] LB Probe 배포 예정: hazr-t-dip-geoap-lb/t-dip-geoap-lb-pb3670
2026-05-22 10:55:58.201	[INFO] [DryRun] LB Probe 배포 예정: hazr-t-dip-geoap-lb/t-dip-geoap-lb-pb3671
2026-05-22 10:55:58.216	[INFO] [DryRun] LB Probe 배포 예정: hazr-t-dip-geoap-lb/t-dip-geoap-lb-pb9100
2026-05-22 10:55:58.235	[INFO] [DryRun] LB Rule 배포 예정: hazr-t-dip-geoap-lb/t-dip-geoap-lb-rule3660
2026-05-22 10:55:58.252	[INFO] [DryRun] LB Rule 배포 예정: hazr-t-dip-geoap-lb/t-dip-geoap-lb-rule3661
2026-05-22 10:55:58.266	[INFO] [DryRun] LB Rule 배포 예정: hazr-t-dip-geoap-lb/t-dip-geoap-lb-rule3670
2026-05-22 10:55:58.280	[INFO] [DryRun] LB Rule 배포 예정: hazr-t-dip-geoap-lb/t-dip-geoap-lb-rule3671
2026-05-22 10:55:58.293	[INFO] [DryRun] LB Rule 배포 예정: hazr-t-dip-geoap-lb/t-dip-geoap-lb-rule9100
2026-05-22 10:55:58.307	[INFO] [DryRun] 리소스 그룹 생성 예정: hazr-t-dip-rg (koreacentral)
2026-05-22 10:55:58.321	[INFO] [DryRun] LB 배포 예정: hazr-t-dip-mqap-lb (RG=hazr-t-dip-rg, FE=t-dip-mqap-lb-fe, Pool=t-dip-mqap-lb-bp)
2026-05-22 10:55:58.341	[INFO] [DryRun] LB Probe 배포 예정: hazr-t-dip-mqap-lb/t-dip-mqap-lb-pb1883
2026-05-22 10:55:58.356	[INFO] [DryRun] LB Probe 배포 예정: hazr-t-dip-mqap-lb/t-dip-mqap-lb-pb1884
2026-05-22 10:55:58.373	[INFO] [DryRun] LB Probe 배포 예정: hazr-t-dip-mqap-lb/t-dip-mqap-lb-pb18083
2026-05-22 10:55:58.390	[INFO] [DryRun] LB Probe 배포 예정: hazr-t-dip-mqap-lb/t-dip-mqap-lb-pb9100
2026-05-22 10:55:58.414	[INFO] [DryRun] LB Rule 배포 예정: hazr-t-dip-mqap-lb/t-dip-mqap-lb-rule1883
2026-05-22 10:55:58.429	[INFO] [DryRun] LB Rule 배포 예정: hazr-t-dip-mqap-lb/t-dip-mqap-lb-rule1884
2026-05-22 10:55:58.443	[INFO] [DryRun] LB Rule 배포 예정: hazr-t-dip-mqap-lb/t-dip-mqap-lb-rule18083
2026-05-22 10:55:58.463	[INFO] [DryRun] LB Rule 배포 예정: hazr-t-dip-mqap-lb/t-dip-mqap-lb-rule9100
2026-05-22 10:55:58.483	[INFO] [DryRun] 리소스 그룹 생성 예정: hazr-t-dip-rg (koreacentral)
2026-05-22 10:55:58.498	[INFO] [DryRun] LB 배포 예정: hazr-t-dip-mqweb-lb (RG=hazr-t-dip-rg, FE=t-dip-mqweb-lb-fe, Pool=t-dip-mqweb-lb-bp)
2026-05-22 10:55:58.526	[INFO] [DryRun] LB Probe 배포 예정: hazr-t-dip-mqweb-lb/t-dip-mqweb-lb-pb8883
2026-05-22 10:55:58.541	[INFO] [DryRun] LB Probe 배포 예정: hazr-t-dip-mqweb-lb/t-dip-mqweb-lb-pb1884
2026-05-22 10:55:58.557	[INFO] [DryRun] LB Probe 배포 예정: hazr-t-dip-mqweb-lb/t-dip-mqweb-lb-pb9100
2026-05-22 10:55:58.578	[INFO] [DryRun] LB Rule 배포 예정: hazr-t-dip-mqweb-lb/t-dip-mqweb-lb-rule8883
2026-05-22 10:55:58.593	[INFO] [DryRun] LB Rule 배포 예정: hazr-t-dip-mqweb-lb/t-dip-mqweb-lb-rule1884
2026-05-22 10:55:58.608	[INFO] [DryRun] LB Rule 배포 예정: hazr-t-dip-mqweb-lb/t-dip-mqweb-lb-rule9100
2026-05-22 10:55:58.624	[INFO] [DryRun] 리소스 그룹 생성 예정: hazr-t-dip-rg (koreacentral)
2026-05-22 10:55:58.639	[INFO] [DryRun] LB 배포 예정: hazr-t-dip-web-lb (RG=hazr-t-dip-rg, FE=t-dip-web-lb-fe, Pool=t-dip-web-lb-bp)
2026-05-22 10:55:58.667	[INFO] [DryRun] LB Probe 배포 예정: hazr-t-dip-web-lb/t-dip-web-lb-pb443
2026-05-22 10:55:58.682	[INFO] [DryRun] LB Probe 배포 예정: hazr-t-dip-web-lb/t-dip-web-lb-pb9100
2026-05-22 10:55:58.702	[INFO] [DryRun] LB Rule 배포 예정: hazr-t-dip-web-lb/t-dip-web-lb-rule443
2026-05-22 10:55:58.716	[INFO] [DryRun] LB Rule 배포 예정: hazr-t-dip-web-lb/t-dip-web-lb-rule9100
2026-05-22 10:55:58.732	[INFO] [DryRun] 리소스 그룹 생성 예정: hazr-t-dis-rg (koreacentral)
2026-05-22 10:55:58.750	[INFO] [DryRun] LB 배포 예정: hazr-t-dis-adm-lb (RG=hazr-t-dis-rg, FE=t-dis-adm-lb-fe, Pool=t-dis-adm-lb-bp)
2026-05-22 10:55:58.772	[INFO] [DryRun] LB Probe 배포 예정: hazr-t-dis-adm-lb/t-dis-adm-lb-pb443
2026-05-22 10:55:58.797	[INFO] [DryRun] LB Rule 배포 예정: hazr-t-dis-adm-lb/t-dis-adm-lb-rule443
2026-05-22 10:55:58.814	[INFO] [DryRun] 리소스 그룹 생성 예정: hazr-t-dis-rg (koreacentral)
2026-05-22 10:55:58.831	[INFO] [DryRun] LB 배포 예정: hazr-t-dis-ap-lb (RG=hazr-t-dis-rg, FE=t-dis-ap-lb-fe, Pool=t-dis-ap-lb-bp)
2026-05-22 10:55:58.852	[INFO] [DryRun] LB Probe 배포 예정: hazr-t-dis-ap-lb/t-dis-ap-lb-pb8080
2026-05-22 10:55:58.874	[INFO] [DryRun] LB Rule 배포 예정: hazr-t-dis-ap-lb/t-dis-ap-lb-rule8080
2026-05-22 10:55:58.891	[INFO] [DryRun] 리소스 그룹 생성 예정: hazr-t-dis-rg (koreacentral)
2026-05-22 10:55:58.908	[INFO] [DryRun] LB 배포 예정: hazr-t-dis-bbicltap-lb (RG=hazr-t-dis-rg, FE=t-dis-bbicltap-lb-fe, Pool=t-dis-bbicltap-lb-bp)
2026-05-22 10:55:58.930	[INFO] [DryRun] LB Probe 배포 예정: hazr-t-dis-bbicltap-lb/t-dis-bbicltap-lb-pb20000
2026-05-22 10:55:58.949	[INFO] [DryRun] LB Probe 배포 예정: hazr-t-dis-bbicltap-lb/t-dis-bbicltap-lb-pb21000
2026-05-22 10:55:58.971	[INFO] [DryRun] LB Probe 배포 예정: hazr-t-dis-bbicltap-lb/t-dis-bbicltap-lb-pb22000
2026-05-22 10:55:58.996	[INFO] [DryRun] LB Rule 배포 예정: hazr-t-dis-bbicltap-lb/t-dis-bbicltap-lb-rule20000
2026-05-22 10:55:59.011	[INFO] [DryRun] LB Rule 배포 예정: hazr-t-dis-bbicltap-lb/t-dis-bbicltap-lb-rule21000
2026-05-22 10:55:59.027	[INFO] [DryRun] LB Rule 배포 예정: hazr-t-dis-bbicltap-lb/t-dis-bbicltap-lb-rule22000
2026-05-22 10:55:59.044	[INFO] [DryRun] 리소스 그룹 생성 예정: hazr-t-dis-rg (koreacentral)
2026-05-22 10:55:59.060	[INFO] [DryRun] LB 배포 예정: hazr-t-dis-bbimsgap-lb (RG=hazr-t-dis-rg, FE=t-dis-bbimsgap-lb-fe, Pool=t-dis-bbimsgap-lb-bp)
2026-05-22 10:55:59.082	[INFO] [DryRun] LB Probe 배포 예정: hazr-t-dis-bbimsgap-lb/t-dis-bbimsgap-lb-pb20030
2026-05-22 10:55:59.153	[INFO] [DryRun] LB Rule 배포 예정: hazr-t-dis-bbimsgap-lb/t-dis-bbimsgap-lb-rule20030
2026-05-22 10:55:59.182	[INFO] [DryRun] 리소스 그룹 생성 예정: hazr-t-dis-rg (koreacentral)
2026-05-22 10:55:59.198	[INFO] [DryRun] LB 배포 예정: hazr-t-dis-bbiweb-lb (RG=hazr-t-dis-rg, FE=t-dis-bbiweb-lb-fe, Pool=t-dis-bbiweb-lb-bp)
2026-05-22 10:55:59.224	[INFO] [DryRun] LB Probe 배포 예정: hazr-t-dis-bbiweb-lb/t-dis-bbiweb-lb-pb443
2026-05-22 10:55:59.251	[INFO] [DryRun] LB Rule 배포 예정: hazr-t-dis-bbiweb-lb/t-dis-bbiweb-lb-rule443
2026-05-22 10:55:59.268	[INFO] [DryRun] 리소스 그룹 생성 예정: hazr-t-dis-rg (koreacentral)
2026-05-22 10:55:59.282	[INFO] [DryRun] LB 배포 예정: hazr-t-dis-cmbsap-lb (RG=hazr-t-dis-rg, FE=t-dis-cmbsap-lb-fe, Pool=t-dis-cmbsap-lb-bp)
2026-05-22 10:55:59.309	[INFO] [DryRun] LB Probe 배포 예정: hazr-t-dis-cmbsap-lb/t-dis-cmbsap-lb-pb8080
2026-05-22 10:55:59.331	[INFO] [DryRun] LB Rule 배포 예정: hazr-t-dis-cmbsap-lb/t-dis-cmbsap-lb-rule8080
2026-05-22 10:55:59.348	[INFO] [DryRun] 리소스 그룹 생성 예정: hazr-t-dis-rg (koreacentral)
2026-05-22 10:55:59.365	[INFO] [DryRun] LB 배포 예정: hazr-t-dis-cmsadm-lb (RG=hazr-t-dis-rg, FE=t-dis-cmsadm-lb-fe, Pool=t-dis-cmsadm-lb-bp)
2026-05-22 10:55:59.397	[INFO] [DryRun] LB Probe 배포 예정: hazr-t-dis-cmsadm-lb/t-dis-cmsadm-lb-pb443
2026-05-22 10:55:59.421	[INFO] [DryRun] LB Rule 배포 예정: hazr-t-dis-cmsadm-lb/t-dis-cmsadm-lb-rule443
2026-05-22 10:55:59.440	[INFO] [DryRun] 리소스 그룹 생성 예정: hazr-t-dis-rg (koreacentral)
2026-05-22 10:55:59.455	[INFO] [DryRun] LB 배포 예정: hazr-t-dis-cmsap-lb (RG=hazr-t-dis-rg, FE=t-dis-cmsap-lb-fe, Pool=t-dis-cmsap-lb-bp)
2026-05-22 10:55:59.476	[INFO] [DryRun] LB Probe 배포 예정: hazr-t-dis-cmsap-lb/t-dis-cmsap-lb-pb4001
2026-05-22 10:55:59.497	[INFO] [DryRun] LB Rule 배포 예정: hazr-t-dis-cmsap-lb/t-dis-cmsap-lb-rule4001
2026-05-22 10:55:59.514	[INFO] [DryRun] 리소스 그룹 생성 예정: hazr-t-dis-rg (koreacentral)
2026-05-22 10:55:59.530	[INFO] [DryRun] LB 배포 예정: hazr-t-dis-cmsweb-lb (RG=hazr-t-dis-rg, FE=t-dis-cmsweb-lb-fe, Pool=t-dis-cmsweb-lb-bp)
2026-05-22 10:55:59.551	[INFO] [DryRun] LB Probe 배포 예정: hazr-t-dis-cmsweb-lb/t-dis-cmsweb-lb-pb80
2026-05-22 10:55:59.573	[INFO] [DryRun] LB Probe 배포 예정: hazr-t-dis-cmsweb-lb/t-dis-cmsweb-lb-pb443
2026-05-22 10:55:59.593	[INFO] [DryRun] LB Rule 배포 예정: hazr-t-dis-cmsweb-lb/t-dis-cmsweb-lb-rule80
2026-05-22 10:55:59.610	[INFO] [DryRun] LB Rule 배포 예정: hazr-t-dis-cmsweb-lb/t-dis-cmsweb-lb-rule443
2026-05-22 10:55:59.628	[INFO] [DryRun] 리소스 그룹 생성 예정: hazr-t-dis-rg (koreacentral)
2026-05-22 10:55:59.642	[INFO] [DryRun] LB 배포 예정: hazr-t-dis-drvcltap-lb (RG=hazr-t-dis-rg, FE=t-dis-drvcltap-lb-fe, Pool=t-dis-drvcltap-lb-bp)
2026-05-22 10:55:59.663	[INFO] [DryRun] LB Probe 배포 예정: hazr-t-dis-drvcltap-lb/t-dis-drvcltap-lb-pb8081
2026-05-22 10:55:59.683	[INFO] [DryRun] LB Rule 배포 예정: hazr-t-dis-drvcltap-lb/t-dis-drvcltap-lb-rule8081
2026-05-22 10:55:59.701	[INFO] [DryRun] 리소스 그룹 생성 예정: hazr-t-dis-rg (koreacentral)
2026-05-22 10:55:59.721	[INFO] [DryRun] LB 배포 예정: hazr-t-dis-drvmsgap-lb (RG=hazr-t-dis-rg, FE=t-dis-drvmsgap-lb-fe, Pool=t-dis-drvmsgap-lb-bp)
2026-05-22 10:55:59.743	[INFO] [DryRun] LB Probe 배포 예정: hazr-t-dis-drvmsgap-lb/t-dis-drvmsgap-lb-pb8080
2026-05-22 10:55:59.765	[INFO] [DryRun] LB Rule 배포 예정: hazr-t-dis-drvmsgap-lb/t-dis-drvmsgap-lb-rule8080
2026-05-22 10:55:59.784	[INFO] [DryRun] 리소스 그룹 생성 예정: hazr-t-dis-rg (koreacentral)
2026-05-22 10:55:59.800	[INFO] [DryRun] LB 배포 예정: hazr-t-dis-walkap-lb (RG=hazr-t-dis-rg, FE=t-dis-walkap-lb-fe, Pool=t-dis-walkap-lb-bp)
2026-05-22 10:55:59.823	[INFO] [DryRun] LB Probe 배포 예정: hazr-t-dis-walkap-lb/t-dis-walkap-lb-pb8080
2026-05-22 10:55:59.849	[INFO] [DryRun] LB Rule 배포 예정: hazr-t-dis-walkap-lb/t-dis-walkap-lb-rule8080
2026-05-22 10:55:59.869	[INFO] [DryRun] 리소스 그룹 생성 예정: hazr-t-dis-rg (koreacentral)
2026-05-22 10:55:59.885	[INFO] [DryRun] LB 배포 예정: hazr-t-dis-walkweb-lb (RG=hazr-t-dis-rg, FE=t-dis-walkweb-lb-fe, Pool=t-dis-walkweb-lb-bp)
2026-05-22 10:55:59.908	[INFO] [DryRun] LB Probe 배포 예정: hazr-t-dis-walkweb-lb/t-dis-walkweb-lb-pb443
2026-05-22 10:55:59.931	[INFO] [DryRun] LB Rule 배포 예정: hazr-t-dis-walkweb-lb/t-dis-walkweb-lb-rule443
2026-05-22 10:55:59.949	[INFO] [DryRun] 리소스 그룹 생성 예정: hazr-t-dis-rg (koreacentral)
2026-05-22 10:55:59.973	[INFO] [DryRun] LB 배포 예정: hazr-t-dis-web-lb (RG=hazr-t-dis-rg, FE=t-dis-web-lb-fe, Pool=t-dis-web-lb-bp)
2026-05-22 10:55:59.993	[INFO] [DryRun] LB Probe 배포 예정: hazr-t-dis-web-lb/t-dis-web-lb-pb80
2026-05-22 10:56:00.008	[INFO] [DryRun] LB Probe 배포 예정: hazr-t-dis-web-lb/t-dis-web-lb-pb443
2026-05-22 10:56:00.038	[INFO] [DryRun] LB Rule 배포 예정: hazr-t-dis-web-lb/t-dis-web-lb-rule80
2026-05-22 10:56:00.059	[INFO] [DryRun] LB Rule 배포 예정: hazr-t-dis-web-lb/t-dis-web-lb-rule443
2026-05-22 10:56:00.076	[INFO] [DryRun] 리소스 그룹 생성 예정: hazr-t-doip-rg (koreacentral)
2026-05-22 10:56:00.091	[INFO] [DryRun] LB 배포 예정: hazr-t-doip-adm-lb (RG=hazr-t-doip-rg, FE=t-doip-adm-lb-fe, Pool=t-doip-adm-lb-bp)
2026-05-22 10:56:00.113	[INFO] [DryRun][SKIP] LB Probe 필수값 누락(Port): hazr-t-doip-adm-lb/t-doip-adm-lb-pb
2026-05-22 10:56:00.134	[INFO] [DryRun] 리소스 그룹 생성 예정: hazr-t-doip-rg (koreacentral)
2026-05-22 10:56:00.147	[INFO] [DryRun] LB 배포 예정: hazr-t-doip-ap-lb (RG=hazr-t-doip-rg, FE=t-doip-ap-lb-fe, Pool=t-doip-ap-lb-bp)
2026-05-22 10:56:00.167	[INFO] [DryRun][SKIP] LB Probe 필수값 누락(Port): hazr-t-doip-ap-lb/t-doip-ap-lb-pb
2026-05-22 10:56:00.189	[INFO] [DryRun] 리소스 그룹 생성 예정: hazr-t-doip-rg (koreacentral)
2026-05-22 10:56:00.202	[INFO] [DryRun] LB 배포 예정: hazr-t-doip-web-lb (RG=hazr-t-doip-rg, FE=t-doip-web-lb-fe, Pool=t-doip-web-lb-bp)
2026-05-22 10:56:00.222	[INFO] [DryRun][SKIP] LB Probe 필수값 누락(Port): hazr-t-doip-web-lb/t-doip-web-lb-pb
2026-05-22 10:56:00.245	[INFO] [DryRun] 리소스 그룹 생성 예정: hazr-t-dtg-rg (koreacentral)
2026-05-22 10:56:00.260	[INFO] [DryRun] LB 배포 예정: hazr-t-dtg-admap-lb (RG=hazr-t-dtg-rg, FE=t-dtg-admap-lb-fe, Pool=t-dtg-admap-lb-bp)
2026-05-22 10:56:00.280	[INFO] [DryRun] LB Probe 배포 예정: hazr-t-dtg-admap-lb/t-dtg-admap-lb-pb8085
2026-05-22 10:56:00.295	[INFO] [DryRun] LB Probe 배포 예정: hazr-t-dtg-admap-lb/t-dtg-admap-lb-pb8087
2026-05-22 10:56:00.315	[INFO] [DryRun] LB Rule 배포 예정: hazr-t-dtg-admap-lb/t-dtg-admap-lb-rule8085
2026-05-22 10:56:00.331	[INFO] [DryRun] LB Rule 배포 예정: hazr-t-dtg-admap-lb/t-dtg-admap-lb-rule8087
2026-05-22 10:56:00.348	[INFO] [DryRun] 리소스 그룹 생성 예정: hazr-t-dtg-rg (koreacentral)
2026-05-22 10:56:00.362	[INFO] [DryRun] LB 배포 예정: hazr-t-dtg-admweb-lb (RG=hazr-t-dtg-rg, FE=t-dtg-admweb-lb-fe, Pool=t-dtg-admweb-lb-bp)
2026-05-22 10:56:00.382	[INFO] [DryRun] LB Probe 배포 예정: hazr-t-dtg-admweb-lb/t-dtg-admweb-lb-pb8088
2026-05-22 10:56:00.402	[INFO] [DryRun] LB Rule 배포 예정: hazr-t-dtg-admweb-lb/t-dtg-admweb-lb-rule8088
2026-05-22 10:56:00.418	[INFO] [DryRun] 리소스 그룹 생성 예정: hazr-t-dtg-rg (koreacentral)
2026-05-22 10:56:00.431	[INFO] [DryRun] LB 배포 예정: hazr-t-dtg-ap-lb (RG=hazr-t-dtg-rg, FE=t-dtg-ap-lb-fe, Pool=t-dtg-ap-lb-bp)
2026-05-22 10:56:00.450	[INFO] [DryRun] LB Probe 배포 예정: hazr-t-dtg-ap-lb/t-dtg-ap-lb-pb8080
2026-05-22 10:56:00.463	[INFO] [DryRun] LB Probe 배포 예정: hazr-t-dtg-ap-lb/t-dtg-ap-lb-pb9087
2026-05-22 10:56:00.482	[INFO] [DryRun] LB Rule 배포 예정: hazr-t-dtg-ap-lb/t-dtg-ap-lb-rule8080
2026-05-22 10:56:00.499	[INFO] [DryRun] LB Rule 배포 예정: hazr-t-dtg-ap-lb/t-dtg-ap-lb-rule9087
2026-05-22 10:56:00.513	[INFO] [DryRun] 리소스 그룹 생성 예정: hazr-t-dtg-rg (koreacentral)
2026-05-22 10:56:00.528	[INFO] [DryRun] LB 배포 예정: hazr-t-dtg-cdmlap-lb (RG=hazr-t-dtg-rg, FE=t-dtg-cdmlap-lb-fe, Pool=t-dtg-cdmlap-lb-bp)
2026-05-22 10:56:00.548	[INFO] [DryRun] LB Probe 배포 예정: hazr-t-dtg-cdmlap-lb/t-dtg-cdmlap-lb-pb9305
2026-05-22 10:56:00.561	[INFO] [DryRun] LB Probe 배포 예정: hazr-t-dtg-cdmlap-lb/t-dtg-cdmlap-lb-pb9306
2026-05-22 10:56:00.581	[INFO] [DryRun] LB Rule 배포 예정: hazr-t-dtg-cdmlap-lb/t-dtg-cdmlap-lb-rule9305
2026-05-22 10:56:00.595	[INFO] [DryRun] LB Rule 배포 예정: hazr-t-dtg-cdmlap-lb/t-dtg-cdmlap-lb-rule9306
2026-05-22 10:56:00.612	[INFO] [DryRun] 리소스 그룹 생성 예정: hazr-t-dtg-rg (koreacentral)
2026-05-22 10:56:00.626	[INFO] [DryRun] LB 배포 예정: hazr-t-dtg-cdstap-lb (RG=hazr-t-dtg-rg, FE=t-dtg-cdstap-lb-fe, Pool=t-dtg-cdstap-lb-bp)
2026-05-22 10:56:00.646	[INFO] [DryRun][SKIP] LB Probe 필수값 누락(Port): hazr-t-dtg-cdstap-lb/t-dtg-cdstap-lb-pb
2026-05-22 10:56:00.666	[INFO] [DryRun] 리소스 그룹 생성 예정: hazr-t-dtg-rg (koreacentral)
2026-05-22 10:56:00.681	[INFO] [DryRun] LB 배포 예정: hazr-t-dtg-cdsvadm-lb (RG=hazr-t-dtg-rg, FE=t-dtg-cdsvadm-lb-fe, Pool=t-dtg-cdsvadm-lb-bp)
2026-05-22 10:56:00.703	[INFO] [DryRun] LB Probe 배포 예정: hazr-t-dtg-cdsvadm-lb/t-dtg-cdsvadm-lb-pb9100
2026-05-22 10:56:00.723	[INFO] [DryRun] LB Probe 배포 예정: hazr-t-dtg-cdsvadm-lb/t-dtg-cdsvadm-lb-pb9300
2026-05-22 10:56:00.742	[INFO] [DryRun] LB Probe 배포 예정: hazr-t-dtg-cdsvadm-lb/t-dtg-cdsvadm-lb-pb9105
2026-05-22 10:56:00.761	[INFO] [DryRun] LB Probe 배포 예정: hazr-t-dtg-cdsvadm-lb/t-dtg-cdsvadm-lb-pb9003
2026-05-22 10:56:00.778	[INFO] [DryRun] LB Probe 배포 예정: hazr-t-dtg-cdsvadm-lb/t-dtg-cdsvadm-lb-pb8088
2026-05-22 10:56:00.801	[INFO] [DryRun] LB Rule 배포 예정: hazr-t-dtg-cdsvadm-lb/t-dtg-cdsvadm-lb-rule9100
2026-05-22 10:56:00.822	[INFO] [DryRun] LB Rule 배포 예정: hazr-t-dtg-cdsvadm-lb/t-dtg-cdsvadm-lb-rule9300
2026-05-22 10:56:00.855	[INFO] [DryRun] LB Rule 배포 예정: hazr-t-dtg-cdsvadm-lb/t-dtg-cdsvadm-lb-rule9105
2026-05-22 10:56:00.879	[INFO] [DryRun] LB Rule 배포 예정: hazr-t-dtg-cdsvadm-lb/t-dtg-cdsvadm-lb-rule9003
2026-05-22 10:56:00.899	[INFO] [DryRun] LB Rule 배포 예정: hazr-t-dtg-cdsvadm-lb/t-dtg-cdsvadm-lb-rule8088
2026-05-22 10:56:00.921	[INFO] [DryRun] 리소스 그룹 생성 예정: hazr-t-dtg-rg (koreacentral)
2026-05-22 10:56:00.942	[INFO] [DryRun] LB 배포 예정: hazr-t-dtg-diosap-lb (RG=hazr-t-dtg-rg, FE=t-dtg-diosap-lb-fe, Pool=t-dtg-diosap-lb-bp)
2026-05-22 10:56:00.974	[INFO] [DryRun] LB Probe 배포 예정: hazr-t-dtg-diosap-lb/t-dtg-diosap-lb-pb8080
2026-05-22 10:56:01.008	[INFO] [DryRun] LB Rule 배포 예정: hazr-t-dtg-diosap-lb/t-dtg-diosap-lb-rule8080
2026-05-22 10:56:01.033	[INFO] [DryRun] 리소스 그룹 생성 예정: hazr-t-dtg-rg (koreacentral)
2026-05-22 10:56:01.055	[INFO] [DryRun] LB 배포 예정: hazr-t-dtg-diosweb-lb (RG=hazr-t-dtg-rg, FE=t-dtg-diosweb-lb-fe, Pool=t-dtg-diosweb-lb-bp)
2026-05-22 10:56:01.096	[INFO] [DryRun] LB Probe 배포 예정: hazr-t-dtg-diosweb-lb/t-dtg-diosweb-lb-pb443
2026-05-22 10:56:01.125	[INFO] [DryRun] LB Rule 배포 예정: hazr-t-dtg-diosweb-lb/t-dtg-diosweb-lb-rule443
2026-05-22 10:56:01.150	[INFO] [DryRun] 리소스 그룹 생성 예정: hazr-t-dtg-rg (koreacentral)
2026-05-22 10:56:01.179	[INFO] [DryRun] LB 배포 예정: hazr-t-dtg-dprap-lb (RG=hazr-t-dtg-rg, FE=t-dtg-dprap-lb-fe, Pool=t-dtg-dprap-lb-bp)
2026-05-22 10:56:01.228	[INFO] [DryRun] LB Probe 배포 예정: hazr-t-dtg-dprap-lb/t-dtg-dprap-lb-pb8082
2026-05-22 10:56:01.268	[INFO] [DryRun] LB Rule 배포 예정: hazr-t-dtg-dprap-lb/t-dtg-dprap-lb-rule8082
2026-05-22 10:56:01.296	[INFO] [DryRun] 리소스 그룹 생성 예정: hazr-t-dtg-rg (koreacentral)
2026-05-22 10:56:01.318	[INFO] [DryRun] LB 배포 예정: hazr-t-dtg-dprweb-lb (RG=hazr-t-dtg-rg, FE=t-dtg-dprweb-lb-fe, Pool=t-dtg-dprweb-lb-bp)
2026-05-22 10:56:01.354	[INFO] [DryRun] LB Probe 배포 예정: hazr-t-dtg-dprweb-lb/t-dtg-dprweb-lb-pb443
2026-05-22 10:56:01.402	[INFO] [DryRun] LB Rule 배포 예정: hazr-t-dtg-dprweb-lb/t-dtg-dprweb-lb-rule443
2026-05-22 10:56:01.430	[INFO] [DryRun] 리소스 그룹 생성 예정: hazr-t-dtg-rg (koreacentral)
2026-05-22 10:56:01.456	[INFO] [DryRun] LB 배포 예정: hazr-t-dtg-extgeoap-lb (RG=hazr-t-dtg-rg, FE=t-dtg-extgeoap-lb-fe, Pool=t-dtg-extgeoap-lb-bp)
2026-05-22 10:56:01.488	[INFO] [DryRun] LB Probe 배포 예정: hazr-t-dtg-extgeoap-lb/t-dtg-extgeoap-lb-pb3660
2026-05-22 10:56:01.512	[INFO] [DryRun] LB Probe 배포 예정: hazr-t-dtg-extgeoap-lb/t-dtg-extgeoap-lb-pb3661
2026-05-22 10:56:01.537	[INFO] [DryRun] LB Rule 배포 예정: hazr-t-dtg-extgeoap-lb/t-dtg-extgeoap-lb-rule3660
2026-05-22 10:56:01.554	[INFO] [DryRun] LB Rule 배포 예정: hazr-t-dtg-extgeoap-lb/t-dtg-extgeoap-lb-rule3661
2026-05-22 10:56:01.572	[INFO] [DryRun] 리소스 그룹 생성 예정: hazr-t-dtg-rg (koreacentral)
2026-05-22 10:56:01.591	[INFO] [DryRun] LB 배포 예정: hazr-t-dtg-geoap-lb (RG=hazr-t-dtg-rg, FE=t-dtg-geoap-lb-fe, Pool=t-dtg-geoap-lb-bp)
2026-05-22 10:56:01.612	[INFO] [DryRun] LB Probe 배포 예정: hazr-t-dtg-geoap-lb/t-dtg-geoap-lb-pb8089
2026-05-22 10:56:01.625	[INFO] [DryRun] LB Probe 배포 예정: hazr-t-dtg-geoap-lb/t-dtg-geoap-lb-pb9089
2026-05-22 10:56:01.646	[INFO] [DryRun] LB Rule 배포 예정: hazr-t-dtg-geoap-lb/t-dtg-geoap-lb-rule8089
2026-05-22 10:56:01.660	[INFO] [DryRun] LB Rule 배포 예정: hazr-t-dtg-geoap-lb/t-dtg-geoap-lb-rule9089
2026-05-22 10:56:01.676	[INFO] [DryRun] 리소스 그룹 생성 예정: hazr-t-dtg-rg (koreacentral)
2026-05-22 10:56:01.691	[INFO] [DryRun] LB 배포 예정: hazr-t-dtg-ingap-lb (RG=hazr-t-dtg-rg, FE=t-dtg-ingap-lb-fe, Pool=t-dtg-ingap-lb-bp)
2026-05-22 10:56:01.716	[INFO] [DryRun] LB Probe 배포 예정: hazr-t-dtg-ingap-lb/t-dtg-ingap-lb-pb8081
2026-05-22 10:56:01.743	[INFO] [DryRun] LB Rule 배포 예정: hazr-t-dtg-ingap-lb/t-dtg-ingap-lb-rule8081
2026-05-22 10:56:01.767	[INFO] [DryRun] 리소스 그룹 생성 예정: hazr-t-dtg-rg (koreacentral)
2026-05-22 10:56:01.789	[INFO] [DryRun] LB 배포 예정: hazr-t-dtg-mq-lb (RG=hazr-t-dtg-rg, FE=t-dtg-mq-lb-fe, Pool=t-dtg-mq-lb-bp)
2026-05-22 10:56:01.818	[INFO] [DryRun] LB Probe 배포 예정: hazr-t-dtg-mq-lb/t-dtg-mq-lb-pb1883
2026-05-22 10:56:01.846	[INFO] [DryRun] LB Probe 배포 예정: hazr-t-dtg-mq-lb/t-dtg-mq-lb-pb1884
2026-05-22 10:56:01.880	[INFO] [DryRun] LB Rule 배포 예정: hazr-t-dtg-mq-lb/t-dtg-mq-lb-rule1883
2026-05-22 10:56:01.903	[INFO] [DryRun] LB Rule 배포 예정: hazr-t-dtg-mq-lb/t-dtg-mq-lb-rule1884
2026-05-22 10:56:01.927	[INFO] [DryRun] 리소스 그룹 생성 예정: hazr-t-dtg-rg (koreacentral)
2026-05-22 10:56:01.947	[INFO] [DryRun] LB 배포 예정: hazr-t-dtg-web-lb (RG=hazr-t-dtg-rg, FE=t-dtg-web-lb-fe, Pool=t-dtg-web-lb-bp)
2026-05-22 10:56:01.981	[INFO] [DryRun] LB Probe 배포 예정: hazr-t-dtg-web-lb/t-dtg-web-lb-pb8080
2026-05-22 10:56:02.001	[INFO] [DryRun] LB Probe 배포 예정: hazr-t-dtg-web-lb/t-dtg-web-lb-pb8081
2026-05-22 10:56:02.032	[INFO] [DryRun] LB Rule 배포 예정: hazr-t-dtg-web-lb/t-dtg-web-lb-rule8080
2026-05-22 10:56:02.050	[INFO] [DryRun] LB Rule 배포 예정: hazr-t-dtg-web-lb/t-dtg-web-lb-rule8081
2026-05-22 10:56:02.067	[INFO] [END] Deploy-LoadBalancers
2026-05-22 10:56:02.092	[INFO] [START] Deploy-Vms
2026-05-22 10:56:02.329	[INFO] Excel 시트 로드: VM
2026-05-22 10:56:02.512	[INFO] [DryRun] 리소스 그룹 생성 예정: hazr-t-cs-rg (koreacentral)
2026-05-22 10:56:02.581	[INFO] [DryRun] VM 배포 예정: hazr-t-cs-chtweb01 (Template=.\템플릿\VM\template-VM-LinuxZone_Image.json)
2026-05-22 10:56:02.596	[INFO] [DryRun] 리소스 그룹 생성 예정: hazr-t-cs-rg (koreacentral)
2026-05-22 10:56:02.619	[INFO] [DryRun] VM 배포 예정: hazr-t-cs-chtintweb01 (Template=.\템플릿\VM\template-VM-LinuxZone_Image.json)
2026-05-22 10:56:02.634	[INFO] [DryRun] 리소스 그룹 생성 예정: hazr-t-cs-rg (koreacentral)
2026-05-22 10:56:02.661	[INFO] [DryRun] VM 배포 예정: hazr-t-cs-chtap01 (Template=.\템플릿\VM\template-VM-LinuxZone_Image.json)
2026-05-22 10:56:02.676	[INFO] [DryRun] 리소스 그룹 생성 예정: hazr-t-dis-rg (koreacentral)
2026-05-22 10:56:02.702	[INFO] [DryRun] VM 배포 예정: hazr-t-dis-ap01 (Template=.\템플릿\VM\template-VM-LinuxZone_Image.json)
2026-05-22 10:56:02.723	[INFO] [DryRun] 리소스 그룹 생성 예정: hazr-t-dis-rg (koreacentral)
2026-05-22 10:56:02.746	[INFO] [DryRun] VM 배포 예정: hazr-t-dis-adm01 (Template=.\템플릿\VM\template-VM-LinuxZone_Image.json)
2026-05-22 10:56:02.762	[INFO] [DryRun] 리소스 그룹 생성 예정: hazr-t-dis-rg (koreacentral)
2026-05-22 10:56:02.793	[INFO] [DryRun] VM 배포 예정: hazr-t-dis-bbiweb01 (Template=.\템플릿\VM\template-VM-LinuxZone_Image.json)
2026-05-22 10:56:02.810	[INFO] [DryRun] 리소스 그룹 생성 예정: hazr-t-dis-rg (koreacentral)
2026-05-22 10:56:02.844	[INFO] [DryRun] VM 배포 예정: hazr-t-dis-bbicltap01 (Template=.\템플릿\VM\template-VM-LinuxZone_Image.json)
2026-05-22 10:56:02.867	[INFO] [DryRun] 리소스 그룹 생성 예정: hazr-t-dis-rg (koreacentral)
2026-05-22 10:56:02.906	[INFO] [DryRun] VM 배포 예정: hazr-t-dis-bbimsgap01 (Template=.\템플릿\VM\template-VM-LinuxZone_Image.json)
2026-05-22 10:56:02.931	[INFO] [DryRun] 리소스 그룹 생성 예정: hazr-t-dis-rg (koreacentral)
2026-05-22 10:56:02.965	[INFO] [DryRun] VM 배포 예정: hazr-t-dis-walkap01 (Template=.\템플릿\VM\template-VM-LinuxZone_Image.json)
2026-05-22 10:56:02.987	[INFO] [DryRun] 리소스 그룹 생성 예정: hazr-t-dis-rg (koreacentral)
2026-05-22 10:56:03.014	[INFO] [DryRun] VM 배포 예정: hazr-t-dis-bat01 (Template=.\템플릿\VM\template-VM-LinuxZone_Image.json)
2026-05-22 10:56:03.031	[INFO] [DryRun] 리소스 그룹 생성 예정: hazr-t-dis-rg (koreacentral)
2026-05-22 10:56:03.059	[INFO] [DryRun] VM 배포 예정: hazr-t-dis-drvcltap01 (Template=.\템플릿\VM\template-VM-LinuxZone_Image.json)
2026-05-22 10:56:03.078	[INFO] [DryRun] 리소스 그룹 생성 예정: hazr-t-dis-rg (koreacentral)
2026-05-22 10:56:03.103	[INFO] [DryRun] VM 배포 예정: hazr-t-dis-walkweb01 (Template=.\템플릿\VM\template-VM-LinuxZone_Image.json)
2026-05-22 10:56:03.126	[INFO] [DryRun] 리소스 그룹 생성 예정: hazr-t-dis-rg (koreacentral)
2026-05-22 10:56:03.157	[INFO] [DryRun] VM 배포 예정: hazr-t-dis-drvmsgap01 (Template=.\템플릿\VM\template-VM-LinuxZone_Image.json)
2026-05-22 10:56:03.172	[INFO] [DryRun] 리소스 그룹 생성 예정: hazr-t-dis-rg (koreacentral)
2026-05-22 10:56:03.199	[INFO] [DryRun] VM 배포 예정: hazr-t-dis-web01 (Template=.\템플릿\VM\template-VM-LinuxZone_Image.json)
2026-05-22 10:56:03.214	[INFO] [DryRun] 리소스 그룹 생성 예정: hazr-t-dis-rg (koreacentral)
2026-05-22 10:56:03.236	[INFO] [DryRun] VM 배포 예정: hazr-t-dis-cmsadm01 (Template=.\템플릿\VM\template-VM-LinuxZone_Image.json)
2026-05-22 10:56:03.258	[INFO] [DryRun] 리소스 그룹 생성 예정: hazr-t-dis-rg (koreacentral)
2026-05-22 10:56:03.291	[INFO] [DryRun] VM 배포 예정: hazr-t-dis-cmsap01 (Template=.\템플릿\VM\template-VM-LinuxZone_Image.json)
2026-05-22 10:56:03.311	[INFO] [DryRun] 리소스 그룹 생성 예정: hazr-t-dis-rg (koreacentral)
2026-05-22 10:56:03.349	[INFO] [DryRun] VM 배포 예정: hazr-t-dis-cmsweb01 (Template=.\템플릿\VM\template-VM-LinuxZone_Image.json)
2026-05-22 10:56:03.369	[INFO] [DryRun] 리소스 그룹 생성 예정: hazr-t-dis-rg (koreacentral)
2026-05-22 10:56:03.395	[INFO] [DryRun] VM 배포 예정: hazr-t-dis-cmbsap01 (Template=.\템플릿\VM\template-VM-LinuxZone_Image.json)
2026-05-22 10:56:03.414	[INFO] [DryRun] 리소스 그룹 생성 예정: hazr-t-dis-rg (ap)
2026-05-22 10:56:03.434	[INFO] Windows ComputerName 자동 보정: VM=hazr-t-dis-dfir01 -> ComputerName=hazr-t-dis-dfir
2026-05-22 10:56:03.460	[WARN] 템플릿 미정의 파라미터 제외: osDiskName, ResourceGroupName (Template=.\템플릿\VM\template-VM-WindowsZone_Image.json)
2026-05-22 10:56:03.478	[INFO] [DryRun] VM 배포 예정: hazr-t-dis-dfir01 (Template=.\템플릿\VM\template-VM-WindowsZone_Image.json)
2026-05-22 10:56:03.494	[INFO] [DryRun] 리소스 그룹 생성 예정: hazr-t-dtg-rg (koreacentral)
2026-05-22 10:56:03.516	[INFO] [DryRun] VM 배포 예정: hazr-t-dtg-ingap01 (Template=.\템플릿\VM\template-VM-LinuxZone_Image.json)
2026-05-22 10:56:03.533	[INFO] [DryRun] 리소스 그룹 생성 예정: hazr-t-dtg-rg (koreacentral)
2026-05-22 10:56:03.556	[INFO] [DryRun] VM 배포 예정: hazr-t-dtg-ap01 (Template=.\템플릿\VM\template-VM-LinuxZone_Image.json)
2026-05-22 10:56:03.569	[INFO] [DryRun] 리소스 그룹 생성 예정: hazr-t-dtg-rg (koreacentral)
2026-05-22 10:56:03.590	[INFO] [DryRun] VM 배포 예정: hazr-t-dtg-extgeoap01 (Template=.\템플릿\VM\template-VM-LinuxZone_Image.json)
2026-05-22 10:56:03.605	[INFO] [DryRun] 리소스 그룹 생성 예정: hazr-t-dtg-rg (koreacentral)
2026-05-22 10:56:03.626	[INFO] [DryRun] VM 배포 예정: hazr-t-dtg-geoap01 (Template=.\템플릿\VM\template-VM-LinuxZone_Image.json)
2026-05-22 10:56:03.640	[INFO] [DryRun] 리소스 그룹 생성 예정: hazr-t-dtg-rg (koreacentral)
2026-05-22 10:56:03.660	[INFO] [DryRun] VM 배포 예정: hazr-t-dtg-mq01 (Template=.\템플릿\VM\template-VM-LinuxZone_Image.json)
2026-05-22 10:56:03.676	[INFO] [DryRun] 리소스 그룹 생성 예정: hazr-t-dtg-rg (koreacentral)
2026-05-22 10:56:03.699	[INFO] [DryRun] VM 배포 예정: hazr-t-dtg-admweb01 (Template=.\템플릿\VM\template-VM-LinuxZone_Image.json)
2026-05-22 10:56:03.714	[INFO] [DryRun] 리소스 그룹 생성 예정: hazr-t-dtg-rg (koreacentral)
2026-05-22 10:56:03.735	[INFO] [DryRun] VM 배포 예정: hazr-t-dtg-admap01 (Template=.\템플릿\VM\template-VM-LinuxZone_Image.json)
2026-05-22 10:56:03.750	[INFO] [DryRun] 리소스 그룹 생성 예정: hazr-t-dtg-rg (koreacentral)
2026-05-22 10:56:03.772	[INFO] [DryRun] VM 배포 예정: hazr-t-dtg-dtoms01 (Template=.\템플릿\VM\template-VM-LinuxZone_Image.json)
2026-05-22 10:56:03.795	[INFO] [DryRun] 리소스 그룹 생성 예정: hazr-t-dtg-rg (koreacentral)
2026-05-22 10:56:03.862	[INFO] [DryRun] VM 배포 예정: hazr-t-dtg-tsdb01 (Template=.\템플릿\VM\template-VM-LinuxZone_Image.json)
2026-05-22 10:56:03.879	[INFO] [DryRun] 리소스 그룹 생성 예정: hazr-t-dtg-rg (koreacentral)
2026-05-22 10:56:03.902	[INFO] [DryRun] VM 배포 예정: hazr-t-dtg-web01 (Template=.\템플릿\VM\template-VM-LinuxZone_Image.json)
2026-05-22 10:56:03.916	[INFO] [DryRun] 리소스 그룹 생성 예정: hazr-t-dtg-rg (koreacentral)
2026-05-22 10:56:03.938	[INFO] [DryRun] VM 배포 예정: hazr-t-dtg-zkp01 (Template=.\템플릿\VM\template-VM-LinuxZone_Image.json)
2026-05-22 10:56:03.954	[INFO] [DryRun] 리소스 그룹 생성 예정: hazr-t-dtg-rg (koreacentral)
2026-05-22 10:56:03.975	[INFO] [DryRun] VM 배포 예정: hazr-t-dtg-zkp02 (Template=.\템플릿\VM\template-VM-LinuxZone_Image.json)
2026-05-22 10:56:03.990	[INFO] [DryRun] 리소스 그룹 생성 예정: hazr-t-dtg-rg (koreacentral)
2026-05-22 10:56:04.013	[INFO] [DryRun] VM 배포 예정: hazr-t-dtg-zkp03 (Template=.\템플릿\VM\template-VM-LinuxZone_Image.json)
2026-05-22 10:56:04.029	[INFO] [DryRun] 리소스 그룹 생성 예정: hazr-t-dtg-rg (koreacentral)
2026-05-22 10:56:04.058	[INFO] [DryRun] VM 배포 예정: hazr-t-dtg-kfk01 (Template=.\템플릿\VM\template-VM-LinuxZone_Image.json)
2026-05-22 10:56:04.083	[INFO] [DryRun] 리소스 그룹 생성 예정: hazr-t-dtg-rg (koreacentral)
2026-05-22 10:56:04.115	[INFO] [DryRun] VM 배포 예정: hazr-t-dtg-kfk02 (Template=.\템플릿\VM\template-VM-LinuxZone_Image.json)
2026-05-22 10:56:04.131	[INFO] [DryRun] 리소스 그룹 생성 예정: hazr-t-dtg-rg (koreacentral)
2026-05-22 10:56:04.154	[INFO] [DryRun] VM 배포 예정: hazr-t-dtg-kfk03 (Template=.\템플릿\VM\template-VM-LinuxZone_Image.json)
2026-05-22 10:56:04.170	[INFO] [DryRun] 리소스 그룹 생성 예정: hazr-t-dtg-rg (koreacentral)
2026-05-22 10:56:04.193	[INFO] [DryRun] VM 배포 예정: hazr-t-dtg-mdoms01 (Template=.\템플릿\VM\template-VM-LinuxZone_Image.json)
2026-05-22 10:56:04.207	[INFO] [DryRun] 리소스 그룹 생성 예정: hazr-t-dtg-rg (koreacentral)
2026-05-22 10:56:04.229	[INFO] [DryRun] VM 배포 예정: hazr-t-dtg-cdmlap01 (Template=.\템플릿\VM\template-VM-LinuxZone_Image.json)
2026-05-22 10:56:04.243	[INFO] [DryRun] 리소스 그룹 생성 예정: hazr-t-dtg-rg (koreacentral)
2026-05-22 10:56:04.264	[INFO] [DryRun] VM 배포 예정: hazr-t-dtg-cdstap01 (Template=.\템플릿\VM\template-VM-LinuxZone_Image.json)
2026-05-22 10:56:04.277	[INFO] [DryRun] 리소스 그룹 생성 예정: hazr-t-dtg-rg (koreacentral)
2026-05-22 10:56:04.299	[INFO] [DryRun] VM 배포 예정: hazr-t-dtg-cdsvadm01 (Template=.\템플릿\VM\template-VM-LinuxZone_Image.json)
2026-05-22 10:56:04.314	[INFO] [DryRun] 리소스 그룹 생성 예정: hazr-t-dtg-rg (koreacentral)
2026-05-22 10:56:04.336	[INFO] [DryRun] VM 배포 예정: hazr-t-dtg-diosap01 (Template=.\템플릿\VM\template-VM-LinuxZone_Image.json)
2026-05-22 10:56:04.350	[INFO] [DryRun] 리소스 그룹 생성 예정: hazr-t-dtg-rg (koreacentral)
2026-05-22 10:56:04.372	[INFO] [DryRun] VM 배포 예정: hazr-t-dtg-diosweb01 (Template=.\템플릿\VM\template-VM-LinuxZone_Image.json)
2026-05-22 10:56:04.387	[INFO] [DryRun] 리소스 그룹 생성 예정: hazr-t-dtg-rg (koreacentral)
2026-05-22 10:56:04.408	[INFO] [DryRun] VM 배포 예정: hazr-t-dtg-dprweb01 (Template=.\템플릿\VM\template-VM-LinuxZone_Image.json)
2026-05-22 10:56:04.424	[INFO] [DryRun] 리소스 그룹 생성 예정: hazr-t-dtg-rg (koreacentral)
2026-05-22 10:56:04.452	[INFO] [DryRun] VM 배포 예정: hazr-t-dtg-dprap01 (Template=.\템플릿\VM\template-VM-LinuxZone_Image.json)
2026-05-22 10:56:04.468	[INFO] [DryRun] 리소스 그룹 생성 예정: hazr-t-bdp-rg (koreacentral)
2026-05-22 10:56:04.492	[INFO] [DryRun] VM 배포 예정: hazr-t-bdp-airfw01 (Template=.\템플릿\VM\template-VM-LinuxZone_Image.json)
2026-05-22 10:56:04.507	[INFO] [DryRun] 리소스 그룹 생성 예정: hazr-t-bdp-rg (koreacentral)
2026-05-22 10:56:04.533	[INFO] [DryRun] VM 배포 예정: hazr-t-bdp-kepler01 (Template=.\템플릿\VM\template-VM-LinuxZone_Image.json)
2026-05-22 10:56:04.549	[INFO] [DryRun] 리소스 그룹 생성 예정: hazr-t-bdp-rg (koreacentral)
2026-05-22 10:56:04.572	[INFO] [DryRun] VM 배포 예정: hazr-t-bdp-cxmadm01 (Template=.\템플릿\VM\template-VM-LinuxZone_Image.json)
2026-05-22 10:56:04.585	[INFO] [DryRun] 리소스 그룹 생성 예정: hazr-t-bdp-rg (koreacentral)
2026-05-22 10:56:04.607	[INFO] [DryRun] VM 배포 예정: hazr-t-bdp-slap01 (Template=.\템플릿\VM\template-VM-LinuxZone_Image.json)
2026-05-22 10:56:04.624	[INFO] [DryRun] 리소스 그룹 생성 예정: hazr-t-dip-rg (koreacentral)
2026-05-22 10:56:04.644	[INFO] [DryRun] VM 배포 예정: hazr-t-dip-adm01 (Template=.\템플릿\VM\template-VM-LinuxZone_Image.json)
2026-05-22 10:56:04.657	[INFO] [DryRun] 리소스 그룹 생성 예정: hazr-t-dip-rg (koreacentral)
2026-05-22 10:56:04.678	[INFO] [DryRun] VM 배포 예정: hazr-t-dip-ap01 (Template=.\템플릿\VM\template-VM-LinuxZone_Image.json)
2026-05-22 10:56:04.692	[INFO] [DryRun] 리소스 그룹 생성 예정: hazr-t-dip-rg (koreacentral)
2026-05-22 10:56:04.715	[INFO] [DryRun] VM 배포 예정: hazr-t-dip-flk01 (Template=.\템플릿\VM\template-VM-LinuxZone_Image.json)
2026-05-22 10:56:04.729	[INFO] [DryRun] 리소스 그룹 생성 예정: hazr-t-dip-rg (koreacentral)
2026-05-22 10:56:04.754	[INFO] [DryRun] VM 배포 예정: hazr-t-dip-flk02 (Template=.\템플릿\VM\template-VM-LinuxZone_Image.json)
2026-05-22 10:56:04.776	[INFO] [DryRun] 리소스 그룹 생성 예정: hazr-t-dip-rg (koreacentral)
2026-05-22 10:56:04.799	[INFO] [DryRun] VM 배포 예정: hazr-t-dip-flk03 (Template=.\템플릿\VM\template-VM-LinuxZone_Image.json)
2026-05-22 10:56:04.821	[INFO] [DryRun] 리소스 그룹 생성 예정: hazr-t-dip-rg (koreacentral)
2026-05-22 10:56:04.843	[INFO] [DryRun] VM 배포 예정: hazr-t-dip-geoap01 (Template=.\템플릿\VM\template-VM-LinuxZone_Image.json)
2026-05-22 10:56:04.857	[INFO] [DryRun] 리소스 그룹 생성 예정: hazr-t-dip-rg (koreacentral)
2026-05-22 10:56:04.879	[INFO] [DryRun] VM 배포 예정: hazr-t-dip-kfk01 (Template=.\템플릿\VM\template-VM-LinuxZone_Image.json)
2026-05-22 10:56:04.892	[INFO] [DryRun] 리소스 그룹 생성 예정: hazr-t-dip-rg (koreacentral)
2026-05-22 10:56:04.912	[INFO] [DryRun] VM 배포 예정: hazr-t-dip-kfk02 (Template=.\템플릿\VM\template-VM-LinuxZone_Image.json)
2026-05-22 10:56:04.926	[INFO] [DryRun] 리소스 그룹 생성 예정: hazr-t-dip-rg (koreacentral)
2026-05-22 10:56:04.951	[INFO] [DryRun] VM 배포 예정: hazr-t-dip-kfk03 (Template=.\템플릿\VM\template-VM-LinuxZone_Image.json)
2026-05-22 10:56:04.964	[INFO] [DryRun] 리소스 그룹 생성 예정: hazr-t-dip-rg (koreacentral)
2026-05-22 10:56:04.984	[INFO] [DryRun] VM 배포 예정: hazr-t-dip-mqap01 (Template=.\템플릿\VM\template-VM-LinuxZone_Image.json)
2026-05-22 10:56:04.999	[INFO] [DryRun] 리소스 그룹 생성 예정: hazr-t-dip-rg (koreacentral)
2026-05-22 10:56:05.021	[INFO] [DryRun] VM 배포 예정: hazr-t-dip-mqweb01 (Template=.\템플릿\VM\template-VM-LinuxZone_Image.json)
2026-05-22 10:56:05.035	[INFO] [DryRun] 리소스 그룹 생성 예정: hazr-t-dip-rg (koreacentral)
2026-05-22 10:56:05.056	[INFO] [DryRun] VM 배포 예정: hazr-t-dip-oms01 (Template=.\템플릿\VM\template-VM-LinuxZone_Image.json)
2026-05-22 10:56:05.072	[INFO] [DryRun] 리소스 그룹 생성 예정: hazr-t-dip-rg (koreacentral)
2026-05-22 10:56:05.094	[INFO] [DryRun] VM 배포 예정: hazr-t-dip-web01 (Template=.\템플릿\VM\template-VM-LinuxZone_Image.json)
2026-05-22 10:56:05.108	[INFO] [DryRun] 리소스 그룹 생성 예정: hazr-t-com-rg (koreacentral)
2026-05-22 10:56:05.128	[INFO] [DryRun] VM 배포 예정: hazr-t-com-auth01 (Template=.\템플릿\VM\template-VM-LinuxZone_Image.json)
2026-05-22 10:56:05.142	[INFO] [DryRun] 리소스 그룹 생성 예정: hazr-t-com-rg (koreacentral)
2026-05-22 10:56:05.164	[INFO] [DryRun] VM 배포 예정: hazr-t-com-proxy01 (Template=.\템플릿\VM\template-VM-LinuxZone_Image.json)
2026-05-22 10:56:05.177	[INFO] [DryRun] 리소스 그룹 생성 예정: hazr-t-if-rg (koreacentral)
2026-05-22 10:56:05.197	[INFO] [DryRun] VM 배포 예정: hazr-t-if-gramon01 (Template=.\템플릿\VM\template-VM-LinuxZone_Image.json)
2026-05-22 10:56:05.213	[INFO] [DryRun] 리소스 그룹 생성 예정: hazr-t-doip-rg (koreacentral)
2026-05-22 10:56:05.235	[INFO] [DryRun] VM 배포 예정: hazr-t-doip-web01 (Template=.\템플릿\VM\template-VM-LinuxZone_Image.json)
2026-05-22 10:56:05.249	[INFO] [DryRun] 리소스 그룹 생성 예정: hazr-t-doip-rg (koreacentral)
2026-05-22 10:56:05.271	[INFO] [DryRun] VM 배포 예정: hazr-t-doip-ap01 (Template=.\템플릿\VM\template-VM-LinuxZone_Image.json)
2026-05-22 10:56:05.286	[INFO] [DryRun] 리소스 그룹 생성 예정: hazr-t-doip-rg (koreacentral)
2026-05-22 10:56:05.308	[INFO] [DryRun] VM 배포 예정: hazr-t-doip-adm01 (Template=.\템플릿\VM\template-VM-LinuxZone_Image.json)
2026-05-22 10:56:05.323	[INFO] [DryRun] 리소스 그룹 생성 예정: hazr-t-bdp-rg (koreacentral)
2026-05-22 10:56:05.345	[INFO] [DryRun] VM 배포 예정: hazr-t-bdp-crkweb01 (Template=.\템플릿\VM\template-VM-LinuxZone_Image.json)
2026-05-22 10:56:05.360	[INFO] [DryRun] 리소스 그룹 생성 예정: hazr-t-bdp-rg (koreacentral)
2026-05-22 10:56:05.382	[INFO] [DryRun] VM 배포 예정: hazr-t-bdp-crkap01 (Template=.\템플릿\VM\template-VM-LinuxZone_Image.json)
2026-05-22 10:56:05.398	[INFO] [DryRun] 리소스 그룹 생성 예정: hazr-t-bdp-rg (koreacentral)
2026-05-22 10:56:05.418	[INFO] [DryRun] VM 배포 예정: hazr-t-bdp-crkml01 (Template=.\템플릿\VM\template-VM-LinuxZone_Image.json)
2026-05-22 10:56:05.435	[INFO] [DryRun] 리소스 그룹 생성 예정: hazr-l-mon-rg (koreacentral)
2026-05-22 10:56:05.456	[INFO] [DryRun] VM 배포 예정: hazr-l-mon-whtap01 (Template=.\템플릿\VM\template-VM-LinuxZone_Image.json)
2026-05-22 10:56:05.471	[INFO] [DryRun] 리소스 그룹 생성 예정: hazr-l-mon-rg (koreacentral)
2026-05-22 10:56:05.494	[INFO] [DryRun] VM 배포 예정: hazr-l-mon-whtap02 (Template=.\템플릿\VM\template-VM-LinuxZone_Image.json)
2026-05-22 10:56:05.509	[INFO] [DryRun] 리소스 그룹 생성 예정: hazr-l-mon-rg (koreacentral)
2026-05-22 10:56:05.533	[INFO] [DryRun] VM 배포 예정: hazr-l-mon-whtap03 (Template=.\템플릿\VM\template-VM-LinuxZone_Image.json)
2026-05-22 10:56:05.547	[INFO] [END] Deploy-Vms
2026-05-22 10:56:05.567	[INFO] [START] Deploy-DataDisks
2026-05-22 10:56:05.741	[INFO] Excel 시트 로드: VM_Datadisk
2026-05-22 10:56:05.946	[INFO] [DryRun] 리소스 그룹 생성 예정: hazr-t-cs-rg (koreacentral)
2026-05-22 10:56:05.980	[INFO] [DryRun] Create plan: VM=hazr-t-cs-chtweb01, Disk=t-cs-chtweb01-disk01, RG=hazr-t-cs-rg, SizeGB=128, Sku=StandardSSD_LRS, Zone=3, HostCaching=None, DoubleEncryption=True, EncryptionType=EncryptionAtRestWithPlatformAndCustomerKeys, DES=<DryRun: /resourceGroups/hazr-t-dch-rg/providers/Microsoft.Compute/diskEncryptionSets/hazr-t-dch-des>
2026-05-22 10:56:05.995	[INFO] [DryRun] Create plan: VM=hazr-t-cs-chtweb01, Disk=t-cs-chtweb01-disk02, RG=hazr-t-cs-rg, SizeGB=128, Sku=StandardSSD_LRS, Zone=3, HostCaching=None, DoubleEncryption=True, EncryptionType=EncryptionAtRestWithPlatformAndCustomerKeys, DES=<DryRun: /resourceGroups/hazr-t-dch-rg/providers/Microsoft.Compute/diskEncryptionSets/hazr-t-dch-des>
2026-05-22 10:56:06.023	[INFO] [DryRun] 리소스 그룹 생성 예정: hazr-t-cs-rg (koreacentral)
2026-05-22 10:56:06.038	[INFO] [DryRun] Create plan: VM=hazr-t-cs-chtintweb01, Disk=t-cs-chtintweb01-disk01, RG=hazr-t-cs-rg, SizeGB=128, Sku=StandardSSD_LRS, Zone=3, HostCaching=None, DoubleEncryption=True, EncryptionType=EncryptionAtRestWithPlatformAndCustomerKeys, DES=<DryRun: /resourceGroups/hazr-t-dch-rg/providers/Microsoft.Compute/diskEncryptionSets/hazr-t-dch-des>
2026-05-22 10:56:06.057	[INFO] [DryRun] Create plan: VM=hazr-t-cs-chtintweb01, Disk=t-cs-chtintweb01-disk02, RG=hazr-t-cs-rg, SizeGB=128, Sku=StandardSSD_LRS, Zone=3, HostCaching=None, DoubleEncryption=True, EncryptionType=EncryptionAtRestWithPlatformAndCustomerKeys, DES=<DryRun: /resourceGroups/hazr-t-dch-rg/providers/Microsoft.Compute/diskEncryptionSets/hazr-t-dch-des>
2026-05-22 10:56:06.081	[INFO] [DryRun] 리소스 그룹 생성 예정: hazr-t-cs-rg (koreacentral)
2026-05-22 10:56:06.101	[INFO] [DryRun] Create plan: VM=hazr-t-cs-chtap01, Disk=t-cs-chtap01-disk01, RG=hazr-t-cs-rg, SizeGB=128, Sku=StandardSSD_LRS, Zone=3, HostCaching=None, DoubleEncryption=True, EncryptionType=EncryptionAtRestWithPlatformAndCustomerKeys, DES=<DryRun: /resourceGroups/hazr-t-dch-rg/providers/Microsoft.Compute/diskEncryptionSets/hazr-t-dch-des>
2026-05-22 10:56:06.118	[INFO] [DryRun] Create plan: VM=hazr-t-cs-chtap01, Disk=t-cs-chtap01-disk02, RG=hazr-t-cs-rg, SizeGB=128, Sku=StandardSSD_LRS, Zone=3, HostCaching=None, DoubleEncryption=True, EncryptionType=EncryptionAtRestWithPlatformAndCustomerKeys, DES=<DryRun: /resourceGroups/hazr-t-dch-rg/providers/Microsoft.Compute/diskEncryptionSets/hazr-t-dch-des>
2026-05-22 10:56:06.142	[INFO] [DryRun] 리소스 그룹 생성 예정: hazr-t-dis-rg (koreacentral)
2026-05-22 10:56:06.159	[INFO] [DryRun] Create plan: VM=hazr-t-dis-ap01, Disk=t-dis-ap01-disk01, RG=hazr-t-dis-rg, SizeGB=128, Sku=StandardSSD_LRS, Zone=3, HostCaching=None, DoubleEncryption=True, EncryptionType=EncryptionAtRestWithPlatformAndCustomerKeys, DES=<DryRun: /resourceGroups/hazr-t-dch-rg/providers/Microsoft.Compute/diskEncryptionSets/hazr-t-dch-des>
2026-05-22 10:56:06.176	[INFO] [DryRun] Create plan: VM=hazr-t-dis-ap01, Disk=t-dis-ap01-disk02, RG=hazr-t-dis-rg, SizeGB=128, Sku=StandardSSD_LRS, Zone=3, HostCaching=None, DoubleEncryption=True, EncryptionType=EncryptionAtRestWithPlatformAndCustomerKeys, DES=<DryRun: /resourceGroups/hazr-t-dch-rg/providers/Microsoft.Compute/diskEncryptionSets/hazr-t-dch-des>
2026-05-22 10:56:06.197	[INFO] [DryRun] 리소스 그룹 생성 예정: hazr-t-dis-rg (koreacentral)
2026-05-22 10:56:06.213	[INFO] [DryRun] Create plan: VM=hazr-t-dis-adm01, Disk=t-dis-adm01-disk01, RG=hazr-t-dis-rg, SizeGB=128, Sku=StandardSSD_LRS, Zone=3, HostCaching=None, DoubleEncryption=True, EncryptionType=EncryptionAtRestWithPlatformAndCustomerKeys, DES=<DryRun: /resourceGroups/hazr-t-dch-rg/providers/Microsoft.Compute/diskEncryptionSets/hazr-t-dch-des>
2026-05-22 10:56:06.228	[INFO] [DryRun] Create plan: VM=hazr-t-dis-adm01, Disk=t-dis-adm01-disk02, RG=hazr-t-dis-rg, SizeGB=128, Sku=StandardSSD_LRS, Zone=3, HostCaching=None, DoubleEncryption=True, EncryptionType=EncryptionAtRestWithPlatformAndCustomerKeys, DES=<DryRun: /resourceGroups/hazr-t-dch-rg/providers/Microsoft.Compute/diskEncryptionSets/hazr-t-dch-des>
2026-05-22 10:56:06.250	[INFO] [DryRun] 리소스 그룹 생성 예정: hazr-t-dis-rg (koreacentral)
2026-05-22 10:56:06.264	[INFO] [DryRun] Create plan: VM=hazr-t-dis-bbiweb01, Disk=t-dis-bbiweb01-disk01, RG=hazr-t-dis-rg, SizeGB=128, Sku=StandardSSD_LRS, Zone=3, HostCaching=None, DoubleEncryption=True, EncryptionType=EncryptionAtRestWithPlatformAndCustomerKeys, DES=<DryRun: /resourceGroups/hazr-t-dch-rg/providers/Microsoft.Compute/diskEncryptionSets/hazr-t-dch-des>
2026-05-22 10:56:06.280	[INFO] [DryRun] Create plan: VM=hazr-t-dis-bbiweb01, Disk=t-dis-bbiweb01-disk02, RG=hazr-t-dis-rg, SizeGB=128, Sku=StandardSSD_LRS, Zone=3, HostCaching=None, DoubleEncryption=True, EncryptionType=EncryptionAtRestWithPlatformAndCustomerKeys, DES=<DryRun: /resourceGroups/hazr-t-dch-rg/providers/Microsoft.Compute/diskEncryptionSets/hazr-t-dch-des>
2026-05-22 10:56:06.304	[INFO] [DryRun] 리소스 그룹 생성 예정: hazr-t-dis-rg (koreacentral)
2026-05-22 10:56:06.320	[INFO] [DryRun] Create plan: VM=hazr-t-dis-bbicltap01, Disk=t-dis-bbicltap01-disk01, RG=hazr-t-dis-rg, SizeGB=128, Sku=StandardSSD_LRS, Zone=3, HostCaching=None, DoubleEncryption=True, EncryptionType=EncryptionAtRestWithPlatformAndCustomerKeys, DES=<DryRun: /resourceGroups/hazr-t-dch-rg/providers/Microsoft.Compute/diskEncryptionSets/hazr-t-dch-des>
2026-05-22 10:56:06.336	[INFO] [DryRun] Create plan: VM=hazr-t-dis-bbicltap01, Disk=t-dis-bbicltap01-disk02, RG=hazr-t-dis-rg, SizeGB=128, Sku=StandardSSD_LRS, Zone=3, HostCaching=None, DoubleEncryption=True, EncryptionType=EncryptionAtRestWithPlatformAndCustomerKeys, DES=<DryRun: /resourceGroups/hazr-t-dch-rg/providers/Microsoft.Compute/diskEncryptionSets/hazr-t-dch-des>
2026-05-22 10:56:06.358	[INFO] [DryRun] 리소스 그룹 생성 예정: hazr-t-dis-rg (koreacentral)
2026-05-22 10:56:06.375	[INFO] [DryRun] Create plan: VM=hazr-t-dis-bbimsgap01, Disk=t-dis-bbimsgap01-disk01, RG=hazr-t-dis-rg, SizeGB=128, Sku=StandardSSD_LRS, Zone=3, HostCaching=None, DoubleEncryption=True, EncryptionType=EncryptionAtRestWithPlatformAndCustomerKeys, DES=<DryRun: /resourceGroups/hazr-t-dch-rg/providers/Microsoft.Compute/diskEncryptionSets/hazr-t-dch-des>
2026-05-22 10:56:06.392	[INFO] [DryRun] Create plan: VM=hazr-t-dis-bbimsgap01, Disk=t-dis-bbimsgap01-disk02, RG=hazr-t-dis-rg, SizeGB=128, Sku=StandardSSD_LRS, Zone=3, HostCaching=None, DoubleEncryption=True, EncryptionType=EncryptionAtRestWithPlatformAndCustomerKeys, DES=<DryRun: /resourceGroups/hazr-t-dch-rg/providers/Microsoft.Compute/diskEncryptionSets/hazr-t-dch-des>
2026-05-22 10:56:06.418	[INFO] [DryRun] 리소스 그룹 생성 예정: hazr-t-dis-rg (koreacentral)
2026-05-22 10:56:06.441	[INFO] [DryRun] Create plan: VM=hazr-t-dis-walkap01, Disk=t-dis-walkap01-disk01, RG=hazr-t-dis-rg, SizeGB=128, Sku=StandardSSD_LRS, Zone=3, HostCaching=None, DoubleEncryption=True, EncryptionType=EncryptionAtRestWithPlatformAndCustomerKeys, DES=<DryRun: /resourceGroups/hazr-t-dch-rg/providers/Microsoft.Compute/diskEncryptionSets/hazr-t-dch-des>
2026-05-22 10:56:06.465	[INFO] [DryRun] Create plan: VM=hazr-t-dis-walkap01, Disk=t-dis-walkap01-disk02, RG=hazr-t-dis-rg, SizeGB=128, Sku=StandardSSD_LRS, Zone=3, HostCaching=None, DoubleEncryption=True, EncryptionType=EncryptionAtRestWithPlatformAndCustomerKeys, DES=<DryRun: /resourceGroups/hazr-t-dch-rg/providers/Microsoft.Compute/diskEncryptionSets/hazr-t-dch-des>
2026-05-22 10:56:06.490	[INFO] [DryRun] 리소스 그룹 생성 예정: hazr-t-dis-rg (koreacentral)
2026-05-22 10:56:06.510	[INFO] [DryRun] Create plan: VM=hazr-t-dis-bat01, Disk=t-dis-bat01-disk01, RG=hazr-t-dis-rg, SizeGB=128, Sku=StandardSSD_LRS, Zone=3, HostCaching=None, DoubleEncryption=True, EncryptionType=EncryptionAtRestWithPlatformAndCustomerKeys, DES=<DryRun: /resourceGroups/hazr-t-dch-rg/providers/Microsoft.Compute/diskEncryptionSets/hazr-t-dch-des>
2026-05-22 10:56:06.532	[INFO] [DryRun] Create plan: VM=hazr-t-dis-bat01, Disk=t-dis-bat01-disk02, RG=hazr-t-dis-rg, SizeGB=128, Sku=StandardSSD_LRS, Zone=3, HostCaching=None, DoubleEncryption=True, EncryptionType=EncryptionAtRestWithPlatformAndCustomerKeys, DES=<DryRun: /resourceGroups/hazr-t-dch-rg/providers/Microsoft.Compute/diskEncryptionSets/hazr-t-dch-des>
2026-05-22 10:56:06.559	[INFO] [DryRun] 리소스 그룹 생성 예정: hazr-t-dis-rg (koreacentral)
2026-05-22 10:56:06.580	[INFO] [DryRun] Create plan: VM=hazr-t-dis-drvcltap01, Disk=t-dis-drvcltap01-disk01, RG=hazr-t-dis-rg, SizeGB=128, Sku=StandardSSD_LRS, Zone=3, HostCaching=None, DoubleEncryption=True, EncryptionType=EncryptionAtRestWithPlatformAndCustomerKeys, DES=<DryRun: /resourceGroups/hazr-t-dch-rg/providers/Microsoft.Compute/diskEncryptionSets/hazr-t-dch-des>
2026-05-22 10:56:06.605	[INFO] [DryRun] Create plan: VM=hazr-t-dis-drvcltap01, Disk=t-dis-drvcltap01-disk02, RG=hazr-t-dis-rg, SizeGB=128, Sku=StandardSSD_LRS, Zone=3, HostCaching=None, DoubleEncryption=True, EncryptionType=EncryptionAtRestWithPlatformAndCustomerKeys, DES=<DryRun: /resourceGroups/hazr-t-dch-rg/providers/Microsoft.Compute/diskEncryptionSets/hazr-t-dch-des>
2026-05-22 10:56:06.634	[INFO] [DryRun] 리소스 그룹 생성 예정: hazr-t-dis-rg (koreacentral)
2026-05-22 10:56:06.654	[INFO] [DryRun] Create plan: VM=hazr-t-dis-walkweb01, Disk=t-dis-walkweb01-disk01, RG=hazr-t-dis-rg, SizeGB=128, Sku=StandardSSD_LRS, Zone=3, HostCaching=None, DoubleEncryption=True, EncryptionType=EncryptionAtRestWithPlatformAndCustomerKeys, DES=<DryRun: /resourceGroups/hazr-t-dch-rg/providers/Microsoft.Compute/diskEncryptionSets/hazr-t-dch-des>
2026-05-22 10:56:06.686	[INFO] [DryRun] Create plan: VM=hazr-t-dis-walkweb01, Disk=t-dis-walkweb01-disk02, RG=hazr-t-dis-rg, SizeGB=128, Sku=StandardSSD_LRS, Zone=3, HostCaching=None, DoubleEncryption=True, EncryptionType=EncryptionAtRestWithPlatformAndCustomerKeys, DES=<DryRun: /resourceGroups/hazr-t-dch-rg/providers/Microsoft.Compute/diskEncryptionSets/hazr-t-dch-des>
2026-05-22 10:56:06.712	[INFO] [DryRun] 리소스 그룹 생성 예정: hazr-t-dis-rg (koreacentral)
2026-05-22 10:56:06.730	[INFO] [DryRun] Create plan: VM=hazr-t-dis-drvmsgap01, Disk=t-dis-drvmsgap01-disk01, RG=hazr-t-dis-rg, SizeGB=128, Sku=StandardSSD_LRS, Zone=3, HostCaching=None, DoubleEncryption=True, EncryptionType=EncryptionAtRestWithPlatformAndCustomerKeys, DES=<DryRun: /resourceGroups/hazr-t-dch-rg/providers/Microsoft.Compute/diskEncryptionSets/hazr-t-dch-des>
2026-05-22 10:56:06.754	[INFO] [DryRun] Create plan: VM=hazr-t-dis-drvmsgap01, Disk=t-dis-drvmsgap01-disk02, RG=hazr-t-dis-rg, SizeGB=128, Sku=StandardSSD_LRS, Zone=3, HostCaching=None, DoubleEncryption=True, EncryptionType=EncryptionAtRestWithPlatformAndCustomerKeys, DES=<DryRun: /resourceGroups/hazr-t-dch-rg/providers/Microsoft.Compute/diskEncryptionSets/hazr-t-dch-des>
2026-05-22 10:56:06.782	[INFO] [DryRun] 리소스 그룹 생성 예정: hazr-t-dis-rg (koreacentral)
2026-05-22 10:56:06.832	[INFO] [DryRun] Create plan: VM=hazr-t-dis-web01, Disk=t-dis-web01-disk01, RG=hazr-t-dis-rg, SizeGB=128, Sku=StandardSSD_LRS, Zone=3, HostCaching=None, DoubleEncryption=True, EncryptionType=EncryptionAtRestWithPlatformAndCustomerKeys, DES=<DryRun: /resourceGroups/hazr-t-dch-rg/providers/Microsoft.Compute/diskEncryptionSets/hazr-t-dch-des>
2026-05-22 10:56:06.911	[INFO] [DryRun] Create plan: VM=hazr-t-dis-web01, Disk=t-dis-web01-disk02, RG=hazr-t-dis-rg, SizeGB=128, Sku=StandardSSD_LRS, Zone=3, HostCaching=None, DoubleEncryption=True, EncryptionType=EncryptionAtRestWithPlatformAndCustomerKeys, DES=<DryRun: /resourceGroups/hazr-t-dch-rg/providers/Microsoft.Compute/diskEncryptionSets/hazr-t-dch-des>
2026-05-22 10:56:06.955	[INFO] [DryRun] 리소스 그룹 생성 예정: hazr-t-dis-rg (koreacentral)
2026-05-22 10:56:06.984	[INFO] [DryRun] Create plan: VM=hazr-t-dis-cmsadm01, Disk=t-dis-cmsadm01-disk01, RG=hazr-t-dis-rg, SizeGB=128, Sku=StandardSSD_LRS, Zone=3, HostCaching=None, DoubleEncryption=True, EncryptionType=EncryptionAtRestWithPlatformAndCustomerKeys, DES=<DryRun: /resourceGroups/hazr-t-dch-rg/providers/Microsoft.Compute/diskEncryptionSets/hazr-t-dch-des>
2026-05-22 10:56:07.008	[INFO] [DryRun] Create plan: VM=hazr-t-dis-cmsadm01, Disk=t-dis-cmsadm01-disk02, RG=hazr-t-dis-rg, SizeGB=128, Sku=StandardSSD_LRS, Zone=3, HostCaching=None, DoubleEncryption=True, EncryptionType=EncryptionAtRestWithPlatformAndCustomerKeys, DES=<DryRun: /resourceGroups/hazr-t-dch-rg/providers/Microsoft.Compute/diskEncryptionSets/hazr-t-dch-des>
2026-05-22 10:56:07.038	[INFO] [DryRun] 리소스 그룹 생성 예정: hazr-t-dis-rg (koreacentral)
2026-05-22 10:56:07.062	[INFO] [DryRun] Create plan: VM=hazr-t-dis-cmsap01, Disk=t-dis-cmsap01-disk01, RG=hazr-t-dis-rg, SizeGB=128, Sku=StandardSSD_LRS, Zone=3, HostCaching=None, DoubleEncryption=True, EncryptionType=EncryptionAtRestWithPlatformAndCustomerKeys, DES=<DryRun: /resourceGroups/hazr-t-dch-rg/providers/Microsoft.Compute/diskEncryptionSets/hazr-t-dch-des>
2026-05-22 10:56:07.087	[INFO] [DryRun] Create plan: VM=hazr-t-dis-cmsap01, Disk=t-dis-cmsap01-disk02, RG=hazr-t-dis-rg, SizeGB=128, Sku=StandardSSD_LRS, Zone=3, HostCaching=None, DoubleEncryption=True, EncryptionType=EncryptionAtRestWithPlatformAndCustomerKeys, DES=<DryRun: /resourceGroups/hazr-t-dch-rg/providers/Microsoft.Compute/diskEncryptionSets/hazr-t-dch-des>
2026-05-22 10:56:07.120	[INFO] [DryRun] 리소스 그룹 생성 예정: hazr-t-dis-rg (koreacentral)
2026-05-22 10:56:07.149	[INFO] [DryRun] Create plan: VM=hazr-t-dis-cmsweb01, Disk=t-dis-cmsweb01-disk01, RG=hazr-t-dis-rg, SizeGB=128, Sku=StandardSSD_LRS, Zone=3, HostCaching=None, DoubleEncryption=True, EncryptionType=EncryptionAtRestWithPlatformAndCustomerKeys, DES=<DryRun: /resourceGroups/hazr-t-dch-rg/providers/Microsoft.Compute/diskEncryptionSets/hazr-t-dch-des>
2026-05-22 10:56:07.175	[INFO] [DryRun] Create plan: VM=hazr-t-dis-cmsweb01, Disk=t-dis-cmsweb01-disk02, RG=hazr-t-dis-rg, SizeGB=128, Sku=StandardSSD_LRS, Zone=3, HostCaching=None, DoubleEncryption=True, EncryptionType=EncryptionAtRestWithPlatformAndCustomerKeys, DES=<DryRun: /resourceGroups/hazr-t-dch-rg/providers/Microsoft.Compute/diskEncryptionSets/hazr-t-dch-des>
2026-05-22 10:56:07.203	[INFO] [DryRun] 리소스 그룹 생성 예정: hazr-t-dis-rg (koreacentral)
2026-05-22 10:56:07.221	[INFO] [DryRun] Create plan: VM=hazr-t-dis-cmbsap01, Disk=t-dis-cmbsap01-disk01, RG=hazr-t-dis-rg, SizeGB=128, Sku=StandardSSD_LRS, Zone=3, HostCaching=None, DoubleEncryption=True, EncryptionType=EncryptionAtRestWithPlatformAndCustomerKeys, DES=<DryRun: /resourceGroups/hazr-t-dch-rg/providers/Microsoft.Compute/diskEncryptionSets/hazr-t-dch-des>
2026-05-22 10:56:07.237	[INFO] [DryRun] Create plan: VM=hazr-t-dis-cmbsap01, Disk=t-dis-cmbsap01-disk02, RG=hazr-t-dis-rg, SizeGB=128, Sku=StandardSSD_LRS, Zone=3, HostCaching=None, DoubleEncryption=True, EncryptionType=EncryptionAtRestWithPlatformAndCustomerKeys, DES=<DryRun: /resourceGroups/hazr-t-dch-rg/providers/Microsoft.Compute/diskEncryptionSets/hazr-t-dch-des>
2026-05-22 10:56:07.260	[INFO] [SKIP] Row 20 no disk input (VM=hazr-t-dis-dfir01)
2026-05-22 10:56:07.279	[INFO] [DryRun] 리소스 그룹 생성 예정: hazr-t-dtg-rg (koreacentral)
2026-05-22 10:56:07.297	[INFO] [DryRun] Create plan: VM=hazr-t-dtg-ingap01, Disk=t-dtg-ingap01-disk01, RG=hazr-t-dtg-rg, SizeGB=128, Sku=StandardSSD_LRS, Zone=3, HostCaching=None, DoubleEncryption=True, EncryptionType=EncryptionAtRestWithPlatformAndCustomerKeys, DES=<DryRun: /resourceGroups/hazr-t-dch-rg/providers/Microsoft.Compute/diskEncryptionSets/hazr-t-dch-des>
2026-05-22 10:56:07.312	[INFO] [DryRun] Create plan: VM=hazr-t-dtg-ingap01, Disk=t-dtg-ingap01-disk02, RG=hazr-t-dtg-rg, SizeGB=128, Sku=StandardSSD_LRS, Zone=3, HostCaching=None, DoubleEncryption=True, EncryptionType=EncryptionAtRestWithPlatformAndCustomerKeys, DES=<DryRun: /resourceGroups/hazr-t-dch-rg/providers/Microsoft.Compute/diskEncryptionSets/hazr-t-dch-des>
2026-05-22 10:56:07.334	[INFO] [DryRun] 리소스 그룹 생성 예정: hazr-t-dtg-rg (koreacentral)
2026-05-22 10:56:07.348	[INFO] [DryRun] Create plan: VM=hazr-t-dtg-ap01, Disk=t-dtg-ap01-disk01, RG=hazr-t-dtg-rg, SizeGB=128, Sku=StandardSSD_LRS, Zone=3, HostCaching=None, DoubleEncryption=True, EncryptionType=EncryptionAtRestWithPlatformAndCustomerKeys, DES=<DryRun: /resourceGroups/hazr-t-dch-rg/providers/Microsoft.Compute/diskEncryptionSets/hazr-t-dch-des>
2026-05-22 10:56:07.361	[INFO] [DryRun] Create plan: VM=hazr-t-dtg-ap01, Disk=t-dtg-ap01-disk02, RG=hazr-t-dtg-rg, SizeGB=128, Sku=StandardSSD_LRS, Zone=3, HostCaching=None, DoubleEncryption=True, EncryptionType=EncryptionAtRestWithPlatformAndCustomerKeys, DES=<DryRun: /resourceGroups/hazr-t-dch-rg/providers/Microsoft.Compute/diskEncryptionSets/hazr-t-dch-des>
2026-05-22 10:56:07.385	[INFO] [DryRun] 리소스 그룹 생성 예정: hazr-t-dtg-rg (koreacentral)
2026-05-22 10:56:07.403	[INFO] [DryRun] Create plan: VM=hazr-t-dtg-extgeoap01, Disk=t-dtg-extgeoap01-disk01, RG=hazr-t-dtg-rg, SizeGB=128, Sku=StandardSSD_LRS, Zone=3, HostCaching=None, DoubleEncryption=True, EncryptionType=EncryptionAtRestWithPlatformAndCustomerKeys, DES=<DryRun: /resourceGroups/hazr-t-dch-rg/providers/Microsoft.Compute/diskEncryptionSets/hazr-t-dch-des>
2026-05-22 10:56:07.419	[INFO] [DryRun] Create plan: VM=hazr-t-dtg-extgeoap01, Disk=t-dtg-extgeoap01-disk02, RG=hazr-t-dtg-rg, SizeGB=128, Sku=StandardSSD_LRS, Zone=3, HostCaching=None, DoubleEncryption=True, EncryptionType=EncryptionAtRestWithPlatformAndCustomerKeys, DES=<DryRun: /resourceGroups/hazr-t-dch-rg/providers/Microsoft.Compute/diskEncryptionSets/hazr-t-dch-des>
2026-05-22 10:56:07.446	[INFO] [DryRun] 리소스 그룹 생성 예정: hazr-t-dtg-rg (koreacentral)
2026-05-22 10:56:07.465	[INFO] [DryRun] Create plan: VM=hazr-t-dtg-geoap01, Disk=t-dtg-geoap01-disk01, RG=hazr-t-dtg-rg, SizeGB=128, Sku=StandardSSD_LRS, Zone=3, HostCaching=None, DoubleEncryption=True, EncryptionType=EncryptionAtRestWithPlatformAndCustomerKeys, DES=<DryRun: /resourceGroups/hazr-t-dch-rg/providers/Microsoft.Compute/diskEncryptionSets/hazr-t-dch-des>
2026-05-22 10:56:07.490	[INFO] [DryRun] Create plan: VM=hazr-t-dtg-geoap01, Disk=t-dtg-geoap01-disk02, RG=hazr-t-dtg-rg, SizeGB=128, Sku=StandardSSD_LRS, Zone=3, HostCaching=None, DoubleEncryption=True, EncryptionType=EncryptionAtRestWithPlatformAndCustomerKeys, DES=<DryRun: /resourceGroups/hazr-t-dch-rg/providers/Microsoft.Compute/diskEncryptionSets/hazr-t-dch-des>
2026-05-22 10:56:07.520	[INFO] [DryRun] 리소스 그룹 생성 예정: hazr-t-dtg-rg (koreacentral)
2026-05-22 10:56:07.542	[INFO] [DryRun] Create plan: VM=hazr-t-dtg-mq01, Disk=t-dtg-mq01-disk01, RG=hazr-t-dtg-rg, SizeGB=128, Sku=StandardSSD_LRS, Zone=3, HostCaching=None, DoubleEncryption=True, EncryptionType=EncryptionAtRestWithPlatformAndCustomerKeys, DES=<DryRun: /resourceGroups/hazr-t-dch-rg/providers/Microsoft.Compute/diskEncryptionSets/hazr-t-dch-des>
2026-05-22 10:56:07.566	[INFO] [DryRun] Create plan: VM=hazr-t-dtg-mq01, Disk=t-dtg-mq01-disk02, RG=hazr-t-dtg-rg, SizeGB=128, Sku=StandardSSD_LRS, Zone=3, HostCaching=None, DoubleEncryption=True, EncryptionType=EncryptionAtRestWithPlatformAndCustomerKeys, DES=<DryRun: /resourceGroups/hazr-t-dch-rg/providers/Microsoft.Compute/diskEncryptionSets/hazr-t-dch-des>
2026-05-22 10:56:07.598	[INFO] [DryRun] 리소스 그룹 생성 예정: hazr-t-dtg-rg (koreacentral)
2026-05-22 10:56:07.617	[INFO] [DryRun] Create plan: VM=hazr-t-dtg-admweb01, Disk=t-dtg-admweb01-disk01, RG=hazr-t-dtg-rg, SizeGB=128, Sku=StandardSSD_LRS, Zone=3, HostCaching=None, DoubleEncryption=True, EncryptionType=EncryptionAtRestWithPlatformAndCustomerKeys, DES=<DryRun: /resourceGroups/hazr-t-dch-rg/providers/Microsoft.Compute/diskEncryptionSets/hazr-t-dch-des>
2026-05-22 10:56:07.634	[INFO] [DryRun] Create plan: VM=hazr-t-dtg-admweb01, Disk=t-dtg-admweb01-disk02, RG=hazr-t-dtg-rg, SizeGB=128, Sku=StandardSSD_LRS, Zone=3, HostCaching=None, DoubleEncryption=True, EncryptionType=EncryptionAtRestWithPlatformAndCustomerKeys, DES=<DryRun: /resourceGroups/hazr-t-dch-rg/providers/Microsoft.Compute/diskEncryptionSets/hazr-t-dch-des>
2026-05-22 10:56:07.664	[INFO] [DryRun] 리소스 그룹 생성 예정: hazr-t-dtg-rg (koreacentral)
2026-05-22 10:56:07.680	[INFO] [DryRun] Create plan: VM=hazr-t-dtg-admap01, Disk=t-dtg-admap01-disk01, RG=hazr-t-dtg-rg, SizeGB=128, Sku=StandardSSD_LRS, Zone=3, HostCaching=None, DoubleEncryption=True, EncryptionType=EncryptionAtRestWithPlatformAndCustomerKeys, DES=<DryRun: /resourceGroups/hazr-t-dch-rg/providers/Microsoft.Compute/diskEncryptionSets/hazr-t-dch-des>
2026-05-22 10:56:07.698	[INFO] [DryRun] Create plan: VM=hazr-t-dtg-admap01, Disk=t-dtg-admap01-disk02, RG=hazr-t-dtg-rg, SizeGB=128, Sku=StandardSSD_LRS, Zone=3, HostCaching=None, DoubleEncryption=True, EncryptionType=EncryptionAtRestWithPlatformAndCustomerKeys, DES=<DryRun: /resourceGroups/hazr-t-dch-rg/providers/Microsoft.Compute/diskEncryptionSets/hazr-t-dch-des>
2026-05-22 10:56:07.723	[INFO] [DryRun] 리소스 그룹 생성 예정: hazr-t-dtg-rg (koreacentral)
2026-05-22 10:56:07.741	[INFO] [DryRun] Create plan: VM=hazr-t-dtg-dtoms01, Disk=t-dtg-dtoms01-disk01, RG=hazr-t-dtg-rg, SizeGB=128, Sku=StandardSSD_LRS, Zone=3, HostCaching=None, DoubleEncryption=True, EncryptionType=EncryptionAtRestWithPlatformAndCustomerKeys, DES=<DryRun: /resourceGroups/hazr-t-dch-rg/providers/Microsoft.Compute/diskEncryptionSets/hazr-t-dch-des>
2026-05-22 10:56:07.757	[INFO] [DryRun] Create plan: VM=hazr-t-dtg-dtoms01, Disk=t-dtg-dtoms01-disk02, RG=hazr-t-dtg-rg, SizeGB=128, Sku=StandardSSD_LRS, Zone=3, HostCaching=None, DoubleEncryption=True, EncryptionType=EncryptionAtRestWithPlatformAndCustomerKeys, DES=<DryRun: /resourceGroups/hazr-t-dch-rg/providers/Microsoft.Compute/diskEncryptionSets/hazr-t-dch-des>
2026-05-22 10:56:07.779	[INFO] [DryRun] 리소스 그룹 생성 예정: hazr-t-dtg-rg (koreacentral)
2026-05-22 10:56:07.795	[INFO] [DryRun] Create plan: VM=hazr-t-dtg-tsdb01, Disk=t-dtg-tsdb01-disk01, RG=hazr-t-dtg-rg, SizeGB=512, Sku=StandardSSD_LRS, Zone=3, HostCaching=None, DoubleEncryption=True, EncryptionType=EncryptionAtRestWithPlatformAndCustomerKeys, DES=<DryRun: /resourceGroups/hazr-t-dch-rg/providers/Microsoft.Compute/diskEncryptionSets/hazr-t-dch-des>
2026-05-22 10:56:07.811	[INFO] [DryRun] Create plan: VM=hazr-t-dtg-tsdb01, Disk=t-dtg-tsdb01-disk02, RG=hazr-t-dtg-rg, SizeGB=256, Sku=StandardSSD_LRS, Zone=3, HostCaching=None, DoubleEncryption=True, EncryptionType=EncryptionAtRestWithPlatformAndCustomerKeys, DES=<DryRun: /resourceGroups/hazr-t-dch-rg/providers/Microsoft.Compute/diskEncryptionSets/hazr-t-dch-des>
2026-05-22 10:56:07.833	[INFO] [DryRun] 리소스 그룹 생성 예정: hazr-t-dtg-rg (koreacentral)
2026-05-22 10:56:07.848	[INFO] [DryRun] Create plan: VM=hazr-t-dtg-web01, Disk=t-dtg-web01-disk01, RG=hazr-t-dtg-rg, SizeGB=128, Sku=StandardSSD_LRS, Zone=3, HostCaching=None, DoubleEncryption=True, EncryptionType=EncryptionAtRestWithPlatformAndCustomerKeys, DES=<DryRun: /resourceGroups/hazr-t-dch-rg/providers/Microsoft.Compute/diskEncryptionSets/hazr-t-dch-des>
2026-05-22 10:56:07.863	[INFO] [DryRun] Create plan: VM=hazr-t-dtg-web01, Disk=t-dtg-web01-disk02, RG=hazr-t-dtg-rg, SizeGB=128, Sku=StandardSSD_LRS, Zone=3, HostCaching=None, DoubleEncryption=True, EncryptionType=EncryptionAtRestWithPlatformAndCustomerKeys, DES=<DryRun: /resourceGroups/hazr-t-dch-rg/providers/Microsoft.Compute/diskEncryptionSets/hazr-t-dch-des>
2026-05-22 10:56:07.883	[INFO] [DryRun] 리소스 그룹 생성 예정: hazr-t-dtg-rg (koreacentral)
2026-05-22 10:56:07.897	[INFO] [DryRun] Create plan: VM=hazr-t-dtg-zkp01, Disk=t-dtg-zkp01-disk01, RG=hazr-t-dtg-rg, SizeGB=128, Sku=StandardSSD_LRS, Zone=3, HostCaching=None, DoubleEncryption=True, EncryptionType=EncryptionAtRestWithPlatformAndCustomerKeys, DES=<DryRun: /resourceGroups/hazr-t-dch-rg/providers/Microsoft.Compute/diskEncryptionSets/hazr-t-dch-des>
2026-05-22 10:56:07.912	[INFO] [DryRun] Create plan: VM=hazr-t-dtg-zkp01, Disk=t-dtg-zkp01-disk02, RG=hazr-t-dtg-rg, SizeGB=128, Sku=StandardSSD_LRS, Zone=3, HostCaching=None, DoubleEncryption=True, EncryptionType=EncryptionAtRestWithPlatformAndCustomerKeys, DES=<DryRun: /resourceGroups/hazr-t-dch-rg/providers/Microsoft.Compute/diskEncryptionSets/hazr-t-dch-des>
2026-05-22 10:56:07.931	[INFO] [DryRun] 리소스 그룹 생성 예정: hazr-t-dtg-rg (koreacentral)
2026-05-22 10:56:07.949	[INFO] [DryRun] Create plan: VM=hazr-t-dtg-zkp02, Disk=t-dtg-zkp02-disk01, RG=hazr-t-dtg-rg, SizeGB=128, Sku=StandardSSD_LRS, Zone=3, HostCaching=None, DoubleEncryption=True, EncryptionType=EncryptionAtRestWithPlatformAndCustomerKeys, DES=<DryRun: /resourceGroups/hazr-t-dch-rg/providers/Microsoft.Compute/diskEncryptionSets/hazr-t-dch-des>
2026-05-22 10:56:07.965	[INFO] [DryRun] Create plan: VM=hazr-t-dtg-zkp02, Disk=t-dtg-zkp02-disk02, RG=hazr-t-dtg-rg, SizeGB=128, Sku=StandardSSD_LRS, Zone=3, HostCaching=None, DoubleEncryption=True, EncryptionType=EncryptionAtRestWithPlatformAndCustomerKeys, DES=<DryRun: /resourceGroups/hazr-t-dch-rg/providers/Microsoft.Compute/diskEncryptionSets/hazr-t-dch-des>
2026-05-22 10:56:07.992	[INFO] [DryRun] 리소스 그룹 생성 예정: hazr-t-dtg-rg (koreacentral)
2026-05-22 10:56:08.011	[INFO] [DryRun] Create plan: VM=hazr-t-dtg-zkp03, Disk=t-dtg-zkp03-disk01, RG=hazr-t-dtg-rg, SizeGB=128, Sku=StandardSSD_LRS, Zone=3, HostCaching=None, DoubleEncryption=True, EncryptionType=EncryptionAtRestWithPlatformAndCustomerKeys, DES=<DryRun: /resourceGroups/hazr-t-dch-rg/providers/Microsoft.Compute/diskEncryptionSets/hazr-t-dch-des>
2026-05-22 10:56:08.026	[INFO] [DryRun] Create plan: VM=hazr-t-dtg-zkp03, Disk=t-dtg-zkp03-disk02, RG=hazr-t-dtg-rg, SizeGB=128, Sku=StandardSSD_LRS, Zone=3, HostCaching=None, DoubleEncryption=True, EncryptionType=EncryptionAtRestWithPlatformAndCustomerKeys, DES=<DryRun: /resourceGroups/hazr-t-dch-rg/providers/Microsoft.Compute/diskEncryptionSets/hazr-t-dch-des>
2026-05-22 10:56:08.047	[INFO] [DryRun] 리소스 그룹 생성 예정: hazr-t-dtg-rg (koreacentral)
2026-05-22 10:56:08.063	[INFO] [DryRun] Create plan: VM=hazr-t-dtg-kfk01, Disk=t-dtg-kfk01-disk01, RG=hazr-t-dtg-rg, SizeGB=128, Sku=StandardSSD_LRS, Zone=3, HostCaching=None, DoubleEncryption=True, EncryptionType=EncryptionAtRestWithPlatformAndCustomerKeys, DES=<DryRun: /resourceGroups/hazr-t-dch-rg/providers/Microsoft.Compute/diskEncryptionSets/hazr-t-dch-des>
2026-05-22 10:56:08.078	[INFO] [DryRun] Create plan: VM=hazr-t-dtg-kfk01, Disk=t-dtg-kfk01-disk02, RG=hazr-t-dtg-rg, SizeGB=128, Sku=StandardSSD_LRS, Zone=3, HostCaching=None, DoubleEncryption=True, EncryptionType=EncryptionAtRestWithPlatformAndCustomerKeys, DES=<DryRun: /resourceGroups/hazr-t-dch-rg/providers/Microsoft.Compute/diskEncryptionSets/hazr-t-dch-des>
2026-05-22 10:56:08.098	[INFO] [DryRun] 리소스 그룹 생성 예정: hazr-t-dtg-rg (koreacentral)
2026-05-22 10:56:08.114	[INFO] [DryRun] Create plan: VM=hazr-t-dtg-kfk02, Disk=t-dtg-kfk02-disk01, RG=hazr-t-dtg-rg, SizeGB=128, Sku=StandardSSD_LRS, Zone=3, HostCaching=None, DoubleEncryption=True, EncryptionType=EncryptionAtRestWithPlatformAndCustomerKeys, DES=<DryRun: /resourceGroups/hazr-t-dch-rg/providers/Microsoft.Compute/diskEncryptionSets/hazr-t-dch-des>
2026-05-22 10:56:08.127	[INFO] [DryRun] Create plan: VM=hazr-t-dtg-kfk02, Disk=t-dtg-kfk02-disk02, RG=hazr-t-dtg-rg, SizeGB=128, Sku=StandardSSD_LRS, Zone=3, HostCaching=None, DoubleEncryption=True, EncryptionType=EncryptionAtRestWithPlatformAndCustomerKeys, DES=<DryRun: /resourceGroups/hazr-t-dch-rg/providers/Microsoft.Compute/diskEncryptionSets/hazr-t-dch-des>
2026-05-22 10:56:08.146	[INFO] [DryRun] 리소스 그룹 생성 예정: hazr-t-dtg-rg (koreacentral)
2026-05-22 10:56:08.162	[INFO] [DryRun] Create plan: VM=hazr-t-dtg-kfk03, Disk=t-dtg-kfk03-disk01, RG=hazr-t-dtg-rg, SizeGB=128, Sku=StandardSSD_LRS, Zone=3, HostCaching=None, DoubleEncryption=True, EncryptionType=EncryptionAtRestWithPlatformAndCustomerKeys, DES=<DryRun: /resourceGroups/hazr-t-dch-rg/providers/Microsoft.Compute/diskEncryptionSets/hazr-t-dch-des>
2026-05-22 10:56:08.179	[INFO] [DryRun] Create plan: VM=hazr-t-dtg-kfk03, Disk=t-dtg-kfk03-disk02, RG=hazr-t-dtg-rg, SizeGB=128, Sku=StandardSSD_LRS, Zone=3, HostCaching=None, DoubleEncryption=True, EncryptionType=EncryptionAtRestWithPlatformAndCustomerKeys, DES=<DryRun: /resourceGroups/hazr-t-dch-rg/providers/Microsoft.Compute/diskEncryptionSets/hazr-t-dch-des>
2026-05-22 10:56:08.199	[INFO] [DryRun] 리소스 그룹 생성 예정: hazr-t-dtg-rg (koreacentral)
2026-05-22 10:56:08.213	[INFO] [DryRun] Create plan: VM=hazr-t-dtg-mdoms01, Disk=t-dtg-mdoms01-disk01, RG=hazr-t-dtg-rg, SizeGB=128, Sku=StandardSSD_LRS, Zone=3, HostCaching=None, DoubleEncryption=True, EncryptionType=EncryptionAtRestWithPlatformAndCustomerKeys, DES=<DryRun: /resourceGroups/hazr-t-dch-rg/providers/Microsoft.Compute/diskEncryptionSets/hazr-t-dch-des>
2026-05-22 10:56:08.227	[INFO] [DryRun] Create plan: VM=hazr-t-dtg-mdoms01, Disk=t-dtg-mdoms01-disk02, RG=hazr-t-dtg-rg, SizeGB=128, Sku=StandardSSD_LRS, Zone=3, HostCaching=None, DoubleEncryption=True, EncryptionType=EncryptionAtRestWithPlatformAndCustomerKeys, DES=<DryRun: /resourceGroups/hazr-t-dch-rg/providers/Microsoft.Compute/diskEncryptionSets/hazr-t-dch-des>
2026-05-22 10:56:08.247	[INFO] [DryRun] 리소스 그룹 생성 예정: hazr-t-dtg-rg (koreacentral)
2026-05-22 10:56:08.264	[INFO] [DryRun] Create plan: VM=hazr-t-dtg-cdmlap01, Disk=t-dtg-cdmlap01-disk01, RG=hazr-t-dtg-rg, SizeGB=128, Sku=StandardSSD_LRS, Zone=3, HostCaching=None, DoubleEncryption=True, EncryptionType=EncryptionAtRestWithPlatformAndCustomerKeys, DES=<DryRun: /resourceGroups/hazr-t-dch-rg/providers/Microsoft.Compute/diskEncryptionSets/hazr-t-dch-des>
2026-05-22 10:56:08.277	[INFO] [DryRun] Create plan: VM=hazr-t-dtg-cdmlap01, Disk=t-dtg-cdmlap01-disk02, RG=hazr-t-dtg-rg, SizeGB=128, Sku=StandardSSD_LRS, Zone=3, HostCaching=None, DoubleEncryption=True, EncryptionType=EncryptionAtRestWithPlatformAndCustomerKeys, DES=<DryRun: /resourceGroups/hazr-t-dch-rg/providers/Microsoft.Compute/diskEncryptionSets/hazr-t-dch-des>
2026-05-22 10:56:08.296	[INFO] [DryRun] 리소스 그룹 생성 예정: hazr-t-dtg-rg (koreacentral)
2026-05-22 10:56:08.313	[INFO] [DryRun] Create plan: VM=hazr-t-dtg-cdstap01, Disk=t-dtg-cdstap01-disk01, RG=hazr-t-dtg-rg, SizeGB=128, Sku=StandardSSD_LRS, Zone=3, HostCaching=None, DoubleEncryption=True, EncryptionType=EncryptionAtRestWithPlatformAndCustomerKeys, DES=<DryRun: /resourceGroups/hazr-t-dch-rg/providers/Microsoft.Compute/diskEncryptionSets/hazr-t-dch-des>
2026-05-22 10:56:08.327	[INFO] [DryRun] Create plan: VM=hazr-t-dtg-cdstap01, Disk=t-dtg-cdstap01-disk02, RG=hazr-t-dtg-rg, SizeGB=128, Sku=StandardSSD_LRS, Zone=3, HostCaching=None, DoubleEncryption=True, EncryptionType=EncryptionAtRestWithPlatformAndCustomerKeys, DES=<DryRun: /resourceGroups/hazr-t-dch-rg/providers/Microsoft.Compute/diskEncryptionSets/hazr-t-dch-des>
2026-05-22 10:56:08.343	[INFO] [DryRun] 리소스 그룹 생성 예정: hazr-t-dtg-rg (koreacentral)
2026-05-22 10:56:08.357	[INFO] [DryRun] Create plan: VM=hazr-t-dtg-cdsvadm01, Disk=t-dtg-cdsvadm01-disk01, RG=hazr-t-dtg-rg, SizeGB=128, Sku=StandardSSD_LRS, Zone=3, HostCaching=None, DoubleEncryption=True, EncryptionType=EncryptionAtRestWithPlatformAndCustomerKeys, DES=<DryRun: /resourceGroups/hazr-t-dch-rg/providers/Microsoft.Compute/diskEncryptionSets/hazr-t-dch-des>
2026-05-22 10:56:08.371	[INFO] [DryRun] Create plan: VM=hazr-t-dtg-cdsvadm01, Disk=t-dtg-cdsvadm01-disk02, RG=hazr-t-dtg-rg, SizeGB=128, Sku=StandardSSD_LRS, Zone=3, HostCaching=None, DoubleEncryption=True, EncryptionType=EncryptionAtRestWithPlatformAndCustomerKeys, DES=<DryRun: /resourceGroups/hazr-t-dch-rg/providers/Microsoft.Compute/diskEncryptionSets/hazr-t-dch-des>
2026-05-22 10:56:08.392	[INFO] [DryRun] 리소스 그룹 생성 예정: hazr-t-dtg-rg (koreacentral)
2026-05-22 10:56:08.407	[INFO] [DryRun] Create plan: VM=hazr-t-dtg-diosap01, Disk=t-dtg-diosap01-disk01, RG=hazr-t-dtg-rg, SizeGB=128, Sku=StandardSSD_LRS, Zone=3, HostCaching=None, DoubleEncryption=True, EncryptionType=EncryptionAtRestWithPlatformAndCustomerKeys, DES=<DryRun: /resourceGroups/hazr-t-dch-rg/providers/Microsoft.Compute/diskEncryptionSets/hazr-t-dch-des>
2026-05-22 10:56:08.422	[INFO] [DryRun] Create plan: VM=hazr-t-dtg-diosap01, Disk=t-dtg-diosap01-disk02, RG=hazr-t-dtg-rg, SizeGB=128, Sku=StandardSSD_LRS, Zone=3, HostCaching=None, DoubleEncryption=True, EncryptionType=EncryptionAtRestWithPlatformAndCustomerKeys, DES=<DryRun: /resourceGroups/hazr-t-dch-rg/providers/Microsoft.Compute/diskEncryptionSets/hazr-t-dch-des>
2026-05-22 10:56:08.441	[INFO] [DryRun] 리소스 그룹 생성 예정: hazr-t-dtg-rg (koreacentral)
2026-05-22 10:56:08.457	[INFO] [DryRun] Create plan: VM=hazr-t-dtg-diosweb01, Disk=t-dtg-diosweb01-disk01, RG=hazr-t-dtg-rg, SizeGB=128, Sku=StandardSSD_LRS, Zone=3, HostCaching=None, DoubleEncryption=True, EncryptionType=EncryptionAtRestWithPlatformAndCustomerKeys, DES=<DryRun: /resourceGroups/hazr-t-dch-rg/providers/Microsoft.Compute/diskEncryptionSets/hazr-t-dch-des>
2026-05-22 10:56:08.473	[INFO] [DryRun] Create plan: VM=hazr-t-dtg-diosweb01, Disk=t-dtg-diosweb01-disk02, RG=hazr-t-dtg-rg, SizeGB=128, Sku=StandardSSD_LRS, Zone=3, HostCaching=None, DoubleEncryption=True, EncryptionType=EncryptionAtRestWithPlatformAndCustomerKeys, DES=<DryRun: /resourceGroups/hazr-t-dch-rg/providers/Microsoft.Compute/diskEncryptionSets/hazr-t-dch-des>
2026-05-22 10:56:08.491	[INFO] [DryRun] 리소스 그룹 생성 예정: hazr-t-dtg-rg (koreacentral)
2026-05-22 10:56:08.507	[INFO] [DryRun] Create plan: VM=hazr-t-dtg-dprweb01, Disk=t-dtg-dprweb01-disk01, RG=hazr-t-dtg-rg, SizeGB=128, Sku=StandardSSD_LRS, Zone=3, HostCaching=None, DoubleEncryption=True, EncryptionType=EncryptionAtRestWithPlatformAndCustomerKeys, DES=<DryRun: /resourceGroups/hazr-t-dch-rg/providers/Microsoft.Compute/diskEncryptionSets/hazr-t-dch-des>
2026-05-22 10:56:08.522	[INFO] [DryRun] Create plan: VM=hazr-t-dtg-dprweb01, Disk=t-dtg-dprweb01-disk02, RG=hazr-t-dtg-rg, SizeGB=128, Sku=StandardSSD_LRS, Zone=3, HostCaching=None, DoubleEncryption=True, EncryptionType=EncryptionAtRestWithPlatformAndCustomerKeys, DES=<DryRun: /resourceGroups/hazr-t-dch-rg/providers/Microsoft.Compute/diskEncryptionSets/hazr-t-dch-des>
2026-05-22 10:56:08.539	[INFO] [DryRun] 리소스 그룹 생성 예정: hazr-t-dtg-rg (koreacentral)
2026-05-22 10:56:08.557	[INFO] [DryRun] Create plan: VM=hazr-t-dtg-dprap01, Disk=t-dtg-dprap01-disk01, RG=hazr-t-dtg-rg, SizeGB=128, Sku=StandardSSD_LRS, Zone=3, HostCaching=None, DoubleEncryption=True, EncryptionType=EncryptionAtRestWithPlatformAndCustomerKeys, DES=<DryRun: /resourceGroups/hazr-t-dch-rg/providers/Microsoft.Compute/diskEncryptionSets/hazr-t-dch-des>
2026-05-22 10:56:08.573	[INFO] [DryRun] Create plan: VM=hazr-t-dtg-dprap01, Disk=t-dtg-dprap01-disk02, RG=hazr-t-dtg-rg, SizeGB=128, Sku=StandardSSD_LRS, Zone=3, HostCaching=None, DoubleEncryption=True, EncryptionType=EncryptionAtRestWithPlatformAndCustomerKeys, DES=<DryRun: /resourceGroups/hazr-t-dch-rg/providers/Microsoft.Compute/diskEncryptionSets/hazr-t-dch-des>
2026-05-22 10:56:08.593	[INFO] [DryRun] 리소스 그룹 생성 예정: hazr-t-bdp-rg (koreacentral)
2026-05-22 10:56:08.608	[INFO] [DryRun] Create plan: VM=hazr-t-bdp-airfw01, Disk=t-bdp-airfw01-disk01, RG=hazr-t-bdp-rg, SizeGB=128, Sku=StandardSSD_LRS, Zone=3, HostCaching=None, DoubleEncryption=True, EncryptionType=EncryptionAtRestWithPlatformAndCustomerKeys, DES=<DryRun: /resourceGroups/hazr-t-dch-rg/providers/Microsoft.Compute/diskEncryptionSets/hazr-t-dch-des>
2026-05-22 10:56:08.621	[INFO] [DryRun] Create plan: VM=hazr-t-bdp-airfw01, Disk=t-bdp-airfw01-disk02, RG=hazr-t-bdp-rg, SizeGB=128, Sku=StandardSSD_LRS, Zone=3, HostCaching=None, DoubleEncryption=True, EncryptionType=EncryptionAtRestWithPlatformAndCustomerKeys, DES=<DryRun: /resourceGroups/hazr-t-dch-rg/providers/Microsoft.Compute/diskEncryptionSets/hazr-t-dch-des>
2026-05-22 10:56:08.638	[INFO] [DryRun] 리소스 그룹 생성 예정: hazr-t-bdp-rg (koreacentral)
2026-05-22 10:56:08.653	[INFO] [DryRun] Create plan: VM=hazr-t-bdp-kepler01, Disk=t-bdp-kepler01-disk01, RG=hazr-t-bdp-rg, SizeGB=128, Sku=StandardSSD_LRS, Zone=3, HostCaching=None, DoubleEncryption=True, EncryptionType=EncryptionAtRestWithPlatformAndCustomerKeys, DES=<DryRun: /resourceGroups/hazr-t-dch-rg/providers/Microsoft.Compute/diskEncryptionSets/hazr-t-dch-des>
2026-05-22 10:56:08.666	[INFO] [DryRun] Create plan: VM=hazr-t-bdp-kepler01, Disk=t-bdp-kepler01-disk02, RG=hazr-t-bdp-rg, SizeGB=128, Sku=StandardSSD_LRS, Zone=3, HostCaching=None, DoubleEncryption=True, EncryptionType=EncryptionAtRestWithPlatformAndCustomerKeys, DES=<DryRun: /resourceGroups/hazr-t-dch-rg/providers/Microsoft.Compute/diskEncryptionSets/hazr-t-dch-des>
2026-05-22 10:56:08.682	[INFO] [DryRun] 리소스 그룹 생성 예정: hazr-t-bdp-rg (koreacentral)
2026-05-22 10:56:08.699	[INFO] [DryRun] Create plan: VM=hazr-t-bdp-cxmadm01, Disk=t-bdp-cxmadm01-disk01, RG=hazr-t-bdp-rg, SizeGB=128, Sku=StandardSSD_LRS, Zone=3, HostCaching=None, DoubleEncryption=True, EncryptionType=EncryptionAtRestWithPlatformAndCustomerKeys, DES=<DryRun: /resourceGroups/hazr-t-dch-rg/providers/Microsoft.Compute/diskEncryptionSets/hazr-t-dch-des>
2026-05-22 10:56:08.712	[INFO] [DryRun] Create plan: VM=hazr-t-bdp-cxmadm01, Disk=t-bdp-cxmadm01-disk02, RG=hazr-t-bdp-rg, SizeGB=128, Sku=StandardSSD_LRS, Zone=3, HostCaching=None, DoubleEncryption=True, EncryptionType=EncryptionAtRestWithPlatformAndCustomerKeys, DES=<DryRun: /resourceGroups/hazr-t-dch-rg/providers/Microsoft.Compute/diskEncryptionSets/hazr-t-dch-des>
2026-05-22 10:56:08.729	[INFO] [DryRun] 리소스 그룹 생성 예정: hazr-t-bdp-rg (koreacentral)
2026-05-22 10:56:08.746	[INFO] [DryRun] Create plan: VM=hazr-t-bdp-slap01, Disk=t-bdp-slap01-disk01, RG=hazr-t-bdp-rg, SizeGB=128, Sku=StandardSSD_LRS, Zone=3, HostCaching=None, DoubleEncryption=True, EncryptionType=EncryptionAtRestWithPlatformAndCustomerKeys, DES=<DryRun: /resourceGroups/hazr-t-dch-rg/providers/Microsoft.Compute/diskEncryptionSets/hazr-t-dch-des>
2026-05-22 10:56:08.762	[INFO] [DryRun] Create plan: VM=hazr-t-bdp-slap01, Disk=t-bdp-slap01-disk02, RG=hazr-t-bdp-rg, SizeGB=128, Sku=StandardSSD_LRS, Zone=3, HostCaching=None, DoubleEncryption=True, EncryptionType=EncryptionAtRestWithPlatformAndCustomerKeys, DES=<DryRun: /resourceGroups/hazr-t-dch-rg/providers/Microsoft.Compute/diskEncryptionSets/hazr-t-dch-des>
2026-05-22 10:56:08.780	[INFO] [DryRun] 리소스 그룹 생성 예정: hazr-t-dip-rg (koreacentral)
2026-05-22 10:56:08.795	[INFO] [DryRun] Create plan: VM=hazr-t-dip-adm01, Disk=t-dip-adm01-disk01, RG=hazr-t-dip-rg, SizeGB=128, Sku=StandardSSD_LRS, Zone=3, HostCaching=None, DoubleEncryption=True, EncryptionType=EncryptionAtRestWithPlatformAndCustomerKeys, DES=<DryRun: /resourceGroups/hazr-t-dch-rg/providers/Microsoft.Compute/diskEncryptionSets/hazr-t-dch-des>
2026-05-22 10:56:08.809	[INFO] [DryRun] Create plan: VM=hazr-t-dip-adm01, Disk=t-dip-adm01-disk02, RG=hazr-t-dip-rg, SizeGB=128, Sku=StandardSSD_LRS, Zone=3, HostCaching=None, DoubleEncryption=True, EncryptionType=EncryptionAtRestWithPlatformAndCustomerKeys, DES=<DryRun: /resourceGroups/hazr-t-dch-rg/providers/Microsoft.Compute/diskEncryptionSets/hazr-t-dch-des>
2026-05-22 10:56:08.829	[INFO] [DryRun] 리소스 그룹 생성 예정: hazr-t-dip-rg (koreacentral)
2026-05-22 10:56:08.843	[INFO] [DryRun] Create plan: VM=hazr-t-dip-ap01, Disk=t-dip-ap01-disk01, RG=hazr-t-dip-rg, SizeGB=128, Sku=StandardSSD_LRS, Zone=3, HostCaching=None, DoubleEncryption=True, EncryptionType=EncryptionAtRestWithPlatformAndCustomerKeys, DES=<DryRun: /resourceGroups/hazr-t-dch-rg/providers/Microsoft.Compute/diskEncryptionSets/hazr-t-dch-des>
2026-05-22 10:56:08.856	[INFO] [DryRun] Create plan: VM=hazr-t-dip-ap01, Disk=t-dip-ap01-disk02, RG=hazr-t-dip-rg, SizeGB=128, Sku=StandardSSD_LRS, Zone=3, HostCaching=None, DoubleEncryption=True, EncryptionType=EncryptionAtRestWithPlatformAndCustomerKeys, DES=<DryRun: /resourceGroups/hazr-t-dch-rg/providers/Microsoft.Compute/diskEncryptionSets/hazr-t-dch-des>
2026-05-22 10:56:08.872	[INFO] [DryRun] 리소스 그룹 생성 예정: hazr-t-dip-rg (koreacentral)
2026-05-22 10:56:08.887	[INFO] [DryRun] Create plan: VM=hazr-t-dip-flk01, Disk=t-dip-flk01-disk01, RG=hazr-t-dip-rg, SizeGB=128, Sku=StandardSSD_LRS, Zone=3, HostCaching=None, DoubleEncryption=True, EncryptionType=EncryptionAtRestWithPlatformAndCustomerKeys, DES=<DryRun: /resourceGroups/hazr-t-dch-rg/providers/Microsoft.Compute/diskEncryptionSets/hazr-t-dch-des>
2026-05-22 10:56:08.903	[INFO] [DryRun] Create plan: VM=hazr-t-dip-flk01, Disk=t-dip-flk01-disk02, RG=hazr-t-dip-rg, SizeGB=128, Sku=StandardSSD_LRS, Zone=3, HostCaching=None, DoubleEncryption=True, EncryptionType=EncryptionAtRestWithPlatformAndCustomerKeys, DES=<DryRun: /resourceGroups/hazr-t-dch-rg/providers/Microsoft.Compute/diskEncryptionSets/hazr-t-dch-des>
2026-05-22 10:56:08.921	[INFO] [DryRun] 리소스 그룹 생성 예정: hazr-t-dip-rg (koreacentral)
2026-05-22 10:56:08.936	[INFO] [DryRun] Create plan: VM=hazr-t-dip-flk02, Disk=t-dip-flk02-disk01, RG=hazr-t-dip-rg, SizeGB=128, Sku=StandardSSD_LRS, Zone=3, HostCaching=None, DoubleEncryption=True, EncryptionType=EncryptionAtRestWithPlatformAndCustomerKeys, DES=<DryRun: /resourceGroups/hazr-t-dch-rg/providers/Microsoft.Compute/diskEncryptionSets/hazr-t-dch-des>
2026-05-22 10:56:08.955	[INFO] [DryRun] Create plan: VM=hazr-t-dip-flk02, Disk=t-dip-flk02-disk02, RG=hazr-t-dip-rg, SizeGB=128, Sku=StandardSSD_LRS, Zone=3, HostCaching=None, DoubleEncryption=True, EncryptionType=EncryptionAtRestWithPlatformAndCustomerKeys, DES=<DryRun: /resourceGroups/hazr-t-dch-rg/providers/Microsoft.Compute/diskEncryptionSets/hazr-t-dch-des>
2026-05-22 10:56:08.978	[INFO] [DryRun] 리소스 그룹 생성 예정: hazr-t-dip-rg (koreacentral)
2026-05-22 10:56:08.993	[INFO] [DryRun] Create plan: VM=hazr-t-dip-flk03, Disk=t-dip-flk03-disk01, RG=hazr-t-dip-rg, SizeGB=128, Sku=StandardSSD_LRS, Zone=3, HostCaching=None, DoubleEncryption=True, EncryptionType=EncryptionAtRestWithPlatformAndCustomerKeys, DES=<DryRun: /resourceGroups/hazr-t-dch-rg/providers/Microsoft.Compute/diskEncryptionSets/hazr-t-dch-des>
2026-05-22 10:56:09.010	[INFO] [DryRun] Create plan: VM=hazr-t-dip-flk03, Disk=t-dip-flk03-disk02, RG=hazr-t-dip-rg, SizeGB=128, Sku=StandardSSD_LRS, Zone=3, HostCaching=None, DoubleEncryption=True, EncryptionType=EncryptionAtRestWithPlatformAndCustomerKeys, DES=<DryRun: /resourceGroups/hazr-t-dch-rg/providers/Microsoft.Compute/diskEncryptionSets/hazr-t-dch-des>
2026-05-22 10:56:09.031	[INFO] [DryRun] 리소스 그룹 생성 예정: hazr-t-dip-rg (koreacentral)
2026-05-22 10:56:09.047	[INFO] [DryRun] Create plan: VM=hazr-t-dip-geoap01, Disk=t-dip-geoap01-disk01, RG=hazr-t-dip-rg, SizeGB=128, Sku=StandardSSD_LRS, Zone=3, HostCaching=None, DoubleEncryption=True, EncryptionType=EncryptionAtRestWithPlatformAndCustomerKeys, DES=<DryRun: /resourceGroups/hazr-t-dch-rg/providers/Microsoft.Compute/diskEncryptionSets/hazr-t-dch-des>
2026-05-22 10:56:09.064	[INFO] [DryRun] Create plan: VM=hazr-t-dip-geoap01, Disk=t-dip-geoap01-disk02, RG=hazr-t-dip-rg, SizeGB=128, Sku=StandardSSD_LRS, Zone=3, HostCaching=None, DoubleEncryption=True, EncryptionType=EncryptionAtRestWithPlatformAndCustomerKeys, DES=<DryRun: /resourceGroups/hazr-t-dch-rg/providers/Microsoft.Compute/diskEncryptionSets/hazr-t-dch-des>
2026-05-22 10:56:09.084	[INFO] [DryRun] 리소스 그룹 생성 예정: hazr-t-dip-rg (koreacentral)
2026-05-22 10:56:09.100	[INFO] [DryRun] Create plan: VM=hazr-t-dip-kfk01, Disk=t-dip-kfk01-disk01, RG=hazr-t-dip-rg, SizeGB=128, Sku=StandardSSD_LRS, Zone=3, HostCaching=None, DoubleEncryption=True, EncryptionType=EncryptionAtRestWithPlatformAndCustomerKeys, DES=<DryRun: /resourceGroups/hazr-t-dch-rg/providers/Microsoft.Compute/diskEncryptionSets/hazr-t-dch-des>
2026-05-22 10:56:09.117	[INFO] [DryRun] Create plan: VM=hazr-t-dip-kfk01, Disk=t-dip-kfk01-disk02, RG=hazr-t-dip-rg, SizeGB=128, Sku=StandardSSD_LRS, Zone=3, HostCaching=None, DoubleEncryption=True, EncryptionType=EncryptionAtRestWithPlatformAndCustomerKeys, DES=<DryRun: /resourceGroups/hazr-t-dch-rg/providers/Microsoft.Compute/diskEncryptionSets/hazr-t-dch-des>
2026-05-22 10:56:09.144	[INFO] [DryRun] 리소스 그룹 생성 예정: hazr-t-dip-rg (koreacentral)
2026-05-22 10:56:09.162	[INFO] [DryRun] Create plan: VM=hazr-t-dip-kfk02, Disk=t-dip-kfk02-disk01, RG=hazr-t-dip-rg, SizeGB=128, Sku=StandardSSD_LRS, Zone=3, HostCaching=None, DoubleEncryption=True, EncryptionType=EncryptionAtRestWithPlatformAndCustomerKeys, DES=<DryRun: /resourceGroups/hazr-t-dch-rg/providers/Microsoft.Compute/diskEncryptionSets/hazr-t-dch-des>
2026-05-22 10:56:09.178	[INFO] [DryRun] Create plan: VM=hazr-t-dip-kfk02, Disk=t-dip-kfk02-disk02, RG=hazr-t-dip-rg, SizeGB=128, Sku=StandardSSD_LRS, Zone=3, HostCaching=None, DoubleEncryption=True, EncryptionType=EncryptionAtRestWithPlatformAndCustomerKeys, DES=<DryRun: /resourceGroups/hazr-t-dch-rg/providers/Microsoft.Compute/diskEncryptionSets/hazr-t-dch-des>
2026-05-22 10:56:09.198	[INFO] [DryRun] 리소스 그룹 생성 예정: hazr-t-dip-rg (koreacentral)
2026-05-22 10:56:09.213	[INFO] [DryRun] Create plan: VM=hazr-t-dip-kfk03, Disk=t-dip-kfk03-disk01, RG=hazr-t-dip-rg, SizeGB=128, Sku=StandardSSD_LRS, Zone=3, HostCaching=None, DoubleEncryption=True, EncryptionType=EncryptionAtRestWithPlatformAndCustomerKeys, DES=<DryRun: /resourceGroups/hazr-t-dch-rg/providers/Microsoft.Compute/diskEncryptionSets/hazr-t-dch-des>
2026-05-22 10:56:09.230	[INFO] [DryRun] Create plan: VM=hazr-t-dip-kfk03, Disk=t-dip-kfk03-disk02, RG=hazr-t-dip-rg, SizeGB=128, Sku=StandardSSD_LRS, Zone=3, HostCaching=None, DoubleEncryption=True, EncryptionType=EncryptionAtRestWithPlatformAndCustomerKeys, DES=<DryRun: /resourceGroups/hazr-t-dch-rg/providers/Microsoft.Compute/diskEncryptionSets/hazr-t-dch-des>
2026-05-22 10:56:09.249	[INFO] [DryRun] 리소스 그룹 생성 예정: hazr-t-dip-rg (koreacentral)
2026-05-22 10:56:09.263	[INFO] [DryRun] Create plan: VM=hazr-t-dip-mqap01, Disk=t-dip-mqap01-disk01, RG=hazr-t-dip-rg, SizeGB=128, Sku=StandardSSD_LRS, Zone=3, HostCaching=None, DoubleEncryption=True, EncryptionType=EncryptionAtRestWithPlatformAndCustomerKeys, DES=<DryRun: /resourceGroups/hazr-t-dch-rg/providers/Microsoft.Compute/diskEncryptionSets/hazr-t-dch-des>
2026-05-22 10:56:09.278	[INFO] [DryRun] Create plan: VM=hazr-t-dip-mqap01, Disk=t-dip-mqap01-disk02, RG=hazr-t-dip-rg, SizeGB=128, Sku=StandardSSD_LRS, Zone=3, HostCaching=None, DoubleEncryption=True, EncryptionType=EncryptionAtRestWithPlatformAndCustomerKeys, DES=<DryRun: /resourceGroups/hazr-t-dch-rg/providers/Microsoft.Compute/diskEncryptionSets/hazr-t-dch-des>
2026-05-22 10:56:09.298	[INFO] [DryRun] 리소스 그룹 생성 예정: hazr-t-dip-rg (koreacentral)
2026-05-22 10:56:09.313	[INFO] [DryRun] Create plan: VM=hazr-t-dip-mqweb01, Disk=t-dip-mqweb01-disk01, RG=hazr-t-dip-rg, SizeGB=128, Sku=StandardSSD_LRS, Zone=3, HostCaching=None, DoubleEncryption=True, EncryptionType=EncryptionAtRestWithPlatformAndCustomerKeys, DES=<DryRun: /resourceGroups/hazr-t-dch-rg/providers/Microsoft.Compute/diskEncryptionSets/hazr-t-dch-des>
2026-05-22 10:56:09.328	[INFO] [DryRun] Create plan: VM=hazr-t-dip-mqweb01, Disk=t-dip-mqweb01-disk02, RG=hazr-t-dip-rg, SizeGB=128, Sku=StandardSSD_LRS, Zone=3, HostCaching=None, DoubleEncryption=True, EncryptionType=EncryptionAtRestWithPlatformAndCustomerKeys, DES=<DryRun: /resourceGroups/hazr-t-dch-rg/providers/Microsoft.Compute/diskEncryptionSets/hazr-t-dch-des>
2026-05-22 10:56:09.346	[INFO] [DryRun] 리소스 그룹 생성 예정: hazr-t-dip-rg (koreacentral)
2026-05-22 10:56:09.360	[INFO] [DryRun] Create plan: VM=hazr-t-dip-oms01, Disk=t-dip-oms01-disk01, RG=hazr-t-dip-rg, SizeGB=128, Sku=StandardSSD_LRS, Zone=3, HostCaching=None, DoubleEncryption=True, EncryptionType=EncryptionAtRestWithPlatformAndCustomerKeys, DES=<DryRun: /resourceGroups/hazr-t-dch-rg/providers/Microsoft.Compute/diskEncryptionSets/hazr-t-dch-des>
2026-05-22 10:56:09.376	[INFO] [DryRun] Create plan: VM=hazr-t-dip-oms01, Disk=t-dip-oms01-disk02, RG=hazr-t-dip-rg, SizeGB=128, Sku=StandardSSD_LRS, Zone=3, HostCaching=None, DoubleEncryption=True, EncryptionType=EncryptionAtRestWithPlatformAndCustomerKeys, DES=<DryRun: /resourceGroups/hazr-t-dch-rg/providers/Microsoft.Compute/diskEncryptionSets/hazr-t-dch-des>
2026-05-22 10:56:09.394	[INFO] [DryRun] 리소스 그룹 생성 예정: hazr-t-dip-rg (koreacentral)
2026-05-22 10:56:09.408	[INFO] [DryRun] Create plan: VM=hazr-t-dip-web01, Disk=t-dip-web01-disk01, RG=hazr-t-dip-rg, SizeGB=128, Sku=StandardSSD_LRS, Zone=3, HostCaching=None, DoubleEncryption=True, EncryptionType=EncryptionAtRestWithPlatformAndCustomerKeys, DES=<DryRun: /resourceGroups/hazr-t-dch-rg/providers/Microsoft.Compute/diskEncryptionSets/hazr-t-dch-des>
2026-05-22 10:56:09.422	[INFO] [DryRun] Create plan: VM=hazr-t-dip-web01, Disk=t-dip-web01-disk02, RG=hazr-t-dip-rg, SizeGB=128, Sku=StandardSSD_LRS, Zone=3, HostCaching=None, DoubleEncryption=True, EncryptionType=EncryptionAtRestWithPlatformAndCustomerKeys, DES=<DryRun: /resourceGroups/hazr-t-dch-rg/providers/Microsoft.Compute/diskEncryptionSets/hazr-t-dch-des>
2026-05-22 10:56:09.439	[INFO] [DryRun] 리소스 그룹 생성 예정: hazr-t-com-rg (koreacentral)
2026-05-22 10:56:09.452	[INFO] [DryRun] Create plan: VM=hazr-t-com-auth01, Disk=t-com-auth01-disk01, RG=hazr-t-com-rg, SizeGB=128, Sku=StandardSSD_LRS, Zone=3, HostCaching=None, DoubleEncryption=True, EncryptionType=EncryptionAtRestWithPlatformAndCustomerKeys, DES=<DryRun: /resourceGroups/hazr-t-dch-rg/providers/Microsoft.Compute/diskEncryptionSets/hazr-t-dch-des>
2026-05-22 10:56:09.467	[INFO] [DryRun] Create plan: VM=hazr-t-com-auth01, Disk=t-com-auth01-disk02, RG=hazr-t-com-rg, SizeGB=128, Sku=StandardSSD_LRS, Zone=3, HostCaching=None, DoubleEncryption=True, EncryptionType=EncryptionAtRestWithPlatformAndCustomerKeys, DES=<DryRun: /resourceGroups/hazr-t-dch-rg/providers/Microsoft.Compute/diskEncryptionSets/hazr-t-dch-des>
2026-05-22 10:56:09.485	[INFO] [DryRun] 리소스 그룹 생성 예정: hazr-t-com-rg (koreacentral)
2026-05-22 10:56:09.498	[INFO] [DryRun] Create plan: VM=hazr-t-com-proxy01, Disk=t-com-proxy01-disk01, RG=hazr-t-com-rg, SizeGB=128, Sku=StandardSSD_LRS, Zone=3, HostCaching=None, DoubleEncryption=True, EncryptionType=EncryptionAtRestWithPlatformAndCustomerKeys, DES=<DryRun: /resourceGroups/hazr-t-dch-rg/providers/Microsoft.Compute/diskEncryptionSets/hazr-t-dch-des>
2026-05-22 10:56:09.512	[INFO] [DryRun] Create plan: VM=hazr-t-com-proxy01, Disk=t-com-proxy01-disk02, RG=hazr-t-com-rg, SizeGB=128, Sku=StandardSSD_LRS, Zone=3, HostCaching=None, DoubleEncryption=True, EncryptionType=EncryptionAtRestWithPlatformAndCustomerKeys, DES=<DryRun: /resourceGroups/hazr-t-dch-rg/providers/Microsoft.Compute/diskEncryptionSets/hazr-t-dch-des>
2026-05-22 10:56:09.533	[INFO] [DryRun] 리소스 그룹 생성 예정: hazr-t-if-rg (koreacentral)
2026-05-22 10:56:09.547	[INFO] [DryRun] Create plan: VM=hazr-t-if-gramon01, Disk=t-if-gramon01-disk01, RG=hazr-t-if-rg, SizeGB=128, Sku=StandardSSD_LRS, Zone=3, HostCaching=None, DoubleEncryption=True, EncryptionType=EncryptionAtRestWithPlatformAndCustomerKeys, DES=<DryRun: /resourceGroups/hazr-t-dch-rg/providers/Microsoft.Compute/diskEncryptionSets/hazr-t-dch-des>
2026-05-22 10:56:09.561	[INFO] [DryRun] Create plan: VM=hazr-t-if-gramon01, Disk=t-if-gramon01-disk02, RG=hazr-t-if-rg, SizeGB=128, Sku=StandardSSD_LRS, Zone=3, HostCaching=None, DoubleEncryption=True, EncryptionType=EncryptionAtRestWithPlatformAndCustomerKeys, DES=<DryRun: /resourceGroups/hazr-t-dch-rg/providers/Microsoft.Compute/diskEncryptionSets/hazr-t-dch-des>
2026-05-22 10:56:09.579	[INFO] [DryRun] 리소스 그룹 생성 예정: hazr-t-doip-rg (koreacentral)
2026-05-22 10:56:09.593	[INFO] [DryRun] Create plan: VM=hazr-t-doip-web01, Disk=t-doip-web01-disk01, RG=hazr-t-doip-rg, SizeGB=128, Sku=StandardSSD_LRS, Zone=3, HostCaching=None, DoubleEncryption=True, EncryptionType=EncryptionAtRestWithPlatformAndCustomerKeys, DES=<DryRun: /resourceGroups/hazr-t-dch-rg/providers/Microsoft.Compute/diskEncryptionSets/hazr-t-dch-des>
2026-05-22 10:56:09.608	[INFO] [DryRun] Create plan: VM=hazr-t-doip-web01, Disk=t-doip-web01-disk02, RG=hazr-t-doip-rg, SizeGB=128, Sku=StandardSSD_LRS, Zone=3, HostCaching=None, DoubleEncryption=True, EncryptionType=EncryptionAtRestWithPlatformAndCustomerKeys, DES=<DryRun: /resourceGroups/hazr-t-dch-rg/providers/Microsoft.Compute/diskEncryptionSets/hazr-t-dch-des>
2026-05-22 10:56:09.627	[INFO] [DryRun] 리소스 그룹 생성 예정: hazr-t-doip-rg (koreacentral)
2026-05-22 10:56:09.641	[INFO] [DryRun] Create plan: VM=hazr-t-doip-ap01, Disk=t-doip-ap01-disk01, RG=hazr-t-doip-rg, SizeGB=128, Sku=StandardSSD_LRS, Zone=3, HostCaching=None, DoubleEncryption=True, EncryptionType=EncryptionAtRestWithPlatformAndCustomerKeys, DES=<DryRun: /resourceGroups/hazr-t-dch-rg/providers/Microsoft.Compute/diskEncryptionSets/hazr-t-dch-des>
2026-05-22 10:56:09.655	[INFO] [DryRun] Create plan: VM=hazr-t-doip-ap01, Disk=t-doip-ap01-disk02, RG=hazr-t-doip-rg, SizeGB=128, Sku=StandardSSD_LRS, Zone=3, HostCaching=None, DoubleEncryption=True, EncryptionType=EncryptionAtRestWithPlatformAndCustomerKeys, DES=<DryRun: /resourceGroups/hazr-t-dch-rg/providers/Microsoft.Compute/diskEncryptionSets/hazr-t-dch-des>
2026-05-22 10:56:09.675	[INFO] [DryRun] 리소스 그룹 생성 예정: hazr-t-doip-rg (koreacentral)
2026-05-22 10:56:09.688	[INFO] [DryRun] Create plan: VM=hazr-t-doip-adm01, Disk=t-doip-adm01-disk01, RG=hazr-t-doip-rg, SizeGB=128, Sku=StandardSSD_LRS, Zone=3, HostCaching=None, DoubleEncryption=True, EncryptionType=EncryptionAtRestWithPlatformAndCustomerKeys, DES=<DryRun: /resourceGroups/hazr-t-dch-rg/providers/Microsoft.Compute/diskEncryptionSets/hazr-t-dch-des>
2026-05-22 10:56:09.703	[INFO] [DryRun] Create plan: VM=hazr-t-doip-adm01, Disk=t-doip-adm01-disk02, RG=hazr-t-doip-rg, SizeGB=128, Sku=StandardSSD_LRS, Zone=3, HostCaching=None, DoubleEncryption=True, EncryptionType=EncryptionAtRestWithPlatformAndCustomerKeys, DES=<DryRun: /resourceGroups/hazr-t-dch-rg/providers/Microsoft.Compute/diskEncryptionSets/hazr-t-dch-des>
2026-05-22 10:56:09.723	[INFO] [DryRun] 리소스 그룹 생성 예정: hazr-t-bdp-rg (koreacentral)
2026-05-22 10:56:09.737	[INFO] [DryRun] Create plan: VM=hazr-t-bdp-crkweb01, Disk=t-bdp-crkweb01-disk01, RG=hazr-t-bdp-rg, SizeGB=128, Sku=StandardSSD_LRS, Zone=3, HostCaching=None, DoubleEncryption=True, EncryptionType=EncryptionAtRestWithPlatformAndCustomerKeys, DES=<DryRun: /resourceGroups/hazr-t-dch-rg/providers/Microsoft.Compute/diskEncryptionSets/hazr-t-dch-des>
2026-05-22 10:56:09.750	[INFO] [DryRun] Create plan: VM=hazr-t-bdp-crkweb01, Disk=t-bdp-crkweb01-disk02, RG=hazr-t-bdp-rg, SizeGB=128, Sku=StandardSSD_LRS, Zone=3, HostCaching=None, DoubleEncryption=True, EncryptionType=EncryptionAtRestWithPlatformAndCustomerKeys, DES=<DryRun: /resourceGroups/hazr-t-dch-rg/providers/Microsoft.Compute/diskEncryptionSets/hazr-t-dch-des>
2026-05-22 10:56:09.767	[INFO] [DryRun] 리소스 그룹 생성 예정: hazr-t-bdp-rg (koreacentral)
2026-05-22 10:56:09.780	[INFO] [DryRun] Create plan: VM=hazr-t-bdp-crkap01, Disk=t-bdp-crkap01-disk01, RG=hazr-t-bdp-rg, SizeGB=128, Sku=StandardSSD_LRS, Zone=3, HostCaching=None, DoubleEncryption=True, EncryptionType=EncryptionAtRestWithPlatformAndCustomerKeys, DES=<DryRun: /resourceGroups/hazr-t-dch-rg/providers/Microsoft.Compute/diskEncryptionSets/hazr-t-dch-des>
2026-05-22 10:56:09.795	[INFO] [DryRun] Create plan: VM=hazr-t-bdp-crkap01, Disk=t-bdp-crkap01-disk02, RG=hazr-t-bdp-rg, SizeGB=128, Sku=StandardSSD_LRS, Zone=3, HostCaching=None, DoubleEncryption=True, EncryptionType=EncryptionAtRestWithPlatformAndCustomerKeys, DES=<DryRun: /resourceGroups/hazr-t-dch-rg/providers/Microsoft.Compute/diskEncryptionSets/hazr-t-dch-des>
2026-05-22 10:56:09.816	[INFO] [DryRun] 리소스 그룹 생성 예정: hazr-t-bdp-rg (koreacentral)
2026-05-22 10:56:09.830	[INFO] [DryRun] Create plan: VM=hazr-t-bdp-crkml01, Disk=t-bdp-crkml01-disk01, RG=hazr-t-bdp-rg, SizeGB=128, Sku=StandardSSD_LRS, Zone=3, HostCaching=None, DoubleEncryption=True, EncryptionType=EncryptionAtRestWithPlatformAndCustomerKeys, DES=<DryRun: /resourceGroups/hazr-t-dch-rg/providers/Microsoft.Compute/diskEncryptionSets/hazr-t-dch-des>
2026-05-22 10:56:09.845	[INFO] [DryRun] Create plan: VM=hazr-t-bdp-crkml01, Disk=t-bdp-crkml01-disk02, RG=hazr-t-bdp-rg, SizeGB=128, Sku=StandardSSD_LRS, Zone=3, HostCaching=None, DoubleEncryption=True, EncryptionType=EncryptionAtRestWithPlatformAndCustomerKeys, DES=<DryRun: /resourceGroups/hazr-t-dch-rg/providers/Microsoft.Compute/diskEncryptionSets/hazr-t-dch-des>
2026-05-22 10:56:09.865	[INFO] [DryRun] 리소스 그룹 생성 예정: hazr-l-mon-rg (koreacentral)
2026-05-22 10:56:09.879	[INFO] [DryRun] Create plan: VM=hazr-l-mon-whtap01, Disk=l-mon-whtap01-disk01, RG=hazr-l-mon-rg, SizeGB=1024, Sku=StandardSSD_LRS, Zone=1, HostCaching=None, DoubleEncryption=True, EncryptionType=EncryptionAtRestWithPlatformAndCustomerKeys, DES=<DryRun: /resourceGroups/hazr-l-comm-rg/providers/Microsoft.Compute/diskEncryptionSets/hazr-l-comm-double-des>
2026-05-22 10:56:09.894	[INFO] [DryRun] Create plan: VM=hazr-l-mon-whtap01, Disk=l-mon-whtap01-disk02, RG=hazr-l-mon-rg, SizeGB=128, Sku=StandardSSD_LRS, Zone=1, HostCaching=None, DoubleEncryption=True, EncryptionType=EncryptionAtRestWithPlatformAndCustomerKeys, DES=<DryRun: /resourceGroups/hazr-l-comm-rg/providers/Microsoft.Compute/diskEncryptionSets/hazr-l-comm-double-des>
2026-05-22 10:56:09.963	[INFO] [DryRun] 리소스 그룹 생성 예정: hazr-l-mon-rg (koreacentral)
2026-05-22 10:56:09.977	[INFO] [DryRun] Create plan: VM=hazr-l-mon-whtap02, Disk=l-mon-whtap02-disk01, RG=hazr-l-mon-rg, SizeGB=1024, Sku=StandardSSD_LRS, Zone=2, HostCaching=None, DoubleEncryption=True, EncryptionType=EncryptionAtRestWithPlatformAndCustomerKeys, DES=<DryRun: /resourceGroups/hazr-l-comm-rg/providers/Microsoft.Compute/diskEncryptionSets/hazr-l-comm-double-des>
2026-05-22 10:56:09.992	[INFO] [DryRun] Create plan: VM=hazr-l-mon-whtap02, Disk=l-mon-whtap02-disk02, RG=hazr-l-mon-rg, SizeGB=128, Sku=StandardSSD_LRS, Zone=2, HostCaching=None, DoubleEncryption=True, EncryptionType=EncryptionAtRestWithPlatformAndCustomerKeys, DES=<DryRun: /resourceGroups/hazr-l-comm-rg/providers/Microsoft.Compute/diskEncryptionSets/hazr-l-comm-double-des>
2026-05-22 10:56:10.013	[INFO] [DryRun] 리소스 그룹 생성 예정: hazr-l-mon-rg (koreacentral)
2026-05-22 10:56:10.033	[INFO] [DryRun] Create plan: VM=hazr-l-mon-whtap03, Disk=l-mon-whtap03-disk01, RG=hazr-l-mon-rg, SizeGB=128, Sku=StandardSSD_LRS, Zone=3, HostCaching=None, DoubleEncryption=True, EncryptionType=EncryptionAtRestWithPlatformAndCustomerKeys, DES=<DryRun: /resourceGroups/hazr-l-comm-rg/providers/Microsoft.Compute/diskEncryptionSets/hazr-l-comm-double-des>
2026-05-22 10:56:10.047	[INFO] DataDisk Summary: Created=141, Attached=0, Skipped=1, Failed=0
2026-05-22 10:56:10.062	[INFO] [END] Deploy-DataDisks
2026-05-22 10:56:10.083	[INFO] [START] Deploy-Nsgs
2026-05-22 10:56:10.235	[INFO] Excel 시트 로드: NSG
2026-05-22 10:56:10.511	[INFO] Excel 시트 로드: NSG_Rule
2026-05-22 10:56:10.782	[INFO] Excel 시트 로드: VNET
2026-05-22 10:56:11.005	[INFO] [DryRun] NSG 배포 예정: l-mon-whtap01-nsg (RG=hazr-l-mon-rg)
2026-05-22 10:56:11.021	[INFO] [DryRun] NIC-NSG 연결 예정: l-mon-whtap01-nic (RG=hazr-l-mon-rg) -> l-mon-whtap01-nsg
2026-05-22 10:56:11.035	[INFO] [DryRun] NSG 배포 예정: l-mon-whtap02-nsg (RG=hazr-l-mon-rg)
2026-05-22 10:56:11.048	[INFO] [DryRun] NIC-NSG 연결 예정: l-mon-whtap02-nic (RG=hazr-l-mon-rg) -> l-mon-whtap02-nsg
2026-05-22 10:56:11.061	[INFO] [DryRun] NSG 배포 예정: l-mon-whtap03-nsg (RG=hazr-l-mon-rg)
2026-05-22 10:56:11.076	[INFO] [DryRun] NIC-NSG 연결 예정: l-mon-whtap03-nic (RG=hazr-l-mon-rg) -> l-mon-whtap03-nsg
2026-05-22 10:56:11.091	[INFO] [DryRun] NSG 배포 예정: t-bdp-airfw01-nsg (RG=hazr-t-dch-rg)
2026-05-22 10:56:11.106	[INFO] [DryRun] NIC-NSG 연결 예정: t-bdp-airfw01-nic (RG=hazr-t-bdp-rg) -> t-bdp-airfw01-nsg
2026-05-22 10:56:11.121	[INFO] [DryRun] NSG 배포 예정: t-bdp-crkap01-nsg (RG=hazr-t-dch-rg)
2026-05-22 10:56:11.137	[INFO] [DryRun] NIC-NSG 연결 예정: t-bdp-crkap01-nic (RG=hazr-t-bdp-rg) -> t-bdp-crkap01-nsg
2026-05-22 10:56:11.151	[INFO] [DryRun] NSG 배포 예정: t-bdp-crkml01-nsg (RG=hazr-t-dch-rg)
2026-05-22 10:56:11.165	[INFO] [DryRun] NIC-NSG 연결 예정: t-bdp-crkml01-nic (RG=hazr-t-bdp-rg) -> t-bdp-crkml01-nsg
2026-05-22 10:56:11.179	[INFO] [DryRun] NSG 배포 예정: t-bdp-crkweb01-nsg (RG=hazr-t-dch-rg)
2026-05-22 10:56:11.197	[INFO] [DryRun] NIC-NSG 연결 예정: t-bdp-crkweb01-nic (RG=hazr-t-bdp-rg) -> t-bdp-crkweb01-nsg
2026-05-22 10:56:11.211	[INFO] [DryRun] NSG 배포 예정: t-bdp-cxmadm01-nsg (RG=hazr-t-dch-rg)
2026-05-22 10:56:11.226	[INFO] [DryRun] NIC-NSG 연결 예정: t-bdp-cxmadm01-nic (RG=hazr-t-bdp-rg) -> t-bdp-cxmadm01-nsg
2026-05-22 10:56:11.241	[INFO] [DryRun] NSG 배포 예정: t-bdp-db-nsg (RG=hazr-t-dch-rg)
2026-05-22 10:56:11.256	[INFO] [DryRun] Subnet-NSG 연결 예정: hazr-t-dch-int-vnet/t-bdp-db-sbn -> t-bdp-db-nsg
2026-05-22 10:56:11.272	[INFO] [DryRun] NSG 배포 예정: t-bdp-kepler01-nsg (RG=hazr-t-dch-rg)
2026-05-22 10:56:11.288	[INFO] [DryRun] NIC-NSG 연결 예정: t-bdp-kepler01-nic (RG=hazr-t-bdp-rg) -> t-bdp-kepler01-nsg
2026-05-22 10:56:11.304	[INFO] [DryRun] NSG 배포 예정: t-bdp-pe-nsg (RG=hazr-t-dch-rg)
2026-05-22 10:56:11.319	[INFO] [DryRun] Subnet-NSG 연결 예정: hazr-t-dch-int-vnet/t-bdp-pe-sbn -> t-bdp-pe-nsg
2026-05-22 10:56:11.337	[INFO] [DryRun] NSG 배포 예정: t-bdp-slap01-nsg (RG=hazr-t-dch-rg)
2026-05-22 10:56:11.355	[INFO] [DryRun] NIC-NSG 연결 예정: t-bdp-slap01-nic (RG=hazr-t-bdp-rg) -> t-bdp-slap01-nsg
2026-05-22 10:56:11.369	[INFO] [DryRun] NSG 배포 예정: t-com-auth01-nsg (RG=hazr-t-dch-rg)
2026-05-22 10:56:11.386	[INFO] [DryRun] NIC-NSG 연결 예정: t-com-auth01-nic (RG=hazr-t-com-rg) -> t-com-auth01-nsg
2026-05-22 10:56:11.404	[INFO] [DryRun] NSG 배포 예정: t-com-db-nsg (RG=hazr-t-dch-rg)
2026-05-22 10:56:11.420	[INFO] [DryRun] Subnet-NSG 연결 예정: hazr-t-dch-int-vnet/t-com-db-sbn -> t-com-db-nsg
2026-05-22 10:56:11.436	[INFO] [DryRun] NSG 배포 예정: t-com-pe-nsg (RG=hazr-t-dch-rg)
2026-05-22 10:56:11.452	[INFO] [DryRun] Subnet-NSG 연결 예정: hazr-t-dch-int-vnet/t-com-pe-sbn -> t-com-pe-nsg
2026-05-22 10:56:11.468	[INFO] [DryRun] NSG 배포 예정: t-com-proxy01-nsg (RG=hazr-t-dch-rg)
2026-05-22 10:56:11.481	[INFO] [DryRun] NIC-NSG 연결 예정: t-com-proxy01-nic (RG=hazr-t-com-rg) -> t-com-proxy01-nsg
2026-05-22 10:56:11.497	[INFO] [DryRun] NSG 배포 예정: t-cs-chtap01-nsg (RG=hazr-t-dch-rg)
2026-05-22 10:56:11.511	[INFO] [DryRun] NIC-NSG 연결 예정: t-cs-chtap01-nic (RG=hazr-t-cs-rg) -> t-cs-chtap01-nsg
2026-05-22 10:56:11.530	[INFO] [DryRun] NSG 배포 예정: t-cs-chtintweb01-nsg (RG=hazr-t-dch-rg)
2026-05-22 10:56:11.548	[INFO] [DryRun] NIC-NSG 연결 예정: t-cs-chtintweb01-nic (RG=hazr-t-cs-rg) -> t-cs-chtintweb01-nsg
2026-05-22 10:56:11.563	[INFO] [DryRun] NSG 배포 예정: t-cs-chtweb01-nsg (RG=hazr-t-dch-rg)
2026-05-22 10:56:11.580	[INFO] [DryRun] NIC-NSG 연결 예정: t-cs-chtweb01-nic (RG=hazr-t-cs-rg) -> t-cs-chtweb01-nsg
2026-05-22 10:56:11.596	[INFO] [DryRun] NSG 배포 예정: t-cs-db-nsg (RG=hazr-t-dch-rg)
2026-05-22 10:56:11.611	[INFO] [DryRun] Subnet-NSG 연결 예정: hazr-t-dch-int-vnet/t-cs-db-sbn -> t-cs-db-nsg
2026-05-22 10:56:11.627	[INFO] [DryRun] NSG 배포 예정: t-cs-pe-nsg (RG=hazr-t-dch-rg)
2026-05-22 10:56:11.642	[INFO] [DryRun] Subnet-NSG 연결 예정: hazr-t-dch-int-vnet/t-cs-pe-sbn -> t-cs-pe-nsg
2026-05-22 10:56:11.657	[INFO] [DryRun] NSG 배포 예정: t-dip-adm01-nsg (RG=hazr-t-dch-rg)
2026-05-22 10:56:11.673	[INFO] [DryRun] NIC-NSG 연결 예정: t-dip-adm01-nic (RG=hazr-t-dip-rg) -> t-dip-adm01-nsg
2026-05-22 10:56:11.692	[INFO] [DryRun] NSG 배포 예정: t-dip-ap01-nsg (RG=hazr-t-dch-rg)
2026-05-22 10:56:11.710	[INFO] [DryRun] NIC-NSG 연결 예정: t-dip-ap01-nic (RG=hazr-t-dip-rg) -> t-dip-ap01-nsg
2026-05-22 10:56:11.732	[INFO] [DryRun] NSG 배포 예정: t-dip-db-nsg (RG=hazr-t-dch-rg)
2026-05-22 10:56:11.749	[INFO] [DryRun] Subnet-NSG 연결 예정: hazr-t-dch-int-vnet/t-dip-db-sbn -> t-dip-db-nsg
2026-05-22 10:56:11.764	[INFO] [DryRun] NSG 배포 예정: t-dip-flk01-nsg (RG=hazr-t-dch-rg)
2026-05-22 10:56:11.778	[INFO] [DryRun] NIC-NSG 연결 예정: t-dip-flk01-nic (RG=hazr-t-dip-rg) -> t-dip-flk01-nsg
2026-05-22 10:56:11.795	[INFO] [DryRun] NSG 배포 예정: t-dip-flk02-nsg (RG=hazr-t-dch-rg)
2026-05-22 10:56:11.810	[INFO] [DryRun] NIC-NSG 연결 예정: t-dip-flk02-nic (RG=hazr-t-dip-rg) -> t-dip-flk02-nsg
2026-05-22 10:56:11.827	[INFO] [DryRun] NSG 배포 예정: t-dip-flk03-nsg (RG=hazr-t-dch-rg)
2026-05-22 10:56:11.842	[INFO] [DryRun] NIC-NSG 연결 예정: t-dip-flk03-nic (RG=hazr-t-dip-rg) -> t-dip-flk03-nsg
2026-05-22 10:56:11.857	[INFO] [DryRun] NSG 배포 예정: t-dip-geoap01-nsg (RG=hazr-t-dch-rg)
2026-05-22 10:56:11.871	[INFO] [DryRun] NIC-NSG 연결 예정: t-dip-geoap01-nic (RG=hazr-t-dip-rg) -> t-dip-geoap01-nsg
2026-05-22 10:56:11.886	[INFO] [DryRun] NSG 배포 예정: t-dip-kfk01-nsg (RG=hazr-t-dch-rg)
2026-05-22 10:56:11.900	[INFO] [DryRun] NIC-NSG 연결 예정: t-dip-kfk01-nic (RG=hazr-t-dip-rg) -> t-dip-kfk01-nsg
2026-05-22 10:56:11.915	[INFO] [DryRun] NSG 배포 예정: t-dip-kfk02-nsg (RG=hazr-t-dch-rg)
2026-05-22 10:56:11.929	[INFO] [DryRun] NIC-NSG 연결 예정: t-dip-kfk02-nic (RG=hazr-t-dip-rg) -> t-dip-kfk02-nsg
2026-05-22 10:56:11.947	[INFO] [DryRun] NSG 배포 예정: t-dip-kfk03-nsg (RG=hazr-t-dch-rg)
2026-05-22 10:56:11.961	[INFO] [DryRun] NIC-NSG 연결 예정: t-dip-kfk03-nic (RG=hazr-t-dip-rg) -> t-dip-kfk03-nsg
2026-05-22 10:56:11.975	[INFO] [DryRun] NSG 배포 예정: t-dip-mqap01-nsg (RG=hazr-t-dch-rg)
2026-05-22 10:56:11.990	[INFO] [DryRun] NIC-NSG 연결 예정: t-dip-mqap01-nic (RG=hazr-t-dip-rg) -> t-dip-mqap01-nsg
2026-05-22 10:56:12.004	[INFO] [DryRun] NSG 배포 예정: t-dip-mqweb01-nsg (RG=hazr-t-dch-rg)
2026-05-22 10:56:12.019	[INFO] [DryRun] NIC-NSG 연결 예정: t-dip-mqweb01-nic (RG=hazr-t-dip-rg) -> t-dip-mqweb01-nsg
2026-05-22 10:56:12.035	[INFO] [DryRun] NSG 배포 예정: t-dip-oms01-nsg (RG=hazr-t-dch-rg)
2026-05-22 10:56:12.049	[INFO] [DryRun] NIC-NSG 연결 예정: t-dip-oms01-nic (RG=hazr-t-dip-rg) -> t-dip-oms01-nsg
2026-05-22 10:56:12.064	[INFO] [DryRun] NSG 배포 예정: t-dip-pe-nsg (RG=hazr-t-dch-rg)
2026-05-22 10:56:12.078	[INFO] [DryRun] Subnet-NSG 연결 예정: hazr-t-dch-int-vnet/t-dip-pe-sbn -> t-dip-pe-nsg
2026-05-22 10:56:12.097	[INFO] [DryRun] NSG 배포 예정: t-dip-web01-nsg (RG=hazr-t-dch-rg)
2026-05-22 10:56:12.112	[INFO] [DryRun] NIC-NSG 연결 예정: t-dip-web01-nic (RG=hazr-t-dip-rg) -> t-dip-web01-nsg
2026-05-22 10:56:12.128	[INFO] [DryRun] NSG 배포 예정: t-dis-adm01-nsg (RG=hazr-t-dch-rg)
2026-05-22 10:56:12.143	[INFO] [DryRun] NIC-NSG 연결 예정: t-dis-adm01-nic (RG=hazr-t-dis-rg) -> t-dis-adm01-nsg
2026-05-22 10:56:12.159	[INFO] [DryRun] NSG 배포 예정: t-dis-ap01-nsg (RG=hazr-t-dch-rg)
2026-05-22 10:56:12.174	[INFO] [DryRun] NIC-NSG 연결 예정: t-dis-ap01-nic (RG=hazr-t-dis-rg) -> t-dis-ap01-nsg
2026-05-22 10:56:12.193	[INFO] [DryRun] NSG 배포 예정: t-dis-bat01-nsg (RG=hazr-t-dch-rg)
2026-05-22 10:56:12.212	[INFO] [DryRun] NIC-NSG 연결 예정: t-dis-bat01-nic (RG=hazr-t-dis-rg) -> t-dis-bat01-nsg
2026-05-22 10:56:12.235	[INFO] [DryRun] NSG 배포 예정: t-dis-bbicltap01-nsg (RG=hazr-t-dch-rg)
2026-05-22 10:56:12.258	[INFO] [DryRun] NIC-NSG 연결 예정: t-dis-bbicltap01-nic (RG=hazr-t-dis-rg) -> t-dis-bbicltap01-nsg
2026-05-22 10:56:12.279	[INFO] [DryRun] NSG 배포 예정: t-dis-bbimsgap01-nsg (RG=hazr-t-dch-rg)
2026-05-22 10:56:12.302	[INFO] [DryRun] NIC-NSG 연결 예정: t-dis-bbimsgap01-nic (RG=hazr-t-dis-rg) -> t-dis-bbimsgap01-nsg
2026-05-22 10:56:12.322	[INFO] [DryRun] NSG 배포 예정: t-dis-bbiweb01-nsg (RG=hazr-t-dch-rg)
2026-05-22 10:56:12.341	[INFO] [DryRun] NIC-NSG 연결 예정: t-dis-bbiweb01-nic (RG=hazr-t-dis-rg) -> t-dis-bbiweb01-nsg
2026-05-22 10:56:12.364	[INFO] [DryRun] NSG 배포 예정: t-dis-cmbsap01-nsg (RG=hazr-t-dch-rg)
2026-05-22 10:56:12.384	[INFO] [DryRun] NIC-NSG 연결 예정: t-dis-cmbsap01-nic (RG=hazr-t-dis-rg) -> t-dis-cmbsap01-nsg
2026-05-22 10:56:12.402	[INFO] [DryRun] NSG 배포 예정: t-dis-cmsadm01-nsg (RG=hazr-t-dch-rg)
2026-05-22 10:56:12.419	[INFO] [DryRun] NIC-NSG 연결 예정: t-dis-cmsadm01-nic (RG=hazr-t-dis-rg) -> t-dis-cmsadm01-nsg
2026-05-22 10:56:12.440	[INFO] [DryRun] NSG 배포 예정: t-dis-cmsap01-nsg (RG=hazr-t-dch-rg)
2026-05-22 10:56:12.460	[INFO] [DryRun] NIC-NSG 연결 예정: t-dis-cmsap01-nic (RG=hazr-t-dis-rg) -> t-dis-cmsap01-nsg
2026-05-22 10:56:12.479	[INFO] [DryRun] NSG 배포 예정: t-dis-cmsweb01-nsg (RG=hazr-t-dch-rg)
2026-05-22 10:56:12.498	[INFO] [DryRun] NIC-NSG 연결 예정: t-dis-cmsweb01-nic (RG=hazr-t-dis-rg) -> t-dis-cmsweb01-nsg
2026-05-22 10:56:12.517	[INFO] [DryRun] NSG 배포 예정: t-dis-db-nsg (RG=hazr-t-dch-rg)
2026-05-22 10:56:12.536	[INFO] [DryRun] Subnet-NSG 연결 예정: hazr-t-dch-int-vnet/t-dis-db-sbn -> t-dis-db-nsg
2026-05-22 10:56:12.557	[INFO] [DryRun] NSG 배포 예정: t-dis-dfir01-nsg (RG=hazr-t-dch-rg)
2026-05-22 10:56:12.576	[INFO] [DryRun] NIC-NSG 연결 예정: t-dis-dfir01-nic (RG=hazr-t-dis-rg) -> t-dis-dfir01-nsg
2026-05-22 10:56:12.598	[INFO] [DryRun] NSG 배포 예정: t-dis-drvcltap01-nsg (RG=hazr-t-dch-rg)
2026-05-22 10:56:12.616	[INFO] [DryRun] NIC-NSG 연결 예정: t-dis-drvcltap01-nic (RG=hazr-t-dis-rg) -> t-dis-drvcltap01-nsg
2026-05-22 10:56:12.635	[INFO] [DryRun] NSG 배포 예정: t-dis-drvmsgap01-nsg (RG=hazr-t-dch-rg)
2026-05-22 10:56:12.656	[INFO] [DryRun] NIC-NSG 연결 예정: t-dis-drvmsgap01-nic (RG=hazr-t-dis-rg) -> t-dis-drvmsgap01-nsg
2026-05-22 10:56:12.679	[INFO] [DryRun] NSG 배포 예정: t-dis-pe-nsg (RG=hazr-t-dch-rg)
2026-05-22 10:56:12.704	[INFO] [DryRun] Subnet-NSG 연결 예정: hazr-t-dch-int-vnet/t-dis-pe-sbn -> t-dis-pe-nsg
2026-05-22 10:56:12.723	[INFO] [DryRun] NSG 배포 예정: t-dis-walkap01-nsg (RG=hazr-t-dch-rg)
2026-05-22 10:56:12.741	[INFO] [DryRun] NIC-NSG 연결 예정: t-dis-walkap01-nic (RG=hazr-t-dis-rg) -> t-dis-walkap01-nsg
2026-05-22 10:56:12.766	[INFO] [DryRun] NSG 배포 예정: t-dis-walkweb01-nsg (RG=hazr-t-dch-rg)
2026-05-22 10:56:12.785	[INFO] [DryRun] NIC-NSG 연결 예정: t-dis-walkweb01-nic (RG=hazr-t-dis-rg) -> t-dis-walkweb01-nsg
2026-05-22 10:56:12.803	[INFO] [DryRun] NSG 배포 예정: t-dis-web01-nsg (RG=hazr-t-dch-rg)
2026-05-22 10:56:12.822	[INFO] [DryRun] NIC-NSG 연결 예정: t-dis-web01-nic (RG=hazr-t-dis-rg) -> t-dis-web01-nsg
2026-05-22 10:56:12.837	[INFO] [DryRun] NSG 배포 예정: t-doip-adm01-nsg (RG=hazr-t-dch-rg)
2026-05-22 10:56:12.852	[INFO] [DryRun] NIC-NSG 연결 예정: t-doip-adm01-nic (RG=hazr-t-doip-rg) -> t-doip-adm01-nsg
2026-05-22 10:56:12.866	[INFO] [DryRun] NSG 배포 예정: t-doip-ap01-nsg (RG=hazr-t-dch-rg)
2026-05-22 10:56:12.881	[INFO] [DryRun] NIC-NSG 연결 예정: t-doip-ap01-nic (RG=hazr-t-doip-rg) -> t-doip-ap01-nsg
2026-05-22 10:56:12.897	[INFO] [DryRun] NSG 배포 예정: t-doip-db-nsg (RG=hazr-t-dch-rg)
2026-05-22 10:56:12.913	[INFO] [DryRun] Subnet-NSG 연결 예정: hazr-t-dch-int-vnet/t-doip-db-sbn -> t-doip-db-nsg
2026-05-22 10:56:12.929	[INFO] [DryRun] NSG 배포 예정: t-doip-pe-nsg (RG=hazr-t-dch-rg)
2026-05-22 10:56:12.944	[INFO] [DryRun] Subnet-NSG 연결 예정: hazr-t-dch-int-vnet/t-doip-pe-sbn -> t-doip-pe-nsg
2026-05-22 10:56:12.963	[INFO] [DryRun] NSG 배포 예정: t-doip-web01-nsg (RG=hazr-t-dch-rg)
2026-05-22 10:56:12.978	[INFO] [DryRun] NIC-NSG 연결 예정: t-doip-web01-nic (RG=hazr-t-doip-rg) -> t-doip-web01-nsg
2026-05-22 10:56:12.992	[INFO] [DryRun] NSG 배포 예정: t-dtg-admap01-nsg (RG=hazr-t-dch-rg)
2026-05-22 10:56:13.005	[INFO] [DryRun] NIC-NSG 연결 예정: t-dtg-admap01-nic (RG=hazr-t-dtg-rg) -> t-dtg-admap01-nsg
2026-05-22 10:56:13.021	[INFO] [DryRun] NSG 배포 예정: t-dtg-admweb01-nsg (RG=hazr-t-dch-rg)
2026-05-22 10:56:13.036	[INFO] [DryRun] NIC-NSG 연결 예정: t-dtg-admweb01-nic (RG=hazr-t-dtg-rg) -> t-dtg-admweb01-nsg
2026-05-22 10:56:13.050	[INFO] [DryRun] NSG 배포 예정: t-dtg-ap01-nsg (RG=hazr-t-dch-rg)
2026-05-22 10:56:13.064	[INFO] [DryRun] NIC-NSG 연결 예정: t-dtg-ap01-nic (RG=hazr-t-dtg-rg) -> t-dtg-ap01-nsg
2026-05-22 10:56:13.078	[INFO] [DryRun] NSG 배포 예정: t-dtg-cdmlap01-nsg (RG=hazr-t-dch-rg)
2026-05-22 10:56:13.096	[INFO] [DryRun] NIC-NSG 연결 예정: t-dtg-cdmlap01-nic (RG=hazr-t-dtg-rg) -> t-dtg-cdmlap01-nsg
2026-05-22 10:56:13.111	[INFO] [DryRun] NSG 배포 예정: t-dtg-cdstap01-nsg (RG=hazr-t-dch-rg)
2026-05-22 10:56:13.126	[INFO] [DryRun] NIC-NSG 연결 예정: t-dtg-cdstap01-nic (RG=hazr-t-dtg-rg) -> t-dtg-cdstap01-nsg
2026-05-22 10:56:13.142	[INFO] [DryRun] NSG 배포 예정: t-dtg-cdsvadm01-nsg (RG=hazr-t-dch-rg)
2026-05-22 10:56:13.161	[INFO] [DryRun] NIC-NSG 연결 예정: t-dtg-cdsvadm01-nic (RG=hazr-t-dtg-rg) -> t-dtg-cdsvadm01-nsg
2026-05-22 10:56:13.178	[INFO] [DryRun] NSG 배포 예정: t-dtg-db-nsg (RG=hazr-t-dch-rg)
2026-05-22 10:56:13.194	[INFO] [DryRun] Subnet-NSG 연결 예정: hazr-t-dch-int-vnet/t-dtg-db-sbn -> t-dtg-db-nsg
2026-05-22 10:56:13.210	[INFO] [DryRun] NSG 배포 예정: t-dtg-diosap01-nsg (RG=hazr-t-dch-rg)
2026-05-22 10:56:13.228	[INFO] [DryRun] NIC-NSG 연결 예정: t-dtg-diosap01-nic (RG=hazr-t-dtg-rg) -> t-dtg-diosap01-nsg
2026-05-22 10:56:13.245	[INFO] [DryRun] NSG 배포 예정: t-dtg-diosweb01-nsg (RG=hazr-t-dch-rg)
2026-05-22 10:56:13.261	[INFO] [DryRun] NIC-NSG 연결 예정: t-dtg-diosweb01-nic (RG=hazr-t-dtg-rg) -> t-dtg-diosweb01-nsg
2026-05-22 10:56:13.276	[INFO] [DryRun] NSG 배포 예정: t-dtg-dprap01-nsg (RG=hazr-t-dch-rg)
2026-05-22 10:56:13.294	[INFO] [DryRun] NIC-NSG 연결 예정: t-dtg-dprap01-nic (RG=hazr-t-dtg-rg) -> t-dtg-dprap01-nsg
2026-05-22 10:56:13.311	[INFO] [DryRun] NSG 배포 예정: t-dtg-dprweb01-nsg (RG=hazr-t-dch-rg)
2026-05-22 10:56:13.332	[INFO] [DryRun] NIC-NSG 연결 예정: t-dtg-dprweb01-nic (RG=hazr-t-dtg-rg) -> t-dtg-dprweb01-nsg
2026-05-22 10:56:13.350	[INFO] [DryRun] NSG 배포 예정: t-dtg-dtoms01-nsg (RG=hazr-t-dch-rg)
2026-05-22 10:56:13.371	[INFO] [DryRun] NIC-NSG 연결 예정: t-dtg-dtoms01-nic (RG=hazr-t-dtg-rg) -> t-dtg-dtoms01-nsg
2026-05-22 10:56:13.390	[INFO] [DryRun] NSG 배포 예정: t-dtg-extgeoap01-nsg (RG=hazr-t-dch-rg)
2026-05-22 10:56:13.406	[INFO] [DryRun] NIC-NSG 연결 예정: t-dtg-extgeoap01-nic (RG=hazr-t-dtg-rg) -> t-dtg-extgeoap01-nsg
2026-05-22 10:56:13.422	[INFO] [DryRun] NSG 배포 예정: t-dtg-geoap01-nsg (RG=hazr-t-dch-rg)
2026-05-22 10:56:13.436	[INFO] [DryRun] NIC-NSG 연결 예정: t-dtg-geoap01-nic (RG=hazr-t-dtg-rg) -> t-dtg-geoap01-nsg
2026-05-22 10:56:13.453	[INFO] [DryRun] NSG 배포 예정: t-dtg-ingap01-nsg (RG=hazr-t-dch-rg)
2026-05-22 10:56:13.467	[INFO] [DryRun] NIC-NSG 연결 예정: t-dtg-ingap01-nic (RG=hazr-t-dtg-rg) -> t-dtg-ingap01-nsg
2026-05-22 10:56:13.482	[INFO] [DryRun] NSG 배포 예정: t-dtg-kfk01-nsg (RG=hazr-t-dch-rg)
2026-05-22 10:56:13.496	[INFO] [DryRun] NIC-NSG 연결 예정: t-dtg-kfk01-nic (RG=hazr-t-dtg-rg) -> t-dtg-kfk01-nsg
2026-05-22 10:56:13.511	[INFO] [DryRun] NSG 배포 예정: t-dtg-kfk02-nsg (RG=hazr-t-dch-rg)
2026-05-22 10:56:13.526	[INFO] [DryRun] NIC-NSG 연결 예정: t-dtg-kfk02-nic (RG=hazr-t-dtg-rg) -> t-dtg-kfk02-nsg
2026-05-22 10:56:13.542	[INFO] [DryRun] NSG 배포 예정: t-dtg-kfk03-nsg (RG=hazr-t-dch-rg)
2026-05-22 10:56:13.556	[INFO] [DryRun] NIC-NSG 연결 예정: t-dtg-kfk03-nic (RG=hazr-t-dtg-rg) -> t-dtg-kfk03-nsg
2026-05-22 10:56:13.572	[INFO] [DryRun] NSG 배포 예정: t-dtg-mdoms01-nsg (RG=hazr-t-dch-rg)
2026-05-22 10:56:13.586	[INFO] [DryRun] NIC-NSG 연결 예정: t-dtg-mdoms01-nic (RG=hazr-t-dtg-rg) -> t-dtg-mdoms01-nsg
2026-05-22 10:56:13.602	[INFO] [DryRun] NSG 배포 예정: t-dtg-mq01-nsg (RG=hazr-t-dch-rg)
2026-05-22 10:56:13.617	[INFO] [DryRun] NIC-NSG 연결 예정: t-dtg-mq01-nic (RG=hazr-t-dtg-rg) -> t-dtg-mq01-nsg
2026-05-22 10:56:13.632	[INFO] [DryRun] NSG 배포 예정: t-dtg-pe-nsg (RG=hazr-t-dch-rg)
2026-05-22 10:56:13.646	[INFO] [DryRun] Subnet-NSG 연결 예정: hazr-t-dch-int-vnet/t-dtg-pe-sbn -> t-dtg-pe-nsg
2026-05-22 10:56:13.661	[INFO] [DryRun] NSG 배포 예정: t-dtg-tsdb01-nsg (RG=hazr-t-dch-rg)
2026-05-22 10:56:13.676	[INFO] [DryRun] NIC-NSG 연결 예정: t-dtg-tsdb01-nic (RG=hazr-t-dtg-rg) -> t-dtg-tsdb01-nsg
2026-05-22 10:56:13.693	[INFO] [DryRun] NSG 배포 예정: t-dtg-web01-nsg (RG=hazr-t-dch-rg)
2026-05-22 10:56:13.708	[INFO] [DryRun] NIC-NSG 연결 예정: t-dtg-web01-nic (RG=hazr-t-dtg-rg) -> t-dtg-web01-nsg
2026-05-22 10:56:13.722	[INFO] [DryRun] NSG 배포 예정: t-dtg-zkp01-nsg (RG=hazr-t-dch-rg)
2026-05-22 10:56:13.736	[INFO] [DryRun] NIC-NSG 연결 예정: t-dtg-zkp01-nic (RG=hazr-t-dtg-rg) -> t-dtg-zkp01-nsg
2026-05-22 10:56:13.752	[INFO] [DryRun] NSG 배포 예정: t-dtg-zkp02-nsg (RG=hazr-t-dch-rg)
2026-05-22 10:56:13.767	[INFO] [DryRun] NIC-NSG 연결 예정: t-dtg-zkp02-nic (RG=hazr-t-dtg-rg) -> t-dtg-zkp02-nsg
2026-05-22 10:56:13.781	[INFO] [DryRun] NSG 배포 예정: t-dtg-zkp03-nsg (RG=hazr-t-dch-rg)
2026-05-22 10:56:13.797	[INFO] [DryRun] NIC-NSG 연결 예정: t-dtg-zkp03-nic (RG=hazr-t-dtg-rg) -> t-dtg-zkp03-nsg
2026-05-22 10:56:13.811	[INFO] [DryRun] NSG 배포 예정: t-if-db-nsg (RG=hazr-t-dch-rg)
2026-05-22 10:56:13.828	[INFO] [DryRun] Subnet-NSG 연결 예정: hazr-t-dch-int-vnet/t-if-db-sbn -> t-if-db-nsg
2026-05-22 10:56:13.843	[INFO] [DryRun] NSG 배포 예정: t-if-gramon01-nsg (RG=hazr-t-dch-rg)
2026-05-22 10:56:13.858	[INFO] [DryRun] NIC-NSG 연결 예정: t-if-gramon01-nic (RG=hazr-t-if-rg) -> t-if-gramon01-nsg
2026-05-22 10:56:13.874	[INFO] [DryRun] NSG 배포 예정: t-if-pe-nsg (RG=hazr-t-dch-rg)
2026-05-22 10:56:13.890	[INFO] [DryRun] Subnet-NSG 연결 예정: hazr-t-dch-int-vnet/t-if-pe-sbn -> t-if-pe-nsg
2026-05-22 10:56:13.909	[INFO] [DryRun] NSG 배포 예정: t-puls-db-nsg (RG=hazr-t-dch-rg)
2026-05-22 10:56:13.924	[INFO] [DryRun] Subnet-NSG 연결 예정: hazr-t-dch-int-vnet/t-puls-db-sbn -> t-puls-db-nsg
2026-05-22 10:56:13.941	[INFO] [DryRun] NSG 배포 예정: t-puls-pe-nsg (RG=hazr-t-dch-rg)
2026-05-22 10:56:13.958	[INFO] [DryRun] Subnet-NSG 연결 예정: hazr-t-dch-int-vnet/t-puls-pe-sbn -> t-puls-pe-nsg
2026-05-22 10:56:13.973	[INFO] [END] Deploy-Nsgs
2026-05-22 10:56:13.988	[INFO] [END] Script
2026-05-22 10:58:07.291	[INFO] [START] Script
2026-05-22 10:58:07.315	[INFO] [START] Initialize-Modules
2026-05-22 10:58:07.299	[INFO] [START] Script
2026-05-22 10:58:07.334	[INFO] [START] Initialize-Modules
2026-05-22 10:58:27.115	[INFO] [END] Initialize-Modules
2026-05-22 10:58:27.161	[INFO] [END] Initialize-Modules
2026-05-22 10:58:27.184	[INFO] [START] Ensure-AzSession
2026-05-22 10:58:30.036	[INFO] [END] Ensure-AzSession
2026-05-22 10:58:30.108	[INFO] [START] Validate-Inputs
2026-05-22 10:58:30.260	[INFO] [END] Ensure-AzSession
2026-05-22 10:58:30.336	[INFO] [START] Validate-Inputs
2026-05-22 10:58:30.575	[INFO] Excel 시트 로드: LB
2026-05-22 10:58:30.746	[INFO] Excel 시트 로드: LB
2026-05-22 10:58:31.032	[INFO] Excel 시트 로드: LB_Probe
2026-05-22 10:58:31.218	[INFO] Excel 시트 로드: LB_Probe
2026-05-22 10:58:31.377	[INFO] Excel 시트 로드: LB_Rule
2026-05-22 10:58:31.570	[INFO] Excel 시트 로드: LB_Rule
2026-05-22 10:58:31.810	[INFO] [END] Validate-Inputs
2026-05-22 10:58:31.844	[INFO] [START] Deploy-LoadBalancers
2026-05-22 10:58:32.010	[INFO] [END] Validate-Inputs
2026-05-22 10:58:32.038	[INFO] Excel 시트 로드: LB
2026-05-22 10:58:32.045	[INFO] [START] Deploy-LoadBalancers
2026-05-22 10:58:32.250	[INFO] Excel 시트 로드: LB
2026-05-22 10:58:32.474	[INFO] Excel 시트 로드: LB_Probe
2026-05-22 10:58:32.597	[INFO] Excel 시트 로드: LB_Probe
2026-05-22 10:58:32.826	[INFO] Excel 시트 로드: LB_Rule
2026-05-22 10:58:33.025	[INFO] Excel 시트 로드: LB_Rule
2026-05-22 10:58:33.084	[INFO] [DryRun] 리소스 그룹 생성 예정: hazr-t-bdp-rg (koreacentral)
2026-05-22 10:58:33.137	[INFO] [DryRun] LB 배포 예정: hazr-t-bdp-crkap-lb (RG=hazr-t-bdp-rg, FE=t-bdp-crkap-lb-fe, Pool=t-bdp-crkap-lb-bp)
2026-05-22 10:58:33.172	[INFO] [DryRun] LB Probe 배포 예정: hazr-t-bdp-crkap-lb/t-bdp-crkap-lb-pb8085
2026-05-22 10:58:33.197	[INFO] [DryRun] LB Rule 배포 예정: hazr-t-bdp-crkap-lb/t-bdp-crkap-lb-rule8085
2026-05-22 10:58:33.214	[INFO] [DryRun] 리소스 그룹 생성 예정: hazr-t-bdp-rg (koreacentral)
2026-05-22 10:58:33.234	[INFO] [DryRun] LB 배포 예정: hazr-t-bdp-crkml-lb (RG=hazr-t-bdp-rg, FE=t-bdp-crkml-lb-fe, Pool=t-bdp-crkml-lb-bp)
2026-05-22 10:58:33.261	[INFO] [DryRun] LB Probe 배포 예정: hazr-t-bdp-crkml-lb/t-bdp-crkml-lb-pb8082
2026-05-22 10:58:33.291	[INFO] [DryRun] LB Rule 배포 예정: hazr-t-bdp-crkml-lb/t-bdp-crkml-lb-rule8082
2026-05-22 10:58:33.308	[INFO] [DryRun] 리소스 그룹 생성 예정: hazr-t-bdp-rg (koreacentral)
2026-05-22 10:58:33.328	[INFO] [DryRun] 리소스 그룹 생성 예정: hazr-t-bdp-rg (koreacentral)
-bdp-crkweb-lb-fe, Pool=t-bdp-crkweb-lb-bp)
2026-05-22 10:58:33.349	[INFO] [DryRun] LB Probe 배포 예정: hazr-t-bdp-crkweb-lb/t-bdp-crkweb-lb-pb443
kap-lb-fe, Pool=t-bdp-crkap-lb-bp)
2026-05-22 10:58:33.369	[INFO] [DryRun] LB Rule 배포 예정: hazr-t-bdp-crkweb-lb/t-bdp-crkweb-lb-rule443
2026-05-22 10:58:33.378	[INFO] [DryRun] LB Probe 배포 예정: hazr-t-bdp-crkap-lb/t-bdp-crkap-lb-pb8085
2026-05-22 10:58:33.393	[INFO] [DryRun] 리소스 그룹 생성 예정: hazr-t-bdp-rg (koreacentral)
8085
2026-05-22 10:58:33.413	[INFO] [DryRun] 리소스 그룹 생성 예정: hazr-t-bdp-rg (koreacentral)
-bdp-cxmadm-lb-fe, Pool=t-bdp-cxmadm-lb-bp)
2026-05-22 10:58:33.434	[INFO] [DryRun] LB 배포 예정: hazr-t-bdp-crkml-lb (RG=hazr-t-bdp-rg, FE=t-bdp-crkml-lb-fe, Pool=t-bdp-crkml-lb-bp)
2026-05-22 10:58:33.460	[INFO] [DryRun] LB Probe 배포 예정: hazr-t-bdp-crkml-lb/t-bdp-crkml-lb-pb8082

2026-05-22 10:58:33.479	[INFO] [DryRun] 리소스 그룹 생성 예정: hazr-t-bdp-rg (koreacentral)
2026-05-22 10:58:33.497	[INFO] [DryRun] LB 배포 예정: hazr-t-bdp-slap-lb (RG=hazr-t-bdp-rg, FE=t-bdp-slap-lb-fe, Pool=t-bdp-slap-lb-bp)
2026-05-22 10:58:33.520	[INFO] [DryRun] LB Probe 배포 예정: hazr-t-bdp-slap-lb/t-bdp-slap-lb-pb443
2026-05-22 10:58:33.541	[INFO] [DryRun] LB Rule 배포 예정: hazr-t-bdp-slap-lb/t-bdp-slap-lb-rule443
p-crkweb-lb-fe, Pool=t-bdp-crkweb-lb-bp)
2026-05-22 10:58:33.558	[INFO] [DryRun] LB Probe 배포 예정: hazr-t-bdp-crkweb-lb/t-bdp-crkweb-lb-pb443
2026-05-22 10:58:33.568	[INFO] [DryRun] LB 배포 예정: hazr-t-com-auth-lb (RG=hazr-t-com-rg, FE=t-com-auth-lb-fe, Pool=t-com-auth-lb-bp)
2026-05-22 10:58:33.587	[INFO] [DryRun] 리소스 그룹 생성 예정: hazr-t-bdp-rg (koreacentral)
8
2026-05-22 10:58:33.603	[INFO] [DryRun] LB Probe 배포 예정: hazr-t-com-auth-lb/t-com-auth-lb-pb9003
2026-05-22 10:58:33.603	[INFO] [DryRun] LB 배포 예정: hazr-t-bdp-cxmadm-lb (RG=hazr-t-bdp-rg, FE=t-bdp-cxmadm-lb-fe, Pool=t-bdp-cxmadm-lb-bp)
2026-05-22 10:58:33.620	[INFO] [DryRun] LB Probe 배포 예정: hazr-t-com-auth-lb/t-com-auth-lb-pb9005
3
2026-05-22 10:58:33.648	[INFO] [DryRun] LB Rule 배포 예정: hazr-t-bdp-cxmadm-lb/t-bdp-cxmadm-lb-rule443
2026-05-22 10:58:33.671	[INFO] [DryRun] 리소스 그룹 생성 예정: hazr-t-bdp-rg (koreacentral)
03
2026-05-22 10:58:33.691	[INFO] [DryRun] LB Rule 배포 예정: hazr-t-com-auth-lb/t-com-auth-lb-rule9005
2026-05-22 10:58:33.691	[INFO] [DryRun] LB 배포 예정: hazr-t-bdp-slap-lb (RG=hazr-t-bdp-rg, FE=t-bdp-slap-lb-fe, Pool=t-bdp-slap-lb-bp)
2026-05-22 10:58:33.722	[INFO] [DryRun] LB Probe 배포 예정: hazr-t-bdp-slap-lb/t-bdp-slap-lb-pb443
2026-05-22 10:58:33.746	[INFO] [DryRun] LB Rule 배포 예정: hazr-t-bdp-slap-lb/t-bdp-slap-lb-rule443
-proxy-lb-fe, Pool=t-com-proxy-lb-bp)
2026-05-22 10:58:33.765	[INFO] [DryRun] LB Probe 배포 예정: hazr-t-com-proxy-lb/t-com-proxy-lb-pb443
2026-05-22 10:58:33.783	[INFO] [DryRun] LB Probe 배포 예정: hazr-t-com-proxy-lb/t-com-proxy-lb-pb8080
th-lb-fe, Pool=t-com-auth-lb-bp)
2026-05-22 10:58:33.812	[INFO] [DryRun] LB Probe 배포 예정: hazr-t-com-auth-lb/t-com-auth-lb-pb8088

2026-05-22 10:58:33.826	[INFO] [DryRun] LB Rule 배포 예정: hazr-t-com-proxy-lb/t-com-proxy-lb-rule8080
2026-05-22 10:58:33.841	[INFO] [DryRun] LB Probe 배포 예정: hazr-t-com-auth-lb/t-com-auth-lb-pb9005
2026-05-22 10:58:33.862	[INFO] [DryRun] LB 배포 예정: hazr-t-cs-chtap-lb (RG=hazr-t-cs-rg, FE=t-cs-chtap-lb-fe, Pool=t-cs-chtap-lb-bp)
2026-05-22 10:58:33.891	[INFO] [DryRun][SKIP] LB Probe 필수값 누락(Port): hazr-t-cs-chtap-lb/t-cs-chtap-lb-pb
2026-05-22 10:58:33.901	[INFO] [DryRun] LB Rule 배포 예정: hazr-t-com-auth-lb/t-com-auth-lb-rule9005
2026-05-22 10:58:33.922	[INFO] [DryRun] 리소스 그룹 생성 예정: hazr-t-com-rg (koreacentral)
t-cs-chtintweb-lb-fe, Pool=t-cs-chtintweb-lb-bp)
2026-05-22 10:58:33.940	[INFO] [DryRun] LB 배포 예정: hazr-t-com-proxy-lb (RG=hazr-t-com-rg, FE=t-com-proxy-lb-fe, Pool=t-com-proxy-lb-bp)
2026-05-22 10:58:33.972	[INFO] [DryRun] LB Probe 배포 예정: hazr-t-com-proxy-lb/t-com-proxy-lb-pb443
2026-05-22 10:58:33.995	[INFO] [DryRun] LB Probe 배포 예정: hazr-t-com-proxy-lb/t-com-proxy-lb-pb8080
web-lb-fe, Pool=t-cs-chtweb-lb-bp)
2026-05-22 10:58:34.020	[INFO] [DryRun] LB Rule 배포 예정: hazr-t-com-proxy-lb/t-com-proxy-lb-rule443
web-lb-pb
2026-05-22 10:58:34.052	[INFO] [DryRun] 리소스 그룹 생성 예정: hazr-t-dip-rg (koreacentral)
8080
2026-05-22 10:58:34.066	[INFO] [DryRun] LB 배포 예정: hazr-t-dip-adm-lb (RG=hazr-t-dip-rg, FE=t-dip-adm-lb-fe, Pool=t-dip-adm-lb-bp)
2026-05-22 10:58:34.094	[INFO] [DryRun] LB Probe 배포 예정: hazr-t-dip-adm-lb/t-dip-adm-lb-pb443
-chtap-lb-fe, Pool=t-cs-chtap-lb-bp)
2026-05-22 10:58:34.104	[INFO] [DryRun] LB Probe 배포 예정: hazr-t-dip-adm-lb/t-dip-adm-lb-pb8085
chtap-lb-pb
2026-05-22 10:58:34.136	[INFO] [DryRun] 리소스 그룹 생성 예정: hazr-t-cs-rg (koreacentral)

2026-05-22 10:58:34.144	[INFO] [DryRun] LB 배포 예정: hazr-t-cs-chtintweb-lb (RG=hazr-t-cs-rg, FE=t-cs-chtintweb-lb-fe, Pool=t-cs-chtintweb-lb-bp)
2026-05-22 10:58:34.172	[INFO] [DryRun][SKIP] LB Probe 필수값 누락(Port): hazr-t-cs-chtintweb-lb/t-cs-chtintweb-lb-pb
2026-05-22 10:58:34.187	[INFO] [DryRun] LB Rule 배포 예정: hazr-t-dip-adm-lb/t-dip-adm-lb-rule443
2026-05-22 10:58:34.230	[INFO] [DryRun] LB Rule 배포 예정: hazr-t-dip-adm-lb/t-dip-adm-lb-rule8085
2026-05-22 10:58:34.190	[INFO] [DryRun] 리소스 그룹 생성 예정: hazr-t-cs-rg (koreacentral)
2026-05-22 10:58:34.272	[INFO] [DryRun] LB Rule 배포 예정: hazr-t-dip-adm-lb/t-dip-adm-lb-rule8900
chtweb-lb-fe, Pool=t-cs-chtweb-lb-bp)
2026-05-22 10:58:34.298	[INFO] [DryRun][SKIP] LB Probe 필수값 누락(Port): hazr-t-cs-chtweb-lb/t-cs-chtweb-lb-pb
2026-05-22 10:58:34.320	[INFO] [DryRun] 리소스 그룹 생성 예정: hazr-t-dip-rg (koreacentral)

2026-05-22 10:58:34.332	[INFO] [DryRun] 리소스 그룹 생성 예정: hazr-t-dip-rg (koreacentral)
2026-05-22 10:58:34.331	[INFO] [DryRun] LB 배포 예정: hazr-t-dip-adm-lb (RG=hazr-t-dip-rg, FE=t-dip-adm-lb-fe, Pool=t-dip-adm-lb-bp)
2026-05-22 10:58:34.363	[INFO] [DryRun] LB Probe 배포 예정: hazr-t-dip-adm-lb/t-dip-adm-lb-pb443
-ap-lb-fe, Pool=t-dip-ap-lb-bp)
2026-05-22 10:58:34.373	[INFO] [DryRun] LB Probe 배포 예정: hazr-t-dip-adm-lb/t-dip-adm-lb-pb8085
2026-05-22 10:58:34.391	[INFO] [DryRun] LB Probe 배포 예정: hazr-t-dip-ap-lb/t-dip-ap-lb-pb8100

2026-05-22 10:58:34.412	[INFO] [DryRun] LB Probe 배포 예정: hazr-t-dip-ap-lb/t-dip-ap-lb-pb8200

2026-05-22 10:58:34.431	[INFO] [DryRun] LB Probe 배포 예정: hazr-t-dip-ap-lb/t-dip-ap-lb-pb8300

2026-05-22 10:58:34.452	[INFO] [DryRun] LB Probe 배포 예정: hazr-t-dip-ap-lb/t-dip-ap-lb-pb8400

2026-05-22 10:58:34.473	[INFO] [DryRun] LB Probe 배포 예정: hazr-t-dip-ap-lb/t-dip-ap-lb-pb9100
5
2026-05-22 10:58:34.489	[INFO] [DryRun] LB Probe 배포 예정: hazr-t-dip-ap-lb/t-dip-ap-lb-pb9113
0
2026-05-22 10:58:34.516	[INFO] [DryRun] LB Rule 배포 예정: hazr-t-dip-ap-lb/t-dip-ap-lb-rule443
1
2026-05-22 10:58:34.525	[INFO] [DryRun] LB Rule 배포 예정: hazr-t-dip-adm-lb/t-dip-adm-lb-rule9100
2026-05-22 10:58:34.546	[INFO] [DryRun] 리소스 그룹 생성 예정: hazr-t-dip-rg (koreacentral)
2026-05-22 10:58:34.559	[INFO] [DryRun] LB Rule 배포 예정: hazr-t-dip-ap-lb/t-dip-ap-lb-rule8300
-ap-lb-fe, Pool=t-dip-ap-lb-bp)
2026-05-22 10:58:34.589	[INFO] [DryRun] LB Probe 배포 예정: hazr-t-dip-ap-lb/t-dip-ap-lb-pb443
2026-05-22 10:58:34.579	[INFO] [DryRun] LB Rule 배포 예정: hazr-t-dip-ap-lb/t-dip-ap-lb-rule8400
2026-05-22 10:58:34.602	[INFO] [DryRun] LB Rule 배포 예정: hazr-t-dip-ap-lb/t-dip-ap-lb-rule9100
2026-05-22 10:58:34.617	[INFO] [DryRun] LB Probe 배포 예정: hazr-t-dip-ap-lb/t-dip-ap-lb-pb8200

2026-05-22 10:58:34.634	[INFO] [DryRun] 리소스 그룹 생성 예정: hazr-t-dip-rg (koreacentral)
2026-05-22 10:58:34.648	[INFO] [DryRun] LB 배포 예정: hazr-t-dip-geoap-lb (RG=hazr-t-dip-rg, FE=t-dip-geoap-lb-fe, Pool=t-dip-geoap-lb-bp)
2026-05-22 10:58:34.681	[INFO] [DryRun] LB Probe 배포 예정: hazr-t-dip-geoap-lb/t-dip-geoap-lb-pb3660
2026-05-22 10:58:34.689	[INFO] [DryRun] LB Probe 배포 예정: hazr-t-dip-geoap-lb/t-dip-geoap-lb-pb3661
2026-05-22 10:58:34.717	[INFO] [DryRun] LB Rule 배포 예정: hazr-t-dip-ap-lb/t-dip-ap-lb-rule443
3670
2026-05-22 10:58:34.726	[INFO] [DryRun] LB Probe 배포 예정: hazr-t-dip-geoap-lb/t-dip-geoap-lb-pb3671
2026-05-22 10:58:34.746	[INFO] [DryRun] LB Rule 배포 예정: hazr-t-dip-ap-lb/t-dip-ap-lb-rule8200
100
2026-05-22 10:58:34.766	[INFO] [DryRun] LB Rule 배포 예정: hazr-t-dip-ap-lb/t-dip-ap-lb-rule8300
3660
2026-05-22 10:58:34.788	[INFO] [DryRun] LB Rule 배포 예정: hazr-t-dip-ap-lb/t-dip-ap-lb-rule8400
3661
2026-05-22 10:58:34.803	[INFO] [DryRun] LB Rule 배포 예정: hazr-t-dip-geoap-lb/t-dip-geoap-lb-rule3670
2026-05-22 10:58:34.823	[INFO] [DryRun] LB Rule 배포 예정: hazr-t-dip-ap-lb/t-dip-ap-lb-rule9113
3671
2026-05-22 10:58:34.849	[INFO] [DryRun] 리소스 그룹 생성 예정: hazr-t-dip-rg (koreacentral)
9100
2026-05-22 10:58:34.864	[INFO] [DryRun] LB 배포 예정: hazr-t-dip-geoap-lb (RG=hazr-t-dip-rg, FE=t-dip-geoap-lb-fe, Pool=t-dip-geoap-lb-bp)
2026-05-22 10:58:34.883	[INFO] [DryRun] LB 배포 예정: hazr-t-dip-mqap-lb (RG=hazr-t-dip-rg, FE=t-dip-mqap-lb-fe, Pool=t-dip-mqap-lb-bp)
2026-05-22 10:58:34.900	[INFO] [DryRun] LB Probe 배포 예정: hazr-t-dip-geoap-lb/t-dip-geoap-lb-pb3661
2026-05-22 10:58:34.920	[INFO] [DryRun] LB Probe 배포 예정: hazr-t-dip-mqap-lb/t-dip-mqap-lb-pb1884
2026-05-22 10:58:34.920	[INFO] [DryRun] LB Probe 배포 예정: hazr-t-dip-geoap-lb/t-dip-geoap-lb-pb3670
2026-05-22 10:58:34.939	[INFO] [DryRun] LB Probe 배포 예정: hazr-t-dip-mqap-lb/t-dip-mqap-lb-pb18083

2026-05-22 10:58:34.961	[INFO] [DryRun] LB Probe 배포 예정: hazr-t-dip-mqap-lb/t-dip-mqap-lb-pb9100

2026-05-22 10:58:34.989	[INFO] [DryRun] LB Rule 배포 예정: hazr-t-dip-geoap-lb/t-dip-geoap-lb-rule3660
2026-05-22 10:58:35.001	[INFO] [DryRun] LB Rule 배포 예정: hazr-t-dip-geoap-lb/t-dip-geoap-lb-rule3661
2026-05-22 10:58:35.019	[INFO] [DryRun] LB Rule 배포 예정: hazr-t-dip-mqap-lb/t-dip-mqap-lb-rule18083

2026-05-22 10:58:35.034	[INFO] [DryRun] LB Rule 배포 예정: hazr-t-dip-mqap-lb/t-dip-mqap-lb-rule9100

2026-05-22 10:58:35.049	[INFO] [DryRun] LB Rule 배포 예정: hazr-t-dip-geoap-lb/t-dip-geoap-lb-rule9100
2026-05-22 10:58:35.065	[INFO] [DryRun] LB 배포 예정: hazr-t-dip-mqweb-lb (RG=hazr-t-dip-rg, FE=t-dip-mqweb-lb-fe, Pool=t-dip-mqweb-lb-bp)
2026-05-22 10:58:35.080	[INFO] [DryRun] LB 배포 예정: hazr-t-dip-mqap-lb (RG=hazr-t-dip-rg, FE=t-dip-mqap-lb-fe, Pool=t-dip-mqap-lb-bp)
2026-05-22 10:58:35.090	[INFO] [DryRun] LB Probe 배포 예정: hazr-t-dip-mqweb-lb/t-dip-mqweb-lb-pb8883
2026-05-22 10:58:35.098	[INFO] [DryRun] LB Probe 배포 예정: hazr-t-dip-mqweb-lb/t-dip-mqweb-lb-pb1884
2026-05-22 10:58:35.117	[INFO] [DryRun] LB Probe 배포 예정: hazr-t-dip-mqap-lb/t-dip-mqap-lb-pb1884

2026-05-22 10:58:35.139	[INFO] [DryRun] LB Rule 배포 예정: hazr-t-dip-mqweb-lb/t-dip-mqweb-lb-rule8883
2026-05-22 10:58:35.149	[INFO] [DryRun] LB Probe 배포 예정: hazr-t-dip-mqap-lb/t-dip-mqap-lb-pb9100
2026-05-22 10:58:35.149	[INFO] [DryRun] LB Rule 배포 예정: hazr-t-dip-mqweb-lb/t-dip-mqweb-lb-rule1884
2026-05-22 10:58:35.179	[INFO] [DryRun] LB Rule 배포 예정: hazr-t-dip-mqap-lb/t-dip-mqap-lb-rule1883
2026-05-22 10:58:35.171	[INFO] [DryRun] LB Rule 배포 예정: hazr-t-dip-mqweb-lb/t-dip-mqweb-lb-rule9100
2026-05-22 10:58:35.194	[INFO] [DryRun] 리소스 그룹 생성 예정: hazr-t-dip-rg (koreacentral)
84
2026-05-22 10:58:35.207	[INFO] [DryRun] LB Rule 배포 예정: hazr-t-dip-mqap-lb/t-dip-mqap-lb-rule18083
-lb-fe, Pool=t-dip-web-lb-bp)
2026-05-22 10:58:35.231	[INFO] [DryRun] LB Probe 배포 예정: hazr-t-dip-web-lb/t-dip-web-lb-pb443
00
2026-05-22 10:58:35.241	[INFO] [DryRun] LB Probe 배포 예정: hazr-t-dip-web-lb/t-dip-web-lb-pb9100
2026-05-22 10:58:35.267	[INFO] [DryRun] LB Rule 배포 예정: hazr-t-dip-web-lb/t-dip-web-lb-rule443
ip-mqweb-lb-fe, Pool=t-dip-mqweb-lb-bp)
2026-05-22 10:58:35.273	[INFO] [DryRun] LB Rule 배포 예정: hazr-t-dip-web-lb/t-dip-web-lb-rule9100
3
2026-05-22 10:58:35.292	[INFO] [DryRun] 리소스 그룹 생성 예정: hazr-t-dis-rg (koreacentral)
884
2026-05-22 10:58:35.308	[INFO] [DryRun] LB 배포 예정: hazr-t-dis-adm-lb (RG=hazr-t-dis-rg, FE=t-dis-adm-lb-fe, Pool=t-dis-adm-lb-bp)
2026-05-22 10:58:35.329	[INFO] [DryRun] LB Probe 배포 예정: hazr-t-dis-adm-lb/t-dis-adm-lb-pb443
8883
2026-05-22 10:58:35.350	[INFO] [DryRun] LB Rule 배포 예정: hazr-t-dip-mqweb-lb/t-dip-mqweb-lb-rule1884
2026-05-22 10:58:35.372	[INFO] [DryRun] LB Rule 배포 예정: hazr-t-dip-mqweb-lb/t-dip-mqweb-lb-rule9100
2026-05-22 10:58:35.387	[INFO] [DryRun] LB 배포 예정: hazr-t-dis-ap-lb (RG=hazr-t-dis-rg, FE=t-dis-ap-lb-fe, Pool=t-dis-ap-lb-bp)
2026-05-22 10:58:35.403	[INFO] [DryRun] LB 배포 예정: hazr-t-dip-web-lb (RG=hazr-t-dip-rg, FE=t-dip-web-lb-fe, Pool=t-dip-web-lb-bp)
2026-05-22 10:58:35.427	[INFO] [DryRun] LB Probe 배포 예정: hazr-t-dip-web-lb/t-dip-web-lb-pb443
2026-05-22 10:58:35.443	[INFO] [DryRun] LB Probe 배포 예정: hazr-t-dip-web-lb/t-dip-web-lb-pb9100
2026-05-22 10:58:35.470	[INFO] [DryRun] LB Rule 배포 예정: hazr-t-dip-web-lb/t-dip-web-lb-rule443
t-dis-bbicltap-lb-fe, Pool=t-dis-bbicltap-lb-bp)
2026-05-22 10:58:35.486	[INFO] [DryRun] LB Probe 배포 예정: hazr-t-dis-bbicltap-lb/t-dis-bbicltap-lb-pb20000
2026-05-22 10:58:35.494	[INFO] [DryRun] LB Probe 배포 예정: hazr-t-dis-bbicltap-lb/t-dis-bbicltap-lb-pb21000
2026-05-22 10:58:35.514	[INFO] [DryRun] LB Probe 배포 예정: hazr-t-dis-bbicltap-lb/t-dis-bbicltap-lb-pb22000
 Pool=t-dis-adm-lb-bp)
2026-05-22 10:58:35.545	[INFO] [DryRun] LB Rule 배포 예정: hazr-t-dis-bbicltap-lb/t-dis-bbicltap-lb-rule20000
2026-05-22 10:58:35.564	[INFO] [DryRun] LB Rule 배포 예정: hazr-t-dis-bbicltap-lb/t-dis-bbicltap-lb-rule21000
2026-05-22 10:58:35.590	[INFO] [DryRun] 리소스 그룹 생성 예정: hazr-t-dis-rg (koreacentral)
b-rule22000
2026-05-22 10:58:35.606	[INFO] [DryRun] 리소스 그룹 생성 예정: hazr-t-dis-rg (koreacentral)
-ap-lb-fe, Pool=t-dis-ap-lb-bp)
2026-05-22 10:58:35.623	[INFO] [DryRun] LB 배포 예정: hazr-t-dis-bbimsgap-lb (RG=hazr-t-dis-rg, FE=t-dis-bbimsgap-lb-fe, Pool=t-dis-bbimsgap-lb-bp)
2026-05-22 10:58:35.631	[INFO] [DryRun] LB Probe 배포 예정: hazr-t-dis-ap-lb/t-dis-ap-lb-pb8080
2026-05-22 10:58:35.649	[INFO] [DryRun] LB Probe 배포 예정: hazr-t-dis-bbimsgap-lb/t-dis-bbimsgap-lb-pb20030
2026-05-22 10:58:35.653	[INFO] [DryRun] LB Rule 배포 예정: hazr-t-dis-ap-lb/t-dis-ap-lb-rule8080
2026-05-22 10:58:35.717	[INFO] [DryRun] LB Rule 배포 예정: hazr-t-dis-bbimsgap-lb/t-dis-bbimsgap-lb-rule20030
2026-05-22 10:58:35.735	[INFO] [DryRun] LB 배포 예정: hazr-t-dis-bbicltap-lb (RG=hazr-t-dis-rg, FE=t-dis-bbicltap-lb-fe, Pool=t-dis-bbicltap-lb-bp)
2026-05-22 10:58:35.761	[INFO] [DryRun] LB 배포 예정: hazr-t-dis-bbiweb-lb (RG=hazr-t-dis-rg, FE=t-dis-bbiweb-lb-fe, Pool=t-dis-bbiweb-lb-bp)
2026-05-22 10:58:35.799	[INFO] [DryRun] LB Probe 배포 예정: hazr-t-dis-bbiweb-lb/t-dis-bbiweb-lb-pb443
1000
2026-05-22 10:58:35.822	[INFO] [DryRun] LB Rule 배포 예정: hazr-t-dis-bbiweb-lb/t-dis-bbiweb-lb-rule443
000
2026-05-22 10:58:35.845	[INFO] [DryRun] LB Rule 배포 예정: hazr-t-dis-bbicltap-lb/t-dis-bbicltap-lb-rule20000
2026-05-22 10:58:35.834	[INFO] [DryRun] 리소스 그룹 생성 예정: hazr-t-dis-rg (koreacentral)
2026-05-22 10:58:35.859	[INFO] [DryRun] LB 배포 예정: hazr-t-dis-cmbsap-lb (RG=hazr-t-dis-rg, FE=t-dis-cmbsap-lb-fe, Pool=t-dis-cmbsap-lb-bp)
2026-05-22 10:58:35.859	[INFO] [DryRun] LB Rule 배포 예정: hazr-t-dis-bbicltap-lb/t-dis-bbicltap-lb-rule21000
2026-05-22 10:58:35.903	[INFO] [DryRun] LB Rule 배포 예정: hazr-t-dis-bbicltap-lb/t-dis-bbicltap-lb-rule22000
2026-05-22 10:58:35.925	[INFO] [DryRun] 리소스 그룹 생성 예정: hazr-t-dis-rg (koreacentral)
2026-05-22 10:58:35.944	[INFO] [DryRun] LB 배포 예정: hazr-t-dis-bbimsgap-lb (RG=hazr-t-dis-rg, FE=t-dis-bbimsgap-lb-fe, Pool=t-dis-bbimsgap-lb-bp)
2026-05-22 10:58:35.987	[INFO] [DryRun] LB Probe 배포 예정: hazr-t-dis-bbimsgap-lb/t-dis-bbimsgap-lb-pb20030
2026-05-22 10:58:35.985	[INFO] [DryRun] LB Probe 배포 예정: hazr-t-dis-cmsadm-lb/t-dis-cmsadm-lb-pb443
2026-05-22 10:58:36.019	[INFO] [DryRun] LB Rule 배포 예정: hazr-t-dis-bbimsgap-lb/t-dis-bbimsgap-lb-rule20030
2026-05-22 10:58:36.044	[INFO] [DryRun] 리소스 그룹 생성 예정: hazr-t-dis-rg (koreacentral)
2026-05-22 10:58:36.066	[INFO] [DryRun] LB 배포 예정: hazr-t-dis-cmsap-lb (RG=hazr-t-dis-rg, FE=t-dis-cmsap-lb-fe, Pool=t-dis-cmsap-lb-bp)
)
2026-05-22 10:58:36.094	[INFO] [DryRun] LB Probe 배포 예정: hazr-t-dis-cmsap-lb/t-dis-cmsap-lb-pb4001

2026-05-22 10:58:36.125	[INFO] [DryRun] LB Rule 배포 예정: hazr-t-dis-bbiweb-lb/t-dis-bbiweb-lb-rule443
2026-05-22 10:58:36.143	[INFO] [DryRun] 리소스 그룹 생성 예정: hazr-t-dis-rg (koreacentral)
2026-05-22 10:58:36.159	[INFO] [DryRun] LB 배포 예정: hazr-t-dis-cmsweb-lb (RG=hazr-t-dis-rg, FE=t-dis-cmsweb-lb-fe, Pool=t-dis-cmsweb-lb-bp)
2026-05-22 10:58:36.187	[INFO] [DryRun] LB Probe 배포 예정: hazr-t-dis-cmsweb-lb/t-dis-cmsweb-lb-pb80

2026-05-22 10:58:36.207	[INFO] [DryRun] LB Probe 배포 예정: hazr-t-dis-cmsweb-lb/t-dis-cmsweb-lb-pb443

2026-05-22 10:58:36.240	[INFO] [DryRun] LB Rule 배포 예정: hazr-t-dis-cmsweb-lb/t-dis-cmsweb-lb-rule80
2026-05-22 10:58:36.254	[INFO] [DryRun] LB Rule 배포 예정: hazr-t-dis-cmsweb-lb/t-dis-cmsweb-lb-rule443
sadm-lb-fe, Pool=t-dis-cmsadm-lb-bp)
2026-05-22 10:58:36.284	[INFO] [DryRun] LB Probe 배포 예정: hazr-t-dis-cmsadm-lb/t-dis-cmsadm-lb-pb443
2026-05-22 10:58:36.298	[INFO] [DryRun] LB 배포 예정: hazr-t-dis-drvcltap-lb (RG=hazr-t-dis-rg, FE=t-dis-drvcltap-lb-fe, Pool=t-dis-drvcltap-lb-bp)
2026-05-22 10:58:36.328	[INFO] [DryRun] 리소스 그룹 생성 예정: hazr-t-dis-rg (koreacentral)
lb-pb8081
2026-05-22 10:58:36.361	[INFO] [DryRun] LB Rule 배포 예정: hazr-t-dis-drvcltap-lb/t-dis-drvcltap-lb-rule8081
-fe, Pool=t-dis-cmsap-lb-bp)
2026-05-22 10:58:36.383	[INFO] [DryRun] LB Probe 배포 예정: hazr-t-dis-cmsap-lb/t-dis-cmsap-lb-pb4001
2026-05-22 10:58:36.408	[INFO] [DryRun] LB Rule 배포 예정: hazr-t-dis-cmsap-lb/t-dis-cmsap-lb-rule4001
-drvmsgap-lb-fe, Pool=t-dis-drvmsgap-lb-bp)
2026-05-22 10:58:36.425	[INFO] [DryRun] 리소스 그룹 생성 예정: hazr-t-dis-rg (koreacentral)
lb-pb8080
2026-05-22 10:58:36.488	[INFO] [DryRun] LB Rule 배포 예정: hazr-t-dis-drvmsgap-lb/t-dis-drvmsgap-lb-rule8080
lb-fe, Pool=t-dis-cmsweb-lb-bp)
2026-05-22 10:58:36.510	[INFO] [DryRun] 리소스 그룹 생성 예정: hazr-t-dis-rg (koreacentral)
b80
2026-05-22 10:58:36.529	[INFO] [DryRun] LB Probe 배포 예정: hazr-t-dis-cmsweb-lb/t-dis-cmsweb-lb-pb443
alkap-lb-fe, Pool=t-dis-walkap-lb-bp)
2026-05-22 10:58:36.562	[INFO] [DryRun] LB Rule 배포 예정: hazr-t-dis-cmsweb-lb/t-dis-cmsweb-lb-rule80
2026-05-22 10:58:36.557	[INFO] [DryRun] LB Probe 배포 예정: hazr-t-dis-walkap-lb/t-dis-walkap-lb-pb8080
2026-05-22 10:58:36.578	[INFO] [DryRun] LB Rule 배포 예정: hazr-t-dis-cmsweb-lb/t-dis-cmsweb-lb-rule443

2026-05-22 10:58:36.601	[INFO] [DryRun] 리소스 그룹 생성 예정: hazr-t-dis-rg (koreacentral)
2026-05-22 10:58:36.601	[INFO] [DryRun] 리소스 그룹 생성 예정: hazr-t-dis-rg (koreacentral)
=t-dis-drvcltap-lb-fe, Pool=t-dis-drvcltap-lb-bp)
2026-05-22 10:58:36.644	[INFO] [DryRun] LB Probe 배포 예정: hazr-t-dis-drvcltap-lb/t-dis-drvcltap-lb-pb8081
eb-lb-fe, Pool=t-dis-walkweb-lb-bp)
2026-05-22 10:58:36.668	[INFO] [DryRun] LB Rule 배포 예정: hazr-t-dis-drvcltap-lb/t-dis-drvcltap-lb-rule8081
2026-05-22 10:58:36.687	[INFO] [DryRun] 리소스 그룹 생성 예정: hazr-t-dis-rg (koreacentral)
rule443
2026-05-22 10:58:36.707	[INFO] [DryRun] 리소스 그룹 생성 예정: hazr-t-dis-rg (koreacentral)
=t-dis-drvmsgap-lb-fe, Pool=t-dis-drvmsgap-lb-bp)
2026-05-22 10:58:36.726	[INFO] [DryRun] LB 배포 예정: hazr-t-dis-web-lb (RG=hazr-t-dis-rg, FE=t-dis-web-lb-fe, Pool=t-dis-web-lb-bp)
2026-05-22 10:58:36.755	[INFO] [DryRun] LB Probe 배포 예정: hazr-t-dis-web-lb/t-dis-web-lb-pb80
lb-rule8080
2026-05-22 10:58:36.773	[INFO] [DryRun] LB Probe 배포 예정: hazr-t-dis-web-lb/t-dis-web-lb-pb443
2026-05-22 10:58:36.801	[INFO] [DryRun] LB Rule 배포 예정: hazr-t-dis-web-lb/t-dis-web-lb-rule80
-dis-walkap-lb-fe, Pool=t-dis-walkap-lb-bp)
2026-05-22 10:58:36.819	[INFO] [DryRun] LB Probe 배포 예정: hazr-t-dis-walkap-lb/t-dis-walkap-lb-pb8080
2026-05-22 10:58:36.841	[INFO] [DryRun] LB Rule 배포 예정: hazr-t-dis-walkap-lb/t-dis-walkap-lb-rule8080
2026-05-22 10:58:36.857	[INFO] [DryRun] 리소스 그룹 생성 예정: hazr-t-dis-rg (koreacentral)
doip-adm-lb-fe, Pool=t-doip-adm-lb-bp)
2026-05-22 10:58:36.871	[INFO] [DryRun] LB 배포 예정: hazr-t-dis-walkweb-lb (RG=hazr-t-dis-rg, FE=t-dis-walkweb-lb-fe, Pool=t-dis-walkweb-lb-bp)
2026-05-22 10:58:36.897	[INFO] [DryRun] LB Probe 배포 예정: hazr-t-dis-walkweb-lb/t-dis-walkweb-lb-pb443
2026-05-22 10:58:36.923	[INFO] [DryRun] LB Rule 배포 예정: hazr-t-dis-walkweb-lb/t-dis-walkweb-lb-rule443
-fe, Pool=t-doip-ap-lb-bp)
2026-05-22 10:58:36.945	[INFO] [DryRun][SKIP] LB Probe 필수값 누락(Port): hazr-t-doip-ap-lb/t-doip-ap-lb-pb
2026-05-22 10:58:36.955	[INFO] [DryRun] LB 배포 예정: hazr-t-dis-web-lb (RG=hazr-t-dis-rg, FE=t-dis-web-lb-fe, Pool=t-dis-web-lb-bp)
2026-05-22 10:58:36.989	[INFO] [DryRun] LB Probe 배포 예정: hazr-t-dis-web-lb/t-dis-web-lb-pb80
-doip-web-lb-fe, Pool=t-doip-web-lb-bp)
2026-05-22 10:58:36.996	[INFO] [DryRun] LB Probe 배포 예정: hazr-t-dis-web-lb/t-dis-web-lb-pb443
ip-web-lb-pb
2026-05-22 10:58:37.023	[INFO] [DryRun] LB Rule 배포 예정: hazr-t-dis-web-lb/t-dis-web-lb-rule80
2026-05-22 10:58:37.040	[INFO] [DryRun] LB 배포 예정: hazr-t-dtg-admap-lb (RG=hazr-t-dtg-rg, FE=t-dtg-admap-lb-fe, Pool=t-dtg-admap-lb-bp)
2026-05-22 10:58:37.059	[INFO] [DryRun] 리소스 그룹 생성 예정: hazr-t-doip-rg (koreacentral)
85
2026-05-22 10:58:37.077	[INFO] [DryRun] LB Probe 배포 예정: hazr-t-dtg-admap-lb/t-dtg-admap-lb-pb8087
adm-lb-fe, Pool=t-doip-adm-lb-bp)
2026-05-22 10:58:37.101	[INFO] [DryRun] LB Rule 배포 예정: hazr-t-dtg-admap-lb/t-dtg-admap-lb-rule8085
-lb-pb
2026-05-22 10:58:37.120	[INFO] [DryRun] LB Rule 배포 예정: hazr-t-dtg-admap-lb/t-dtg-admap-lb-rule8087
2026-05-22 10:58:37.141	[INFO] [DryRun] 리소스 그룹 생성 예정: hazr-t-dtg-rg (koreacentral)
oip-ap-lb-fe, Pool=t-doip-ap-lb-bp)
2026-05-22 10:58:37.167	[INFO] [DryRun][SKIP] LB Probe 필수값 누락(Port): hazr-t-doip-ap-lb/t-doip-ap-lb-pb
lb-fe, Pool=t-dtg-admweb-lb-bp)
2026-05-22 10:58:37.185	[INFO] [DryRun] 리소스 그룹 생성 예정: hazr-t-doip-rg (koreacentral)
8088
2026-05-22 10:58:37.207	[INFO] [DryRun] LB Rule 배포 예정: hazr-t-dtg-admweb-lb/t-dtg-admweb-lb-rule8088
-lb-fe, Pool=t-doip-web-lb-bp)
2026-05-22 10:58:37.227	[INFO] [DryRun][SKIP] LB Probe 필수값 누락(Port): hazr-t-doip-web-lb/t-doip-web-lb-pb
2026-05-22 10:58:37.241	[INFO] [DryRun] LB 배포 예정: hazr-t-dtg-ap-lb (RG=hazr-t-dtg-rg, FE=t-dtg-ap-lb-fe, Pool=t-dtg-ap-lb-bp)
2026-05-22 10:58:37.252	[INFO] [DryRun] 리소스 그룹 생성 예정: hazr-t-dtg-rg (koreacentral)
2026-05-22 10:58:37.258	[INFO] [DryRun] LB 배포 예정: hazr-t-dtg-admap-lb (RG=hazr-t-dtg-rg, FE=t-dtg-admap-lb-fe, Pool=t-dtg-admap-lb-bp)
2026-05-22 10:58:37.275	[INFO] [DryRun] LB Probe 배포 예정: hazr-t-dtg-ap-lb/t-dtg-ap-lb-pb9087
8085
2026-05-22 10:58:37.305	[INFO] [DryRun] LB Rule 배포 예정: hazr-t-dtg-ap-lb/t-dtg-ap-lb-rule8080
087
2026-05-22 10:58:37.326	[INFO] [DryRun] LB Rule 배포 예정: hazr-t-dtg-admap-lb/t-dtg-admap-lb-rule8085
2026-05-22 10:58:37.337	[INFO] [DryRun] 리소스 그룹 생성 예정: hazr-t-dtg-rg (koreacentral)
8087
2026-05-22 10:58:37.355	[INFO] [DryRun] 리소스 그룹 생성 예정: hazr-t-dtg-rg (koreacentral)
-dtg-cdmlap-lb-fe, Pool=t-dtg-cdmlap-lb-bp)
2026-05-22 10:58:37.379	[INFO] [DryRun] LB Probe 배포 예정: hazr-t-dtg-cdmlap-lb/t-dtg-cdmlap-lb-pb9305
mweb-lb-fe, Pool=t-dtg-admweb-lb-bp)
2026-05-22 10:58:37.394	[INFO] [DryRun] LB Probe 배포 예정: hazr-t-dtg-cdmlap-lb/t-dtg-cdmlap-lb-pb9306
2026-05-22 10:58:37.403	[INFO] [DryRun] LB Probe 배포 예정: hazr-t-dtg-admweb-lb/t-dtg-admweb-lb-pb8088
2026-05-22 10:58:37.423	[INFO] [DryRun] LB Rule 배포 예정: hazr-t-dtg-admweb-lb/t-dtg-admweb-lb-rule8088
2026-05-22 10:58:37.494	[INFO] [DryRun] LB Rule 배포 예정: hazr-t-dtg-cdmlap-lb/t-dtg-cdmlap-lb-rule9306
2026-05-22 10:58:37.526	[INFO] [DryRun] 리소스 그룹 생성 예정: hazr-t-dtg-rg (koreacentral)
-ap-lb-fe, Pool=t-dtg-ap-lb-bp)
2026-05-22 10:58:37.539	[INFO] [DryRun] LB 배포 예정: hazr-t-dtg-cdstap-lb (RG=hazr-t-dtg-rg, FE=t-dtg-cdstap-lb-fe, Pool=t-dtg-cdstap-lb-bp)
2026-05-22 10:58:37.555	[INFO] [DryRun] LB Probe 배포 예정: hazr-t-dtg-ap-lb/t-dtg-ap-lb-pb9087
2026-05-22 10:58:37.579	[INFO] [DryRun] LB Rule 배포 예정: hazr-t-dtg-ap-lb/t-dtg-ap-lb-rule8080
dtg-cdstap-lb-pb
2026-05-22 10:58:37.589	[INFO] [DryRun] LB Rule 배포 예정: hazr-t-dtg-ap-lb/t-dtg-ap-lb-rule9087
2026-05-22 10:58:37.607	[INFO] [DryRun] 리소스 그룹 생성 예정: hazr-t-dtg-rg (koreacentral)
2026-05-22 10:58:37.622	[INFO] [DryRun] LB 배포 예정: hazr-t-dtg-cdmlap-lb (RG=hazr-t-dtg-rg, FE=t-dtg-cdmlap-lb-fe, Pool=t-dtg-cdmlap-lb-bp)
)
2026-05-22 10:58:37.641	[INFO] [DryRun] LB Probe 배포 예정: hazr-t-dtg-cdmlap-lb/t-dtg-cdmlap-lb-pb9305

2026-05-22 10:58:37.656	[INFO] [DryRun] LB Probe 배포 예정: hazr-t-dtg-cdmlap-lb/t-dtg-cdmlap-lb-pb9306

2026-05-22 10:58:37.673	[INFO] [DryRun] LB Probe 배포 예정: hazr-t-dtg-cdsvadm-lb/t-dtg-cdsvadm-lb-pb9105
2026-05-22 10:58:37.690	[INFO] [DryRun] LB Rule 배포 예정: hazr-t-dtg-cdmlap-lb/t-dtg-cdmlap-lb-rule9306

2026-05-22 10:58:37.711	[INFO] [DryRun] 리소스 그룹 생성 예정: hazr-t-dtg-rg (koreacentral)
-pb8088
2026-05-22 10:58:37.724	[INFO] [DryRun] LB 배포 예정: hazr-t-dtg-cdstap-lb (RG=hazr-t-dtg-rg, FE=t-dtg-cdstap-lb-fe, Pool=t-dtg-cdstap-lb-bp)
2026-05-22 10:58:37.749	[INFO] [DryRun][SKIP] LB Probe 필수값 누락(Port): hazr-t-dtg-cdstap-lb/t-dtg-cdstap-lb-pb
2026-05-22 10:58:37.767	[INFO] [DryRun] 리소스 그룹 생성 예정: hazr-t-dtg-rg (koreacentral)
rule9105
2026-05-22 10:58:37.781	[INFO] [DryRun] LB 배포 예정: hazr-t-dtg-cdsvadm-lb (RG=hazr-t-dtg-rg, FE=t-dtg-cdsvadm-lb-fe, Pool=t-dtg-cdsvadm-lb-bp)
2026-05-22 10:58:37.803	[INFO] [DryRun] LB Probe 배포 예정: hazr-t-dtg-cdsvadm-lb/t-dtg-cdsvadm-lb-pb9100

2026-05-22 10:58:37.815	[INFO] [DryRun] LB Probe 배포 예정: hazr-t-dtg-cdsvadm-lb/t-dtg-cdsvadm-lb-pb9300
2026-05-22 10:58:37.818	[INFO] [DryRun] 리소스 그룹 생성 예정: hazr-t-dtg-rg (koreacentral)
2026-05-22 10:58:37.834	[INFO] [DryRun] LB 배포 예정: hazr-t-dtg-diosap-lb (RG=hazr-t-dtg-rg, FE=t-dtg-diosap-lb-fe, Pool=t-dtg-diosap-lb-bp)
2026-05-22 10:58:37.852	[INFO] [DryRun] LB Probe 배포 예정: hazr-t-dtg-cdsvadm-lb/t-dtg-cdsvadm-lb-pb9003
2026-05-22 10:58:37.874	[INFO] [DryRun] LB Probe 배포 예정: hazr-t-dtg-cdsvadm-lb/t-dtg-cdsvadm-lb-pb8088
2026-05-22 10:58:37.904	[INFO] [DryRun] LB Rule 배포 예정: hazr-t-dtg-cdsvadm-lb/t-dtg-cdsvadm-lb-rule9100
2026-05-22 10:58:37.913	[INFO] [DryRun] LB Rule 배포 예정: hazr-t-dtg-cdsvadm-lb/t-dtg-cdsvadm-lb-rule9300
web-lb-fe, Pool=t-dtg-diosweb-lb-bp)
2026-05-22 10:58:37.931	[INFO] [DryRun] LB Rule 배포 예정: hazr-t-dtg-cdsvadm-lb/t-dtg-cdsvadm-lb-rule9105
2026-05-22 10:58:37.954	[INFO] [DryRun] LB Rule 배포 예정: hazr-t-dtg-cdsvadm-lb/t-dtg-cdsvadm-lb-rule9003
2026-05-22 10:58:37.978	[INFO] [DryRun] LB Rule 배포 예정: hazr-t-dtg-cdsvadm-lb/t-dtg-cdsvadm-lb-rule8088
2026-05-22 10:58:37.981	[INFO] [DryRun] 리소스 그룹 생성 예정: hazr-t-dtg-rg (koreacentral)
2026-05-22 10:58:38.004	[INFO] [DryRun] LB 배포 예정: hazr-t-dtg-dprap-lb (RG=hazr-t-dtg-rg, FE=t-dtg-dprap-lb-fe, Pool=t-dtg-dprap-lb-bp)
2026-05-22 10:58:38.009	[INFO] [DryRun] 리소스 그룹 생성 예정: hazr-t-dtg-rg (koreacentral)
2026-05-22 10:58:38.040	[INFO] [DryRun] LB Probe 배포 예정: hazr-t-dtg-dprap-lb/t-dtg-dprap-lb-pb8082
diosap-lb-fe, Pool=t-dtg-diosap-lb-bp)
2026-05-22 10:58:38.059	[INFO] [DryRun] LB Probe 배포 예정: hazr-t-dtg-diosap-lb/t-dtg-diosap-lb-pb8080
2026-05-22 10:58:38.086	[INFO] [DryRun] 리소스 그룹 생성 예정: hazr-t-dtg-rg (koreacentral)
2026-05-22 10:58:38.096	[INFO] [DryRun] LB Rule 배포 예정: hazr-t-dtg-diosap-lb/t-dtg-diosap-lb-rule8080
2026-05-22 10:58:38.114	[INFO] [DryRun] 리소스 그룹 생성 예정: hazr-t-dtg-rg (koreacentral)
-dtg-dprweb-lb-fe, Pool=t-dtg-dprweb-lb-bp)
2026-05-22 10:58:38.149	[INFO] [DryRun] LB Probe 배포 예정: hazr-t-dtg-dprweb-lb/t-dtg-dprweb-lb-pb443
diosweb-lb-fe, Pool=t-dtg-diosweb-lb-bp)
2026-05-22 10:58:38.177	[INFO] [DryRun] LB Probe 배포 예정: hazr-t-dtg-diosweb-lb/t-dtg-diosweb-lb-pb443
2026-05-22 10:58:38.270	[INFO] [DryRun] LB Rule 배포 예정: hazr-t-dtg-diosweb-lb/t-dtg-diosweb-lb-rule443
2026-05-22 10:58:38.287	[INFO] [DryRun] 리소스 그룹 생성 예정: hazr-t-dtg-rg (koreacentral)
=t-dtg-extgeoap-lb-fe, Pool=t-dtg-extgeoap-lb-bp)
2026-05-22 10:58:38.318	[INFO] [DryRun] LB Probe 배포 예정: hazr-t-dtg-extgeoap-lb/t-dtg-extgeoap-lb-pb3660
b-fe, Pool=t-dtg-dprap-lb-bp)
2026-05-22 10:58:38.328	[INFO] [DryRun] LB Probe 배포 예정: hazr-t-dtg-extgeoap-lb/t-dtg-extgeoap-lb-pb3661
2026-05-22 10:58:38.354	[INFO] [DryRun] LB Rule 배포 예정: hazr-t-dtg-extgeoap-lb/t-dtg-extgeoap-lb-rule3660
2026-05-22 10:58:38.371	[INFO] [DryRun] 리소스 그룹 생성 예정: hazr-t-dtg-rg (koreacentral)
b-rule3661
2026-05-22 10:58:38.386	[INFO] [DryRun] LB 배포 예정: hazr-t-dtg-dprweb-lb (RG=hazr-t-dtg-rg, FE=t-dtg-dprweb-lb-fe, Pool=t-dtg-dprweb-lb-bp)
2026-05-22 10:58:38.400	[INFO] [DryRun] LB 배포 예정: hazr-t-dtg-geoap-lb (RG=hazr-t-dtg-rg, FE=t-dtg-geoap-lb-fe, Pool=t-dtg-geoap-lb-bp)
2026-05-22 10:58:38.422	[INFO] [DryRun] LB Probe 배포 예정: hazr-t-dtg-geoap-lb/t-dtg-geoap-lb-pb8089

2026-05-22 10:58:38.436	[INFO] [DryRun] LB Probe 배포 예정: hazr-t-dtg-geoap-lb/t-dtg-geoap-lb-pb9089
2026-05-22 10:58:38.451	[INFO] [DryRun] LB 배포 예정: hazr-t-dtg-extgeoap-lb (RG=hazr-t-dtg-rg, FE=t-dtg-extgeoap-lb-fe, Pool=t-dtg-extgeoap-lb-bp)
2026-05-22 10:58:38.480	[INFO] [DryRun] LB Probe 배포 예정: hazr-t-dtg-extgeoap-lb/t-dtg-extgeoap-lb-pb3660
2026-05-22 10:58:38.492	[INFO] [DryRun] LB Probe 배포 예정: hazr-t-dtg-extgeoap-lb/t-dtg-extgeoap-lb-pb3661
2026-05-22 10:58:38.518	[INFO] [DryRun] LB 배포 예정: hazr-t-dtg-ingap-lb (RG=hazr-t-dtg-rg, FE=t-dtg-ingap-lb-fe, Pool=t-dtg-ingap-lb-bp)
2026-05-22 10:58:38.560	[INFO] [DryRun] LB Probe 배포 예정: hazr-t-dtg-ingap-lb/t-dtg-ingap-lb-pb8081
e3661
2026-05-22 10:58:38.572	[INFO] [DryRun] 리소스 그룹 생성 예정: hazr-t-dtg-rg (koreacentral)
8081
2026-05-22 10:58:38.599	[INFO] [DryRun] 리소스 그룹 생성 예정: hazr-t-dtg-rg (koreacentral)
dtg-geoap-lb-fe, Pool=t-dtg-geoap-lb-bp)
2026-05-22 10:58:38.624	[INFO] [DryRun] LB 배포 예정: hazr-t-dtg-mq-lb (RG=hazr-t-dtg-rg, FE=t-dtg-mq-lb-fe, Pool=t-dtg-mq-lb-bp)
2026-05-22 10:58:38.650	[INFO] [DryRun] LB Probe 배포 예정: hazr-t-dtg-geoap-lb/t-dtg-geoap-lb-pb9089
2026-05-22 10:58:38.684	[INFO] [DryRun] LB Rule 배포 예정: hazr-t-dtg-geoap-lb/t-dtg-geoap-lb-rule8089
2026-05-22 10:58:38.696	[INFO] [DryRun] LB Rule 배포 예정: hazr-t-dtg-geoap-lb/t-dtg-geoap-lb-rule9089
2026-05-22 10:58:38.721	[INFO] [DryRun] LB Rule 배포 예정: hazr-t-dtg-mq-lb/t-dtg-mq-lb-rule1884
2026-05-22 10:58:38.742	[INFO] [DryRun] LB 배포 예정: hazr-t-dtg-ingap-lb (RG=hazr-t-dtg-rg, FE=t-dtg-ingap-lb-fe, Pool=t-dtg-ingap-lb-bp)
2026-05-22 10:58:38.760	[INFO] [DryRun] LB 배포 예정: hazr-t-dtg-web-lb (RG=hazr-t-dtg-rg, FE=t-dtg-web-lb-fe, Pool=t-dtg-web-lb-bp)
2026-05-22 10:58:38.770	[INFO] [DryRun] LB Probe 배포 예정: hazr-t-dtg-ingap-lb/t-dtg-ingap-lb-pb8081
2026-05-22 10:58:38.792	[INFO] [DryRun] LB Rule 배포 예정: hazr-t-dtg-ingap-lb/t-dtg-ingap-lb-rule8081
2026-05-22 10:58:38.812	[INFO] [DryRun] LB Probe 배포 예정: hazr-t-dtg-web-lb/t-dtg-web-lb-pb8081
2026-05-22 10:58:38.836	[INFO] [DryRun] LB 배포 예정: hazr-t-dtg-mq-lb (RG=hazr-t-dtg-rg, FE=t-dtg-mq-lb-fe, Pool=t-dtg-mq-lb-bp)
2026-05-22 10:58:38.864	[INFO] [DryRun] LB Probe 배포 예정: hazr-t-dtg-mq-lb/t-dtg-mq-lb-pb1883
1
2026-05-22 10:58:38.876	[INFO] [DryRun] LB Probe 배포 예정: hazr-t-dtg-mq-lb/t-dtg-mq-lb-pb1884
2026-05-22 10:58:38.896	[INFO] [END] Script
le 배포 예정: hazr-t-dtg-mq-lb/t-dtg-mq-lb-rule1883
2026-05-22 10:58:38.916	[INFO] [DryRun] LB Rule 배포 예정: hazr-t-dtg-mq-lb/t-dtg-mq-lb-rule1884
2026-05-22 10:58:38.938	[INFO] [DryRun] 리소스 그룹 생성 예정: hazr-t-dtg-rg (koreacentral)
2026-05-22 10:58:38.956	[INFO] [DryRun] LB 배포 예정: hazr-t-dtg-web-lb (RG=hazr-t-dtg-rg, FE=t-dtg-web-lb-fe, Pool=t-dtg-web-lb-bp)
2026-05-22 10:58:38.981	[INFO] [DryRun] LB Probe 배포 예정: hazr-t-dtg-web-lb/t-dtg-web-lb-pb8080
2026-05-22 10:58:39.005	[INFO] [DryRun] LB Probe 배포 예정: hazr-t-dtg-web-lb/t-dtg-web-lb-pb8081
2026-05-22 10:58:39.028	[INFO] [DryRun] LB Rule 배포 예정: hazr-t-dtg-web-lb/t-dtg-web-lb-rule8080
2026-05-22 10:58:39.043	[INFO] [DryRun] LB Rule 배포 예정: hazr-t-dtg-web-lb/t-dtg-web-lb-rule8081
2026-05-22 10:58:39.064	[INFO] [END] Deploy-LoadBalancers
2026-05-22 10:58:39.079	[INFO] [END] Script
2026-05-22 11:33:39.253	[INFO] [START] Script
2026-05-22 11:33:39.283	[INFO] [START] Initialize-Modules
2026-05-22 11:34:11.587	[INFO] [END] Initialize-Modules
2026-05-22 11:34:11.614	[INFO] [START] Ensure-AzSession
2026-05-22 11:34:14.955	[INFO] [END] Ensure-AzSession
2026-05-22 11:34:15.007	[INFO] [START] Validate-Inputs
2026-05-22 11:34:15.036	[INFO] [END] Validate-Inputs
2026-05-22 11:34:15.072	[INFO] [START] Deploy-DataDisks
2026-05-22 11:34:15.408	[INFO] Excel 시트 로드: VM_Datadisk
2026-05-22 11:34:15.716	[INFO] [DryRun] 리소스 그룹 생성 예정: hazr-t-cs-rg (koreacentral)
2026-05-22 11:34:15.742	[INFO] [DryRun] Create plan: VM=hazr-t-cs-chtweb01, Disk=t-cs-chtweb01-disk01, RG=hazr-t-cs-rg, SizeGB=128, Sku=StandardSSD_LRS, Zone=3, HostCaching=None, DoubleEncryption=True, EncryptionType=EncryptionAtRestWithPlatformAndCustomerKeys, DES=<DryRun: /resourceGroups/hazr-t-dch-rg/providers/Microsoft.Compute/diskEncryptionSets/hazr-t-dch-des>
2026-05-22 11:34:15.764	[INFO] [DryRun] Create plan: VM=hazr-t-cs-chtweb01, Disk=t-cs-chtweb01-disk02, RG=hazr-t-cs-rg, SizeGB=128, Sku=StandardSSD_LRS, Zone=3, HostCaching=None, DoubleEncryption=True, EncryptionType=EncryptionAtRestWithPlatformAndCustomerKeys, DES=<DryRun: /resourceGroups/hazr-t-dch-rg/providers/Microsoft.Compute/diskEncryptionSets/hazr-t-dch-des>
2026-05-22 11:34:15.782	[INFO] [DryRun] 리소스 그룹 생성 예정: hazr-t-cs-rg (koreacentral)
2026-05-22 11:34:15.808	[INFO] [DryRun] Create plan: VM=hazr-t-cs-chtintweb01, Disk=t-cs-chtintweb01-disk01, RG=hazr-t-cs-rg, SizeGB=128, Sku=StandardSSD_LRS, Zone=3, HostCaching=None, DoubleEncryption=True, EncryptionType=EncryptionAtRestWithPlatformAndCustomerKeys, DES=<DryRun: /resourceGroups/hazr-t-dch-rg/providers/Microsoft.Compute/diskEncryptionSets/hazr-t-dch-des>
2026-05-22 11:34:15.839	[INFO] [DryRun] Create plan: VM=hazr-t-cs-chtintweb01, Disk=t-cs-chtintweb01-disk02, RG=hazr-t-cs-rg, SizeGB=128, Sku=StandardSSD_LRS, Zone=3, HostCaching=None, DoubleEncryption=True, EncryptionType=EncryptionAtRestWithPlatformAndCustomerKeys, DES=<DryRun: /resourceGroups/hazr-t-dch-rg/providers/Microsoft.Compute/diskEncryptionSets/hazr-t-dch-des>
2026-05-22 11:34:15.857	[INFO] [DryRun] 리소스 그룹 생성 예정: hazr-t-cs-rg (koreacentral)
2026-05-22 11:34:15.871	[INFO] [DryRun] Create plan: VM=hazr-t-cs-chtap01, Disk=t-cs-chtap01-disk01, RG=hazr-t-cs-rg, SizeGB=128, Sku=StandardSSD_LRS, Zone=3, HostCaching=None, DoubleEncryption=True, EncryptionType=EncryptionAtRestWithPlatformAndCustomerKeys, DES=<DryRun: /resourceGroups/hazr-t-dch-rg/providers/Microsoft.Compute/diskEncryptionSets/hazr-t-dch-des>
2026-05-22 11:34:15.885	[INFO] [DryRun] Create plan: VM=hazr-t-cs-chtap01, Disk=t-cs-chtap01-disk02, RG=hazr-t-cs-rg, SizeGB=128, Sku=StandardSSD_LRS, Zone=3, HostCaching=None, DoubleEncryption=True, EncryptionType=EncryptionAtRestWithPlatformAndCustomerKeys, DES=<DryRun: /resourceGroups/hazr-t-dch-rg/providers/Microsoft.Compute/diskEncryptionSets/hazr-t-dch-des>
2026-05-22 11:34:15.902	[INFO] [DryRun] 리소스 그룹 생성 예정: hazr-t-dis-rg (koreacentral)
2026-05-22 11:34:15.919	[INFO] [DryRun] Create plan: VM=hazr-t-dis-ap01, Disk=t-dis-ap01-disk01, RG=hazr-t-dis-rg, SizeGB=128, Sku=StandardSSD_LRS, Zone=3, HostCaching=None, DoubleEncryption=True, EncryptionType=EncryptionAtRestWithPlatformAndCustomerKeys, DES=<DryRun: /resourceGroups/hazr-t-dch-rg/providers/Microsoft.Compute/diskEncryptionSets/hazr-t-dch-des>
2026-05-22 11:34:15.937	[INFO] [DryRun] Create plan: VM=hazr-t-dis-ap01, Disk=t-dis-ap01-disk02, RG=hazr-t-dis-rg, SizeGB=128, Sku=StandardSSD_LRS, Zone=3, HostCaching=None, DoubleEncryption=True, EncryptionType=EncryptionAtRestWithPlatformAndCustomerKeys, DES=<DryRun: /resourceGroups/hazr-t-dch-rg/providers/Microsoft.Compute/diskEncryptionSets/hazr-t-dch-des>
2026-05-22 11:34:15.960	[INFO] [DryRun] 리소스 그룹 생성 예정: hazr-t-dis-rg (koreacentral)
2026-05-22 11:34:15.974	[INFO] [DryRun] Create plan: VM=hazr-t-dis-adm01, Disk=t-dis-adm01-disk01, RG=hazr-t-dis-rg, SizeGB=128, Sku=StandardSSD_LRS, Zone=3, HostCaching=None, DoubleEncryption=True, EncryptionType=EncryptionAtRestWithPlatformAndCustomerKeys, DES=<DryRun: /resourceGroups/hazr-t-dch-rg/providers/Microsoft.Compute/diskEncryptionSets/hazr-t-dch-des>
2026-05-22 11:34:15.992	[INFO] [DryRun] Create plan: VM=hazr-t-dis-adm01, Disk=t-dis-adm01-disk02, RG=hazr-t-dis-rg, SizeGB=128, Sku=StandardSSD_LRS, Zone=3, HostCaching=None, DoubleEncryption=True, EncryptionType=EncryptionAtRestWithPlatformAndCustomerKeys, DES=<DryRun: /resourceGroups/hazr-t-dch-rg/providers/Microsoft.Compute/diskEncryptionSets/hazr-t-dch-des>
2026-05-22 11:34:16.015	[INFO] [DryRun] 리소스 그룹 생성 예정: hazr-t-dis-rg (koreacentral)
2026-05-22 11:34:16.030	[INFO] [DryRun] Create plan: VM=hazr-t-dis-bbiweb01, Disk=t-dis-bbiweb01-disk01, RG=hazr-t-dis-rg, SizeGB=128, Sku=StandardSSD_LRS, Zone=3, HostCaching=None, DoubleEncryption=True, EncryptionType=EncryptionAtRestWithPlatformAndCustomerKeys, DES=<DryRun: /resourceGroups/hazr-t-dch-rg/providers/Microsoft.Compute/diskEncryptionSets/hazr-t-dch-des>
2026-05-22 11:34:16.045	[INFO] [DryRun] Create plan: VM=hazr-t-dis-bbiweb01, Disk=t-dis-bbiweb01-disk02, RG=hazr-t-dis-rg, SizeGB=128, Sku=StandardSSD_LRS, Zone=3, HostCaching=None, DoubleEncryption=True, EncryptionType=EncryptionAtRestWithPlatformAndCustomerKeys, DES=<DryRun: /resourceGroups/hazr-t-dch-rg/providers/Microsoft.Compute/diskEncryptionSets/hazr-t-dch-des>
2026-05-22 11:34:16.068	[INFO] [DryRun] 리소스 그룹 생성 예정: hazr-t-dis-rg (koreacentral)
2026-05-22 11:34:16.083	[INFO] [DryRun] Create plan: VM=hazr-t-dis-bbicltap01, Disk=t-dis-bbicltap01-disk01, RG=hazr-t-dis-rg, SizeGB=128, Sku=StandardSSD_LRS, Zone=3, HostCaching=None, DoubleEncryption=True, EncryptionType=EncryptionAtRestWithPlatformAndCustomerKeys, DES=<DryRun: /resourceGroups/hazr-t-dch-rg/providers/Microsoft.Compute/diskEncryptionSets/hazr-t-dch-des>
2026-05-22 11:34:16.097	[INFO] [DryRun] Create plan: VM=hazr-t-dis-bbicltap01, Disk=t-dis-bbicltap01-disk02, RG=hazr-t-dis-rg, SizeGB=128, Sku=StandardSSD_LRS, Zone=3, HostCaching=None, DoubleEncryption=True, EncryptionType=EncryptionAtRestWithPlatformAndCustomerKeys, DES=<DryRun: /resourceGroups/hazr-t-dch-rg/providers/Microsoft.Compute/diskEncryptionSets/hazr-t-dch-des>
2026-05-22 11:34:16.114	[INFO] [DryRun] 리소스 그룹 생성 예정: hazr-t-dis-rg (koreacentral)
2026-05-22 11:34:16.129	[INFO] [DryRun] Create plan: VM=hazr-t-dis-bbimsgap01, Disk=t-dis-bbimsgap01-disk01, RG=hazr-t-dis-rg, SizeGB=128, Sku=StandardSSD_LRS, Zone=3, HostCaching=None, DoubleEncryption=True, EncryptionType=EncryptionAtRestWithPlatformAndCustomerKeys, DES=<DryRun: /resourceGroups/hazr-t-dch-rg/providers/Microsoft.Compute/diskEncryptionSets/hazr-t-dch-des>
2026-05-22 11:34:16.144	[INFO] [DryRun] Create plan: VM=hazr-t-dis-bbimsgap01, Disk=t-dis-bbimsgap01-disk02, RG=hazr-t-dis-rg, SizeGB=128, Sku=StandardSSD_LRS, Zone=3, HostCaching=None, DoubleEncryption=True, EncryptionType=EncryptionAtRestWithPlatformAndCustomerKeys, DES=<DryRun: /resourceGroups/hazr-t-dch-rg/providers/Microsoft.Compute/diskEncryptionSets/hazr-t-dch-des>
2026-05-22 11:34:16.162	[INFO] [DryRun] 리소스 그룹 생성 예정: hazr-t-dis-rg (koreacentral)
2026-05-22 11:34:16.176	[INFO] [DryRun] Create plan: VM=hazr-t-dis-walkap01, Disk=t-dis-walkap01-disk01, RG=hazr-t-dis-rg, SizeGB=128, Sku=StandardSSD_LRS, Zone=3, HostCaching=None, DoubleEncryption=True, EncryptionType=EncryptionAtRestWithPlatformAndCustomerKeys, DES=<DryRun: /resourceGroups/hazr-t-dch-rg/providers/Microsoft.Compute/diskEncryptionSets/hazr-t-dch-des>
2026-05-22 11:34:16.194	[INFO] [DryRun] Create plan: VM=hazr-t-dis-walkap01, Disk=t-dis-walkap01-disk02, RG=hazr-t-dis-rg, SizeGB=128, Sku=StandardSSD_LRS, Zone=3, HostCaching=None, DoubleEncryption=True, EncryptionType=EncryptionAtRestWithPlatformAndCustomerKeys, DES=<DryRun: /resourceGroups/hazr-t-dch-rg/providers/Microsoft.Compute/diskEncryptionSets/hazr-t-dch-des>
2026-05-22 11:34:16.315	[INFO] [DryRun] 리소스 그룹 생성 예정: hazr-t-dis-rg (koreacentral)
2026-05-22 11:34:16.337	[INFO] [DryRun] Create plan: VM=hazr-t-dis-bat01, Disk=t-dis-bat01-disk01, RG=hazr-t-dis-rg, SizeGB=128, Sku=StandardSSD_LRS, Zone=3, HostCaching=None, DoubleEncryption=True, EncryptionType=EncryptionAtRestWithPlatformAndCustomerKeys, DES=<DryRun: /resourceGroups/hazr-t-dch-rg/providers/Microsoft.Compute/diskEncryptionSets/hazr-t-dch-des>
2026-05-22 11:34:16.360	[INFO] [DryRun] Create plan: VM=hazr-t-dis-bat01, Disk=t-dis-bat01-disk02, RG=hazr-t-dis-rg, SizeGB=128, Sku=StandardSSD_LRS, Zone=3, HostCaching=None, DoubleEncryption=True, EncryptionType=EncryptionAtRestWithPlatformAndCustomerKeys, DES=<DryRun: /resourceGroups/hazr-t-dch-rg/providers/Microsoft.Compute/diskEncryptionSets/hazr-t-dch-des>
2026-05-22 11:34:16.389	[INFO] [DryRun] 리소스 그룹 생성 예정: hazr-t-dis-rg (koreacentral)
2026-05-22 11:34:16.407	[INFO] [DryRun] Create plan: VM=hazr-t-dis-drvcltap01, Disk=t-dis-drvcltap01-disk01, RG=hazr-t-dis-rg, SizeGB=128, Sku=StandardSSD_LRS, Zone=3, HostCaching=None, DoubleEncryption=True, EncryptionType=EncryptionAtRestWithPlatformAndCustomerKeys, DES=<DryRun: /resourceGroups/hazr-t-dch-rg/providers/Microsoft.Compute/diskEncryptionSets/hazr-t-dch-des>
2026-05-22 11:34:16.433	[INFO] [DryRun] Create plan: VM=hazr-t-dis-drvcltap01, Disk=t-dis-drvcltap01-disk02, RG=hazr-t-dis-rg, SizeGB=128, Sku=StandardSSD_LRS, Zone=3, HostCaching=None, DoubleEncryption=True, EncryptionType=EncryptionAtRestWithPlatformAndCustomerKeys, DES=<DryRun: /resourceGroups/hazr-t-dch-rg/providers/Microsoft.Compute/diskEncryptionSets/hazr-t-dch-des>
2026-05-22 11:34:16.470	[INFO] [DryRun] 리소스 그룹 생성 예정: hazr-t-dis-rg (koreacentral)
2026-05-22 11:34:16.491	[INFO] [DryRun] Create plan: VM=hazr-t-dis-walkweb01, Disk=t-dis-walkweb01-disk01, RG=hazr-t-dis-rg, SizeGB=128, Sku=StandardSSD_LRS, Zone=3, HostCaching=None, DoubleEncryption=True, EncryptionType=EncryptionAtRestWithPlatformAndCustomerKeys, DES=<DryRun: /resourceGroups/hazr-t-dch-rg/providers/Microsoft.Compute/diskEncryptionSets/hazr-t-dch-des>
2026-05-22 11:34:16.516	[INFO] [DryRun] Create plan: VM=hazr-t-dis-walkweb01, Disk=t-dis-walkweb01-disk02, RG=hazr-t-dis-rg, SizeGB=128, Sku=StandardSSD_LRS, Zone=3, HostCaching=None, DoubleEncryption=True, EncryptionType=EncryptionAtRestWithPlatformAndCustomerKeys, DES=<DryRun: /resourceGroups/hazr-t-dch-rg/providers/Microsoft.Compute/diskEncryptionSets/hazr-t-dch-des>
2026-05-22 11:34:16.552	[INFO] [DryRun] 리소스 그룹 생성 예정: hazr-t-dis-rg (koreacentral)
2026-05-22 11:34:16.572	[INFO] [DryRun] Create plan: VM=hazr-t-dis-drvmsgap01, Disk=t-dis-drvmsgap01-disk01, RG=hazr-t-dis-rg, SizeGB=128, Sku=StandardSSD_LRS, Zone=3, HostCaching=None, DoubleEncryption=True, EncryptionType=EncryptionAtRestWithPlatformAndCustomerKeys, DES=<DryRun: /resourceGroups/hazr-t-dch-rg/providers/Microsoft.Compute/diskEncryptionSets/hazr-t-dch-des>
2026-05-22 11:34:16.592	[INFO] [DryRun] Create plan: VM=hazr-t-dis-drvmsgap01, Disk=t-dis-drvmsgap01-disk02, RG=hazr-t-dis-rg, SizeGB=128, Sku=StandardSSD_LRS, Zone=3, HostCaching=None, DoubleEncryption=True, EncryptionType=EncryptionAtRestWithPlatformAndCustomerKeys, DES=<DryRun: /resourceGroups/hazr-t-dch-rg/providers/Microsoft.Compute/diskEncryptionSets/hazr-t-dch-des>
2026-05-22 11:34:16.622	[INFO] [DryRun] 리소스 그룹 생성 예정: hazr-t-dis-rg (koreacentral)
2026-05-22 11:34:16.647	[INFO] [DryRun] Create plan: VM=hazr-t-dis-web01, Disk=t-dis-web01-disk01, RG=hazr-t-dis-rg, SizeGB=128, Sku=StandardSSD_LRS, Zone=3, HostCaching=None, DoubleEncryption=True, EncryptionType=EncryptionAtRestWithPlatformAndCustomerKeys, DES=<DryRun: /resourceGroups/hazr-t-dch-rg/providers/Microsoft.Compute/diskEncryptionSets/hazr-t-dch-des>
2026-05-22 11:34:16.669	[INFO] [DryRun] Create plan: VM=hazr-t-dis-web01, Disk=t-dis-web01-disk02, RG=hazr-t-dis-rg, SizeGB=128, Sku=StandardSSD_LRS, Zone=3, HostCaching=None, DoubleEncryption=True, EncryptionType=EncryptionAtRestWithPlatformAndCustomerKeys, DES=<DryRun: /resourceGroups/hazr-t-dch-rg/providers/Microsoft.Compute/diskEncryptionSets/hazr-t-dch-des>
2026-05-22 11:34:16.708	[INFO] [DryRun] 리소스 그룹 생성 예정: hazr-t-dis-rg (koreacentral)
2026-05-22 11:34:16.740	[INFO] [DryRun] Create plan: VM=hazr-t-dis-cmsadm01, Disk=t-dis-cmsadm01-disk01, RG=hazr-t-dis-rg, SizeGB=128, Sku=StandardSSD_LRS, Zone=3, HostCaching=None, DoubleEncryption=True, EncryptionType=EncryptionAtRestWithPlatformAndCustomerKeys, DES=<DryRun: /resourceGroups/hazr-t-dch-rg/providers/Microsoft.Compute/diskEncryptionSets/hazr-t-dch-des>
2026-05-22 11:34:16.768	[INFO] [DryRun] Create plan: VM=hazr-t-dis-cmsadm01, Disk=t-dis-cmsadm01-disk02, RG=hazr-t-dis-rg, SizeGB=128, Sku=StandardSSD_LRS, Zone=3, HostCaching=None, DoubleEncryption=True, EncryptionType=EncryptionAtRestWithPlatformAndCustomerKeys, DES=<DryRun: /resourceGroups/hazr-t-dch-rg/providers/Microsoft.Compute/diskEncryptionSets/hazr-t-dch-des>
2026-05-22 11:34:16.801	[INFO] [DryRun] 리소스 그룹 생성 예정: hazr-t-dis-rg (koreacentral)
2026-05-22 11:34:16.819	[INFO] [DryRun] Create plan: VM=hazr-t-dis-cmsap01, Disk=t-dis-cmsap01-disk01, RG=hazr-t-dis-rg, SizeGB=128, Sku=StandardSSD_LRS, Zone=3, HostCaching=None, DoubleEncryption=True, EncryptionType=EncryptionAtRestWithPlatformAndCustomerKeys, DES=<DryRun: /resourceGroups/hazr-t-dch-rg/providers/Microsoft.Compute/diskEncryptionSets/hazr-t-dch-des>
2026-05-22 11:34:16.843	[INFO] [DryRun] Create plan: VM=hazr-t-dis-cmsap01, Disk=t-dis-cmsap01-disk02, RG=hazr-t-dis-rg, SizeGB=128, Sku=StandardSSD_LRS, Zone=3, HostCaching=None, DoubleEncryption=True, EncryptionType=EncryptionAtRestWithPlatformAndCustomerKeys, DES=<DryRun: /resourceGroups/hazr-t-dch-rg/providers/Microsoft.Compute/diskEncryptionSets/hazr-t-dch-des>
2026-05-22 11:34:16.885	[INFO] [DryRun] 리소스 그룹 생성 예정: hazr-t-dis-rg (koreacentral)
2026-05-22 11:34:16.907	[INFO] [DryRun] Create plan: VM=hazr-t-dis-cmsweb01, Disk=t-dis-cmsweb01-disk01, RG=hazr-t-dis-rg, SizeGB=128, Sku=StandardSSD_LRS, Zone=3, HostCaching=None, DoubleEncryption=True, EncryptionType=EncryptionAtRestWithPlatformAndCustomerKeys, DES=<DryRun: /resourceGroups/hazr-t-dch-rg/providers/Microsoft.Compute/diskEncryptionSets/hazr-t-dch-des>
2026-05-22 11:34:16.932	[INFO] [DryRun] Create plan: VM=hazr-t-dis-cmsweb01, Disk=t-dis-cmsweb01-disk02, RG=hazr-t-dis-rg, SizeGB=128, Sku=StandardSSD_LRS, Zone=3, HostCaching=None, DoubleEncryption=True, EncryptionType=EncryptionAtRestWithPlatformAndCustomerKeys, DES=<DryRun: /resourceGroups/hazr-t-dch-rg/providers/Microsoft.Compute/diskEncryptionSets/hazr-t-dch-des>
2026-05-22 11:34:16.971	[INFO] [DryRun] 리소스 그룹 생성 예정: hazr-t-dis-rg (koreacentral)
2026-05-22 11:34:16.998	[INFO] [DryRun] Create plan: VM=hazr-t-dis-cmbsap01, Disk=t-dis-cmbsap01-disk01, RG=hazr-t-dis-rg, SizeGB=128, Sku=StandardSSD_LRS, Zone=3, HostCaching=None, DoubleEncryption=True, EncryptionType=EncryptionAtRestWithPlatformAndCustomerKeys, DES=<DryRun: /resourceGroups/hazr-t-dch-rg/providers/Microsoft.Compute/diskEncryptionSets/hazr-t-dch-des>
2026-05-22 11:34:17.032	[INFO] [DryRun] Create plan: VM=hazr-t-dis-cmbsap01, Disk=t-dis-cmbsap01-disk02, RG=hazr-t-dis-rg, SizeGB=128, Sku=StandardSSD_LRS, Zone=3, HostCaching=None, DoubleEncryption=True, EncryptionType=EncryptionAtRestWithPlatformAndCustomerKeys, DES=<DryRun: /resourceGroups/hazr-t-dch-rg/providers/Microsoft.Compute/diskEncryptionSets/hazr-t-dch-des>
2026-05-22 11:34:17.070	[INFO] [SKIP] Row 20 no disk input (VM=hazr-t-dis-dfir01)
2026-05-22 11:34:17.101	[INFO] [DryRun] 리소스 그룹 생성 예정: hazr-t-dtg-rg (koreacentral)
2026-05-22 11:34:17.132	[INFO] [DryRun] Create plan: VM=hazr-t-dtg-ingap01, Disk=t-dtg-ingap01-disk01, RG=hazr-t-dtg-rg, SizeGB=128, Sku=StandardSSD_LRS, Zone=3, HostCaching=None, DoubleEncryption=True, EncryptionType=EncryptionAtRestWithPlatformAndCustomerKeys, DES=<DryRun: /resourceGroups/hazr-t-dch-rg/providers/Microsoft.Compute/diskEncryptionSets/hazr-t-dch-des>
2026-05-22 11:34:17.158	[INFO] [DryRun] Create plan: VM=hazr-t-dtg-ingap01, Disk=t-dtg-ingap01-disk02, RG=hazr-t-dtg-rg, SizeGB=128, Sku=StandardSSD_LRS, Zone=3, HostCaching=None, DoubleEncryption=True, EncryptionType=EncryptionAtRestWithPlatformAndCustomerKeys, DES=<DryRun: /resourceGroups/hazr-t-dch-rg/providers/Microsoft.Compute/diskEncryptionSets/hazr-t-dch-des>
2026-05-22 11:34:17.224	[INFO] [DryRun] 리소스 그룹 생성 예정: hazr-t-dtg-rg (koreacentral)
2026-05-22 11:34:17.251	[INFO] [DryRun] Create plan: VM=hazr-t-dtg-ap01, Disk=t-dtg-ap01-disk01, RG=hazr-t-dtg-rg, SizeGB=128, Sku=StandardSSD_LRS, Zone=3, HostCaching=None, DoubleEncryption=True, EncryptionType=EncryptionAtRestWithPlatformAndCustomerKeys, DES=<DryRun: /resourceGroups/hazr-t-dch-rg/providers/Microsoft.Compute/diskEncryptionSets/hazr-t-dch-des>
2026-05-22 11:34:17.271	[INFO] [DryRun] Create plan: VM=hazr-t-dtg-ap01, Disk=t-dtg-ap01-disk02, RG=hazr-t-dtg-rg, SizeGB=128, Sku=StandardSSD_LRS, Zone=3, HostCaching=None, DoubleEncryption=True, EncryptionType=EncryptionAtRestWithPlatformAndCustomerKeys, DES=<DryRun: /resourceGroups/hazr-t-dch-rg/providers/Microsoft.Compute/diskEncryptionSets/hazr-t-dch-des>
2026-05-22 11:34:17.300	[INFO] [DryRun] 리소스 그룹 생성 예정: hazr-t-dtg-rg (koreacentral)
2026-05-22 11:34:17.317	[INFO] [DryRun] Create plan: VM=hazr-t-dtg-extgeoap01, Disk=t-dtg-extgeoap01-disk01, RG=hazr-t-dtg-rg, SizeGB=128, Sku=StandardSSD_LRS, Zone=3, HostCaching=None, DoubleEncryption=True, EncryptionType=EncryptionAtRestWithPlatformAndCustomerKeys, DES=<DryRun: /resourceGroups/hazr-t-dch-rg/providers/Microsoft.Compute/diskEncryptionSets/hazr-t-dch-des>
2026-05-22 11:34:17.333	[INFO] [DryRun] Create plan: VM=hazr-t-dtg-extgeoap01, Disk=t-dtg-extgeoap01-disk02, RG=hazr-t-dtg-rg, SizeGB=128, Sku=StandardSSD_LRS, Zone=3, HostCaching=None, DoubleEncryption=True, EncryptionType=EncryptionAtRestWithPlatformAndCustomerKeys, DES=<DryRun: /resourceGroups/hazr-t-dch-rg/providers/Microsoft.Compute/diskEncryptionSets/hazr-t-dch-des>
2026-05-22 11:34:17.358	[INFO] [DryRun] 리소스 그룹 생성 예정: hazr-t-dtg-rg (koreacentral)
2026-05-22 11:34:17.383	[INFO] [DryRun] Create plan: VM=hazr-t-dtg-geoap01, Disk=t-dtg-geoap01-disk01, RG=hazr-t-dtg-rg, SizeGB=128, Sku=StandardSSD_LRS, Zone=3, HostCaching=None, DoubleEncryption=True, EncryptionType=EncryptionAtRestWithPlatformAndCustomerKeys, DES=<DryRun: /resourceGroups/hazr-t-dch-rg/providers/Microsoft.Compute/diskEncryptionSets/hazr-t-dch-des>
2026-05-22 11:34:17.402	[INFO] [DryRun] Create plan: VM=hazr-t-dtg-geoap01, Disk=t-dtg-geoap01-disk02, RG=hazr-t-dtg-rg, SizeGB=128, Sku=StandardSSD_LRS, Zone=3, HostCaching=None, DoubleEncryption=True, EncryptionType=EncryptionAtRestWithPlatformAndCustomerKeys, DES=<DryRun: /resourceGroups/hazr-t-dch-rg/providers/Microsoft.Compute/diskEncryptionSets/hazr-t-dch-des>
2026-05-22 11:34:17.424	[INFO] [DryRun] 리소스 그룹 생성 예정: hazr-t-dtg-rg (koreacentral)
2026-05-22 11:34:17.441	[INFO] [DryRun] Create plan: VM=hazr-t-dtg-mq01, Disk=t-dtg-mq01-disk01, RG=hazr-t-dtg-rg, SizeGB=128, Sku=StandardSSD_LRS, Zone=3, HostCaching=None, DoubleEncryption=True, EncryptionType=EncryptionAtRestWithPlatformAndCustomerKeys, DES=<DryRun: /resourceGroups/hazr-t-dch-rg/providers/Microsoft.Compute/diskEncryptionSets/hazr-t-dch-des>
2026-05-22 11:34:17.459	[INFO] [DryRun] Create plan: VM=hazr-t-dtg-mq01, Disk=t-dtg-mq01-disk02, RG=hazr-t-dtg-rg, SizeGB=128, Sku=StandardSSD_LRS, Zone=3, HostCaching=None, DoubleEncryption=True, EncryptionType=EncryptionAtRestWithPlatformAndCustomerKeys, DES=<DryRun: /resourceGroups/hazr-t-dch-rg/providers/Microsoft.Compute/diskEncryptionSets/hazr-t-dch-des>
2026-05-22 11:34:17.482	[INFO] [DryRun] 리소스 그룹 생성 예정: hazr-t-dtg-rg (koreacentral)
2026-05-22 11:34:17.498	[INFO] [DryRun] Create plan: VM=hazr-t-dtg-admweb01, Disk=t-dtg-admweb01-disk01, RG=hazr-t-dtg-rg, SizeGB=128, Sku=StandardSSD_LRS, Zone=3, HostCaching=None, DoubleEncryption=True, EncryptionType=EncryptionAtRestWithPlatformAndCustomerKeys, DES=<DryRun: /resourceGroups/hazr-t-dch-rg/providers/Microsoft.Compute/diskEncryptionSets/hazr-t-dch-des>
2026-05-22 11:34:17.517	[INFO] [DryRun] Create plan: VM=hazr-t-dtg-admweb01, Disk=t-dtg-admweb01-disk02, RG=hazr-t-dtg-rg, SizeGB=128, Sku=StandardSSD_LRS, Zone=3, HostCaching=None, DoubleEncryption=True, EncryptionType=EncryptionAtRestWithPlatformAndCustomerKeys, DES=<DryRun: /resourceGroups/hazr-t-dch-rg/providers/Microsoft.Compute/diskEncryptionSets/hazr-t-dch-des>
2026-05-22 11:34:17.542	[INFO] [DryRun] 리소스 그룹 생성 예정: hazr-t-dtg-rg (koreacentral)
2026-05-22 11:34:17.566	[INFO] [DryRun] Create plan: VM=hazr-t-dtg-admap01, Disk=t-dtg-admap01-disk01, RG=hazr-t-dtg-rg, SizeGB=128, Sku=StandardSSD_LRS, Zone=3, HostCaching=None, DoubleEncryption=True, EncryptionType=EncryptionAtRestWithPlatformAndCustomerKeys, DES=<DryRun: /resourceGroups/hazr-t-dch-rg/providers/Microsoft.Compute/diskEncryptionSets/hazr-t-dch-des>
2026-05-22 11:34:17.582	[INFO] [DryRun] Create plan: VM=hazr-t-dtg-admap01, Disk=t-dtg-admap01-disk02, RG=hazr-t-dtg-rg, SizeGB=128, Sku=StandardSSD_LRS, Zone=3, HostCaching=None, DoubleEncryption=True, EncryptionType=EncryptionAtRestWithPlatformAndCustomerKeys, DES=<DryRun: /resourceGroups/hazr-t-dch-rg/providers/Microsoft.Compute/diskEncryptionSets/hazr-t-dch-des>
2026-05-22 11:34:17.608	[INFO] [DryRun] 리소스 그룹 생성 예정: hazr-t-dtg-rg (koreacentral)
2026-05-22 11:34:17.628	[INFO] [DryRun] Create plan: VM=hazr-t-dtg-dtoms01, Disk=t-dtg-dtoms01-disk01, RG=hazr-t-dtg-rg, SizeGB=128, Sku=StandardSSD_LRS, Zone=3, HostCaching=None, DoubleEncryption=True, EncryptionType=EncryptionAtRestWithPlatformAndCustomerKeys, DES=<DryRun: /resourceGroups/hazr-t-dch-rg/providers/Microsoft.Compute/diskEncryptionSets/hazr-t-dch-des>
2026-05-22 11:34:17.646	[INFO] [DryRun] Create plan: VM=hazr-t-dtg-dtoms01, Disk=t-dtg-dtoms01-disk02, RG=hazr-t-dtg-rg, SizeGB=128, Sku=StandardSSD_LRS, Zone=3, HostCaching=None, DoubleEncryption=True, EncryptionType=EncryptionAtRestWithPlatformAndCustomerKeys, DES=<DryRun: /resourceGroups/hazr-t-dch-rg/providers/Microsoft.Compute/diskEncryptionSets/hazr-t-dch-des>
2026-05-22 11:34:17.669	[INFO] [DryRun] 리소스 그룹 생성 예정: hazr-t-dtg-rg (koreacentral)
2026-05-22 11:34:17.684	[INFO] [DryRun] Create plan: VM=hazr-t-dtg-tsdb01, Disk=t-dtg-tsdb01-disk01, RG=hazr-t-dtg-rg, SizeGB=512, Sku=StandardSSD_LRS, Zone=3, HostCaching=None, DoubleEncryption=True, EncryptionType=EncryptionAtRestWithPlatformAndCustomerKeys, DES=<DryRun: /resourceGroups/hazr-t-dch-rg/providers/Microsoft.Compute/diskEncryptionSets/hazr-t-dch-des>
2026-05-22 11:34:17.701	[INFO] [DryRun] Create plan: VM=hazr-t-dtg-tsdb01, Disk=t-dtg-tsdb01-disk02, RG=hazr-t-dtg-rg, SizeGB=256, Sku=StandardSSD_LRS, Zone=3, HostCaching=None, DoubleEncryption=True, EncryptionType=EncryptionAtRestWithPlatformAndCustomerKeys, DES=<DryRun: /resourceGroups/hazr-t-dch-rg/providers/Microsoft.Compute/diskEncryptionSets/hazr-t-dch-des>
2026-05-22 11:34:17.722	[INFO] [DryRun] 리소스 그룹 생성 예정: hazr-t-dtg-rg (koreacentral)
2026-05-22 11:34:17.739	[INFO] [DryRun] Create plan: VM=hazr-t-dtg-web01, Disk=t-dtg-web01-disk01, RG=hazr-t-dtg-rg, SizeGB=128, Sku=StandardSSD_LRS, Zone=3, HostCaching=None, DoubleEncryption=True, EncryptionType=EncryptionAtRestWithPlatformAndCustomerKeys, DES=<DryRun: /resourceGroups/hazr-t-dch-rg/providers/Microsoft.Compute/diskEncryptionSets/hazr-t-dch-des>
2026-05-22 11:34:17.758	[INFO] [DryRun] Create plan: VM=hazr-t-dtg-web01, Disk=t-dtg-web01-disk02, RG=hazr-t-dtg-rg, SizeGB=128, Sku=StandardSSD_LRS, Zone=3, HostCaching=None, DoubleEncryption=True, EncryptionType=EncryptionAtRestWithPlatformAndCustomerKeys, DES=<DryRun: /resourceGroups/hazr-t-dch-rg/providers/Microsoft.Compute/diskEncryptionSets/hazr-t-dch-des>
2026-05-22 11:34:17.780	[INFO] [DryRun] 리소스 그룹 생성 예정: hazr-t-dtg-rg (koreacentral)
2026-05-22 11:34:17.802	[INFO] [DryRun] Create plan: VM=hazr-t-dtg-zkp01, Disk=t-dtg-zkp01-disk01, RG=hazr-t-dtg-rg, SizeGB=128, Sku=StandardSSD_LRS, Zone=3, HostCaching=None, DoubleEncryption=True, EncryptionType=EncryptionAtRestWithPlatformAndCustomerKeys, DES=<DryRun: /resourceGroups/hazr-t-dch-rg/providers/Microsoft.Compute/diskEncryptionSets/hazr-t-dch-des>
2026-05-22 11:34:17.821	[INFO] [DryRun] Create plan: VM=hazr-t-dtg-zkp01, Disk=t-dtg-zkp01-disk02, RG=hazr-t-dtg-rg, SizeGB=128, Sku=StandardSSD_LRS, Zone=3, HostCaching=None, DoubleEncryption=True, EncryptionType=EncryptionAtRestWithPlatformAndCustomerKeys, DES=<DryRun: /resourceGroups/hazr-t-dch-rg/providers/Microsoft.Compute/diskEncryptionSets/hazr-t-dch-des>
2026-05-22 11:34:17.840	[INFO] [DryRun] 리소스 그룹 생성 예정: hazr-t-dtg-rg (koreacentral)
2026-05-22 11:34:17.856	[INFO] [DryRun] Create plan: VM=hazr-t-dtg-zkp02, Disk=t-dtg-zkp02-disk01, RG=hazr-t-dtg-rg, SizeGB=128, Sku=StandardSSD_LRS, Zone=3, HostCaching=None, DoubleEncryption=True, EncryptionType=EncryptionAtRestWithPlatformAndCustomerKeys, DES=<DryRun: /resourceGroups/hazr-t-dch-rg/providers/Microsoft.Compute/diskEncryptionSets/hazr-t-dch-des>
2026-05-22 11:34:17.872	[INFO] [DryRun] Create plan: VM=hazr-t-dtg-zkp02, Disk=t-dtg-zkp02-disk02, RG=hazr-t-dtg-rg, SizeGB=128, Sku=StandardSSD_LRS, Zone=3, HostCaching=None, DoubleEncryption=True, EncryptionType=EncryptionAtRestWithPlatformAndCustomerKeys, DES=<DryRun: /resourceGroups/hazr-t-dch-rg/providers/Microsoft.Compute/diskEncryptionSets/hazr-t-dch-des>
2026-05-22 11:34:17.898	[INFO] [DryRun] 리소스 그룹 생성 예정: hazr-t-dtg-rg (koreacentral)
2026-05-22 11:34:17.919	[INFO] [DryRun] Create plan: VM=hazr-t-dtg-zkp03, Disk=t-dtg-zkp03-disk01, RG=hazr-t-dtg-rg, SizeGB=128, Sku=StandardSSD_LRS, Zone=3, HostCaching=None, DoubleEncryption=True, EncryptionType=EncryptionAtRestWithPlatformAndCustomerKeys, DES=<DryRun: /resourceGroups/hazr-t-dch-rg/providers/Microsoft.Compute/diskEncryptionSets/hazr-t-dch-des>
2026-05-22 11:34:17.941	[INFO] [DryRun] Create plan: VM=hazr-t-dtg-zkp03, Disk=t-dtg-zkp03-disk02, RG=hazr-t-dtg-rg, SizeGB=128, Sku=StandardSSD_LRS, Zone=3, HostCaching=None, DoubleEncryption=True, EncryptionType=EncryptionAtRestWithPlatformAndCustomerKeys, DES=<DryRun: /resourceGroups/hazr-t-dch-rg/providers/Microsoft.Compute/diskEncryptionSets/hazr-t-dch-des>
2026-05-22 11:34:17.969	[INFO] [DryRun] 리소스 그룹 생성 예정: hazr-t-dtg-rg (koreacentral)
2026-05-22 11:34:17.989	[INFO] [DryRun] Create plan: VM=hazr-t-dtg-kfk01, Disk=t-dtg-kfk01-disk01, RG=hazr-t-dtg-rg, SizeGB=128, Sku=StandardSSD_LRS, Zone=3, HostCaching=None, DoubleEncryption=True, EncryptionType=EncryptionAtRestWithPlatformAndCustomerKeys, DES=<DryRun: /resourceGroups/hazr-t-dch-rg/providers/Microsoft.Compute/diskEncryptionSets/hazr-t-dch-des>
2026-05-22 11:34:18.008	[INFO] [DryRun] Create plan: VM=hazr-t-dtg-kfk01, Disk=t-dtg-kfk01-disk02, RG=hazr-t-dtg-rg, SizeGB=128, Sku=StandardSSD_LRS, Zone=3, HostCaching=None, DoubleEncryption=True, EncryptionType=EncryptionAtRestWithPlatformAndCustomerKeys, DES=<DryRun: /resourceGroups/hazr-t-dch-rg/providers/Microsoft.Compute/diskEncryptionSets/hazr-t-dch-des>
2026-05-22 11:34:18.041	[INFO] [DryRun] 리소스 그룹 생성 예정: hazr-t-dtg-rg (koreacentral)
2026-05-22 11:34:18.064	[INFO] [DryRun] Create plan: VM=hazr-t-dtg-kfk02, Disk=t-dtg-kfk02-disk01, RG=hazr-t-dtg-rg, SizeGB=128, Sku=StandardSSD_LRS, Zone=3, HostCaching=None, DoubleEncryption=True, EncryptionType=EncryptionAtRestWithPlatformAndCustomerKeys, DES=<DryRun: /resourceGroups/hazr-t-dch-rg/providers/Microsoft.Compute/diskEncryptionSets/hazr-t-dch-des>
2026-05-22 11:34:18.079	[INFO] [DryRun] Create plan: VM=hazr-t-dtg-kfk02, Disk=t-dtg-kfk02-disk02, RG=hazr-t-dtg-rg, SizeGB=128, Sku=StandardSSD_LRS, Zone=3, HostCaching=None, DoubleEncryption=True, EncryptionType=EncryptionAtRestWithPlatformAndCustomerKeys, DES=<DryRun: /resourceGroups/hazr-t-dch-rg/providers/Microsoft.Compute/diskEncryptionSets/hazr-t-dch-des>
2026-05-22 11:34:18.099	[INFO] [DryRun] 리소스 그룹 생성 예정: hazr-t-dtg-rg (koreacentral)
2026-05-22 11:34:18.116	[INFO] [DryRun] Create plan: VM=hazr-t-dtg-kfk03, Disk=t-dtg-kfk03-disk01, RG=hazr-t-dtg-rg, SizeGB=128, Sku=StandardSSD_LRS, Zone=3, HostCaching=None, DoubleEncryption=True, EncryptionType=EncryptionAtRestWithPlatformAndCustomerKeys, DES=<DryRun: /resourceGroups/hazr-t-dch-rg/providers/Microsoft.Compute/diskEncryptionSets/hazr-t-dch-des>
2026-05-22 11:34:18.133	[INFO] [DryRun] Create plan: VM=hazr-t-dtg-kfk03, Disk=t-dtg-kfk03-disk02, RG=hazr-t-dtg-rg, SizeGB=128, Sku=StandardSSD_LRS, Zone=3, HostCaching=None, DoubleEncryption=True, EncryptionType=EncryptionAtRestWithPlatformAndCustomerKeys, DES=<DryRun: /resourceGroups/hazr-t-dch-rg/providers/Microsoft.Compute/diskEncryptionSets/hazr-t-dch-des>
2026-05-22 11:34:18.151	[INFO] [DryRun] 리소스 그룹 생성 예정: hazr-t-dtg-rg (koreacentral)
2026-05-22 11:34:18.166	[INFO] [DryRun] Create plan: VM=hazr-t-dtg-mdoms01, Disk=t-dtg-mdoms01-disk01, RG=hazr-t-dtg-rg, SizeGB=128, Sku=StandardSSD_LRS, Zone=3, HostCaching=None, DoubleEncryption=True, EncryptionType=EncryptionAtRestWithPlatformAndCustomerKeys, DES=<DryRun: /resourceGroups/hazr-t-dch-rg/providers/Microsoft.Compute/diskEncryptionSets/hazr-t-dch-des>
2026-05-22 11:34:18.185	[INFO] [DryRun] Create plan: VM=hazr-t-dtg-mdoms01, Disk=t-dtg-mdoms01-disk02, RG=hazr-t-dtg-rg, SizeGB=128, Sku=StandardSSD_LRS, Zone=3, HostCaching=None, DoubleEncryption=True, EncryptionType=EncryptionAtRestWithPlatformAndCustomerKeys, DES=<DryRun: /resourceGroups/hazr-t-dch-rg/providers/Microsoft.Compute/diskEncryptionSets/hazr-t-dch-des>
2026-05-22 11:34:18.204	[INFO] [DryRun] 리소스 그룹 생성 예정: hazr-t-dtg-rg (koreacentral)
2026-05-22 11:34:18.220	[INFO] [DryRun] Create plan: VM=hazr-t-dtg-cdmlap01, Disk=t-dtg-cdmlap01-disk01, RG=hazr-t-dtg-rg, SizeGB=128, Sku=StandardSSD_LRS, Zone=3, HostCaching=None, DoubleEncryption=True, EncryptionType=EncryptionAtRestWithPlatformAndCustomerKeys, DES=<DryRun: /resourceGroups/hazr-t-dch-rg/providers/Microsoft.Compute/diskEncryptionSets/hazr-t-dch-des>
2026-05-22 11:34:18.236	[INFO] [DryRun] Create plan: VM=hazr-t-dtg-cdmlap01, Disk=t-dtg-cdmlap01-disk02, RG=hazr-t-dtg-rg, SizeGB=128, Sku=StandardSSD_LRS, Zone=3, HostCaching=None, DoubleEncryption=True, EncryptionType=EncryptionAtRestWithPlatformAndCustomerKeys, DES=<DryRun: /resourceGroups/hazr-t-dch-rg/providers/Microsoft.Compute/diskEncryptionSets/hazr-t-dch-des>
2026-05-22 11:34:18.265	[INFO] [DryRun] 리소스 그룹 생성 예정: hazr-t-dtg-rg (koreacentral)
2026-05-22 11:34:18.281	[INFO] [DryRun] Create plan: VM=hazr-t-dtg-cdstap01, Disk=t-dtg-cdstap01-disk01, RG=hazr-t-dtg-rg, SizeGB=128, Sku=StandardSSD_LRS, Zone=3, HostCaching=None, DoubleEncryption=True, EncryptionType=EncryptionAtRestWithPlatformAndCustomerKeys, DES=<DryRun: /resourceGroups/hazr-t-dch-rg/providers/Microsoft.Compute/diskEncryptionSets/hazr-t-dch-des>
2026-05-22 11:34:18.295	[INFO] [DryRun] Create plan: VM=hazr-t-dtg-cdstap01, Disk=t-dtg-cdstap01-disk02, RG=hazr-t-dtg-rg, SizeGB=128, Sku=StandardSSD_LRS, Zone=3, HostCaching=None, DoubleEncryption=True, EncryptionType=EncryptionAtRestWithPlatformAndCustomerKeys, DES=<DryRun: /resourceGroups/hazr-t-dch-rg/providers/Microsoft.Compute/diskEncryptionSets/hazr-t-dch-des>
2026-05-22 11:34:18.314	[INFO] [DryRun] 리소스 그룹 생성 예정: hazr-t-dtg-rg (koreacentral)
2026-05-22 11:34:18.328	[INFO] [DryRun] Create plan: VM=hazr-t-dtg-cdsvadm01, Disk=t-dtg-cdsvadm01-disk01, RG=hazr-t-dtg-rg, SizeGB=128, Sku=StandardSSD_LRS, Zone=3, HostCaching=None, DoubleEncryption=True, EncryptionType=EncryptionAtRestWithPlatformAndCustomerKeys, DES=<DryRun: /resourceGroups/hazr-t-dch-rg/providers/Microsoft.Compute/diskEncryptionSets/hazr-t-dch-des>
2026-05-22 11:34:18.342	[INFO] [DryRun] Create plan: VM=hazr-t-dtg-cdsvadm01, Disk=t-dtg-cdsvadm01-disk02, RG=hazr-t-dtg-rg, SizeGB=128, Sku=StandardSSD_LRS, Zone=3, HostCaching=None, DoubleEncryption=True, EncryptionType=EncryptionAtRestWithPlatformAndCustomerKeys, DES=<DryRun: /resourceGroups/hazr-t-dch-rg/providers/Microsoft.Compute/diskEncryptionSets/hazr-t-dch-des>
2026-05-22 11:34:18.365	[INFO] [DryRun] 리소스 그룹 생성 예정: hazr-t-dtg-rg (koreacentral)
2026-05-22 11:34:18.378	[INFO] [DryRun] Create plan: VM=hazr-t-dtg-diosap01, Disk=t-dtg-diosap01-disk01, RG=hazr-t-dtg-rg, SizeGB=128, Sku=StandardSSD_LRS, Zone=3, HostCaching=None, DoubleEncryption=True, EncryptionType=EncryptionAtRestWithPlatformAndCustomerKeys, DES=<DryRun: /resourceGroups/hazr-t-dch-rg/providers/Microsoft.Compute/diskEncryptionSets/hazr-t-dch-des>
2026-05-22 11:34:18.392	[INFO] [DryRun] Create plan: VM=hazr-t-dtg-diosap01, Disk=t-dtg-diosap01-disk02, RG=hazr-t-dtg-rg, SizeGB=128, Sku=StandardSSD_LRS, Zone=3, HostCaching=None, DoubleEncryption=True, EncryptionType=EncryptionAtRestWithPlatformAndCustomerKeys, DES=<DryRun: /resourceGroups/hazr-t-dch-rg/providers/Microsoft.Compute/diskEncryptionSets/hazr-t-dch-des>
2026-05-22 11:34:18.408	[INFO] [DryRun] 리소스 그룹 생성 예정: hazr-t-dtg-rg (koreacentral)
2026-05-22 11:34:18.421	[INFO] [DryRun] Create plan: VM=hazr-t-dtg-diosweb01, Disk=t-dtg-diosweb01-disk01, RG=hazr-t-dtg-rg, SizeGB=128, Sku=StandardSSD_LRS, Zone=3, HostCaching=None, DoubleEncryption=True, EncryptionType=EncryptionAtRestWithPlatformAndCustomerKeys, DES=<DryRun: /resourceGroups/hazr-t-dch-rg/providers/Microsoft.Compute/diskEncryptionSets/hazr-t-dch-des>
2026-05-22 11:34:18.434	[INFO] [DryRun] Create plan: VM=hazr-t-dtg-diosweb01, Disk=t-dtg-diosweb01-disk02, RG=hazr-t-dtg-rg, SizeGB=128, Sku=StandardSSD_LRS, Zone=3, HostCaching=None, DoubleEncryption=True, EncryptionType=EncryptionAtRestWithPlatformAndCustomerKeys, DES=<DryRun: /resourceGroups/hazr-t-dch-rg/providers/Microsoft.Compute/diskEncryptionSets/hazr-t-dch-des>
2026-05-22 11:34:18.453	[INFO] [DryRun] 리소스 그룹 생성 예정: hazr-t-dtg-rg (koreacentral)
2026-05-22 11:34:18.468	[INFO] [DryRun] Create plan: VM=hazr-t-dtg-dprweb01, Disk=t-dtg-dprweb01-disk01, RG=hazr-t-dtg-rg, SizeGB=128, Sku=StandardSSD_LRS, Zone=3, HostCaching=None, DoubleEncryption=True, EncryptionType=EncryptionAtRestWithPlatformAndCustomerKeys, DES=<DryRun: /resourceGroups/hazr-t-dch-rg/providers/Microsoft.Compute/diskEncryptionSets/hazr-t-dch-des>
2026-05-22 11:34:18.481	[INFO] [DryRun] Create plan: VM=hazr-t-dtg-dprweb01, Disk=t-dtg-dprweb01-disk02, RG=hazr-t-dtg-rg, SizeGB=128, Sku=StandardSSD_LRS, Zone=3, HostCaching=None, DoubleEncryption=True, EncryptionType=EncryptionAtRestWithPlatformAndCustomerKeys, DES=<DryRun: /resourceGroups/hazr-t-dch-rg/providers/Microsoft.Compute/diskEncryptionSets/hazr-t-dch-des>
2026-05-22 11:34:18.498	[INFO] [DryRun] 리소스 그룹 생성 예정: hazr-t-dtg-rg (koreacentral)
2026-05-22 11:34:18.511	[INFO] [DryRun] Create plan: VM=hazr-t-dtg-dprap01, Disk=t-dtg-dprap01-disk01, RG=hazr-t-dtg-rg, SizeGB=128, Sku=StandardSSD_LRS, Zone=3, HostCaching=None, DoubleEncryption=True, EncryptionType=EncryptionAtRestWithPlatformAndCustomerKeys, DES=<DryRun: /resourceGroups/hazr-t-dch-rg/providers/Microsoft.Compute/diskEncryptionSets/hazr-t-dch-des>
2026-05-22 11:34:18.524	[INFO] [DryRun] Create plan: VM=hazr-t-dtg-dprap01, Disk=t-dtg-dprap01-disk02, RG=hazr-t-dtg-rg, SizeGB=128, Sku=StandardSSD_LRS, Zone=3, HostCaching=None, DoubleEncryption=True, EncryptionType=EncryptionAtRestWithPlatformAndCustomerKeys, DES=<DryRun: /resourceGroups/hazr-t-dch-rg/providers/Microsoft.Compute/diskEncryptionSets/hazr-t-dch-des>
2026-05-22 11:34:18.541	[INFO] [DryRun] 리소스 그룹 생성 예정: hazr-t-bdp-rg (koreacentral)
2026-05-22 11:34:18.554	[INFO] [DryRun] Create plan: VM=hazr-t-bdp-airfw01, Disk=t-bdp-airfw01-disk01, RG=hazr-t-bdp-rg, SizeGB=128, Sku=StandardSSD_LRS, Zone=3, HostCaching=None, DoubleEncryption=True, EncryptionType=EncryptionAtRestWithPlatformAndCustomerKeys, DES=<DryRun: /resourceGroups/hazr-t-dch-rg/providers/Microsoft.Compute/diskEncryptionSets/hazr-t-dch-des>
2026-05-22 11:34:18.569	[INFO] [DryRun] Create plan: VM=hazr-t-bdp-airfw01, Disk=t-bdp-airfw01-disk02, RG=hazr-t-bdp-rg, SizeGB=128, Sku=StandardSSD_LRS, Zone=3, HostCaching=None, DoubleEncryption=True, EncryptionType=EncryptionAtRestWithPlatformAndCustomerKeys, DES=<DryRun: /resourceGroups/hazr-t-dch-rg/providers/Microsoft.Compute/diskEncryptionSets/hazr-t-dch-des>
2026-05-22 11:34:18.587	[INFO] [DryRun] 리소스 그룹 생성 예정: hazr-t-bdp-rg (koreacentral)
2026-05-22 11:34:18.600	[INFO] [DryRun] Create plan: VM=hazr-t-bdp-kepler01, Disk=t-bdp-kepler01-disk01, RG=hazr-t-bdp-rg, SizeGB=128, Sku=StandardSSD_LRS, Zone=3, HostCaching=None, DoubleEncryption=True, EncryptionType=EncryptionAtRestWithPlatformAndCustomerKeys, DES=<DryRun: /resourceGroups/hazr-t-dch-rg/providers/Microsoft.Compute/diskEncryptionSets/hazr-t-dch-des>
2026-05-22 11:34:18.614	[INFO] [DryRun] Create plan: VM=hazr-t-bdp-kepler01, Disk=t-bdp-kepler01-disk02, RG=hazr-t-bdp-rg, SizeGB=128, Sku=StandardSSD_LRS, Zone=3, HostCaching=None, DoubleEncryption=True, EncryptionType=EncryptionAtRestWithPlatformAndCustomerKeys, DES=<DryRun: /resourceGroups/hazr-t-dch-rg/providers/Microsoft.Compute/diskEncryptionSets/hazr-t-dch-des>
2026-05-22 11:34:18.632	[INFO] [DryRun] 리소스 그룹 생성 예정: hazr-t-bdp-rg (koreacentral)
2026-05-22 11:34:18.645	[INFO] [DryRun] Create plan: VM=hazr-t-bdp-cxmadm01, Disk=t-bdp-cxmadm01-disk01, RG=hazr-t-bdp-rg, SizeGB=128, Sku=StandardSSD_LRS, Zone=3, HostCaching=None, DoubleEncryption=True, EncryptionType=EncryptionAtRestWithPlatformAndCustomerKeys, DES=<DryRun: /resourceGroups/hazr-t-dch-rg/providers/Microsoft.Compute/diskEncryptionSets/hazr-t-dch-des>
2026-05-22 11:34:18.659	[INFO] [DryRun] Create plan: VM=hazr-t-bdp-cxmadm01, Disk=t-bdp-cxmadm01-disk02, RG=hazr-t-bdp-rg, SizeGB=128, Sku=StandardSSD_LRS, Zone=3, HostCaching=None, DoubleEncryption=True, EncryptionType=EncryptionAtRestWithPlatformAndCustomerKeys, DES=<DryRun: /resourceGroups/hazr-t-dch-rg/providers/Microsoft.Compute/diskEncryptionSets/hazr-t-dch-des>
2026-05-22 11:34:18.678	[INFO] [DryRun] 리소스 그룹 생성 예정: hazr-t-bdp-rg (koreacentral)
2026-05-22 11:34:18.690	[INFO] [DryRun] Create plan: VM=hazr-t-bdp-slap01, Disk=t-bdp-slap01-disk01, RG=hazr-t-bdp-rg, SizeGB=128, Sku=StandardSSD_LRS, Zone=3, HostCaching=None, DoubleEncryption=True, EncryptionType=EncryptionAtRestWithPlatformAndCustomerKeys, DES=<DryRun: /resourceGroups/hazr-t-dch-rg/providers/Microsoft.Compute/diskEncryptionSets/hazr-t-dch-des>
2026-05-22 11:34:18.704	[INFO] [DryRun] Create plan: VM=hazr-t-bdp-slap01, Disk=t-bdp-slap01-disk02, RG=hazr-t-bdp-rg, SizeGB=128, Sku=StandardSSD_LRS, Zone=3, HostCaching=None, DoubleEncryption=True, EncryptionType=EncryptionAtRestWithPlatformAndCustomerKeys, DES=<DryRun: /resourceGroups/hazr-t-dch-rg/providers/Microsoft.Compute/diskEncryptionSets/hazr-t-dch-des>
2026-05-22 11:34:18.721	[INFO] [DryRun] 리소스 그룹 생성 예정: hazr-t-dip-rg (koreacentral)
2026-05-22 11:34:18.737	[INFO] [DryRun] Create plan: VM=hazr-t-dip-adm01, Disk=t-dip-adm01-disk01, RG=hazr-t-dip-rg, SizeGB=128, Sku=StandardSSD_LRS, Zone=3, HostCaching=None, DoubleEncryption=True, EncryptionType=EncryptionAtRestWithPlatformAndCustomerKeys, DES=<DryRun: /resourceGroups/hazr-t-dch-rg/providers/Microsoft.Compute/diskEncryptionSets/hazr-t-dch-des>
2026-05-22 11:34:18.750	[INFO] [DryRun] Create plan: VM=hazr-t-dip-adm01, Disk=t-dip-adm01-disk02, RG=hazr-t-dip-rg, SizeGB=128, Sku=StandardSSD_LRS, Zone=3, HostCaching=None, DoubleEncryption=True, EncryptionType=EncryptionAtRestWithPlatformAndCustomerKeys, DES=<DryRun: /resourceGroups/hazr-t-dch-rg/providers/Microsoft.Compute/diskEncryptionSets/hazr-t-dch-des>
2026-05-22 11:34:18.768	[INFO] [DryRun] 리소스 그룹 생성 예정: hazr-t-dip-rg (koreacentral)
2026-05-22 11:34:18.781	[INFO] [DryRun] Create plan: VM=hazr-t-dip-ap01, Disk=t-dip-ap01-disk01, RG=hazr-t-dip-rg, SizeGB=128, Sku=StandardSSD_LRS, Zone=3, HostCaching=None, DoubleEncryption=True, EncryptionType=EncryptionAtRestWithPlatformAndCustomerKeys, DES=<DryRun: /resourceGroups/hazr-t-dch-rg/providers/Microsoft.Compute/diskEncryptionSets/hazr-t-dch-des>
2026-05-22 11:34:18.795	[INFO] [DryRun] Create plan: VM=hazr-t-dip-ap01, Disk=t-dip-ap01-disk02, RG=hazr-t-dip-rg, SizeGB=128, Sku=StandardSSD_LRS, Zone=3, HostCaching=None, DoubleEncryption=True, EncryptionType=EncryptionAtRestWithPlatformAndCustomerKeys, DES=<DryRun: /resourceGroups/hazr-t-dch-rg/providers/Microsoft.Compute/diskEncryptionSets/hazr-t-dch-des>
2026-05-22 11:34:18.845	[INFO] [DryRun] 리소스 그룹 생성 예정: hazr-t-dip-rg (koreacentral)
2026-05-22 11:34:18.860	[INFO] [DryRun] Create plan: VM=hazr-t-dip-flk01, Disk=t-dip-flk01-disk01, RG=hazr-t-dip-rg, SizeGB=128, Sku=StandardSSD_LRS, Zone=3, HostCaching=None, DoubleEncryption=True, EncryptionType=EncryptionAtRestWithPlatformAndCustomerKeys, DES=<DryRun: /resourceGroups/hazr-t-dch-rg/providers/Microsoft.Compute/diskEncryptionSets/hazr-t-dch-des>
2026-05-22 11:34:18.873	[INFO] [DryRun] Create plan: VM=hazr-t-dip-flk01, Disk=t-dip-flk01-disk02, RG=hazr-t-dip-rg, SizeGB=128, Sku=StandardSSD_LRS, Zone=3, HostCaching=None, DoubleEncryption=True, EncryptionType=EncryptionAtRestWithPlatformAndCustomerKeys, DES=<DryRun: /resourceGroups/hazr-t-dch-rg/providers/Microsoft.Compute/diskEncryptionSets/hazr-t-dch-des>
2026-05-22 11:34:18.890	[INFO] [DryRun] 리소스 그룹 생성 예정: hazr-t-dip-rg (koreacentral)
2026-05-22 11:34:18.903	[INFO] [DryRun] Create plan: VM=hazr-t-dip-flk02, Disk=t-dip-flk02-disk01, RG=hazr-t-dip-rg, SizeGB=128, Sku=StandardSSD_LRS, Zone=3, HostCaching=None, DoubleEncryption=True, EncryptionType=EncryptionAtRestWithPlatformAndCustomerKeys, DES=<DryRun: /resourceGroups/hazr-t-dch-rg/providers/Microsoft.Compute/diskEncryptionSets/hazr-t-dch-des>
2026-05-22 11:34:18.916	[INFO] [DryRun] Create plan: VM=hazr-t-dip-flk02, Disk=t-dip-flk02-disk02, RG=hazr-t-dip-rg, SizeGB=128, Sku=StandardSSD_LRS, Zone=3, HostCaching=None, DoubleEncryption=True, EncryptionType=EncryptionAtRestWithPlatformAndCustomerKeys, DES=<DryRun: /resourceGroups/hazr-t-dch-rg/providers/Microsoft.Compute/diskEncryptionSets/hazr-t-dch-des>
2026-05-22 11:34:18.933	[INFO] [DryRun] 리소스 그룹 생성 예정: hazr-t-dip-rg (koreacentral)
2026-05-22 11:34:18.947	[INFO] [DryRun] Create plan: VM=hazr-t-dip-flk03, Disk=t-dip-flk03-disk01, RG=hazr-t-dip-rg, SizeGB=128, Sku=StandardSSD_LRS, Zone=3, HostCaching=None, DoubleEncryption=True, EncryptionType=EncryptionAtRestWithPlatformAndCustomerKeys, DES=<DryRun: /resourceGroups/hazr-t-dch-rg/providers/Microsoft.Compute/diskEncryptionSets/hazr-t-dch-des>
2026-05-22 11:34:18.962	[INFO] [DryRun] Create plan: VM=hazr-t-dip-flk03, Disk=t-dip-flk03-disk02, RG=hazr-t-dip-rg, SizeGB=128, Sku=StandardSSD_LRS, Zone=3, HostCaching=None, DoubleEncryption=True, EncryptionType=EncryptionAtRestWithPlatformAndCustomerKeys, DES=<DryRun: /resourceGroups/hazr-t-dch-rg/providers/Microsoft.Compute/diskEncryptionSets/hazr-t-dch-des>
2026-05-22 11:34:18.979	[INFO] [DryRun] 리소스 그룹 생성 예정: hazr-t-dip-rg (koreacentral)
2026-05-22 11:34:18.992	[INFO] [DryRun] Create plan: VM=hazr-t-dip-geoap01, Disk=t-dip-geoap01-disk01, RG=hazr-t-dip-rg, SizeGB=128, Sku=StandardSSD_LRS, Zone=3, HostCaching=None, DoubleEncryption=True, EncryptionType=EncryptionAtRestWithPlatformAndCustomerKeys, DES=<DryRun: /resourceGroups/hazr-t-dch-rg/providers/Microsoft.Compute/diskEncryptionSets/hazr-t-dch-des>
2026-05-22 11:34:19.005	[INFO] [DryRun] Create plan: VM=hazr-t-dip-geoap01, Disk=t-dip-geoap01-disk02, RG=hazr-t-dip-rg, SizeGB=128, Sku=StandardSSD_LRS, Zone=3, HostCaching=None, DoubleEncryption=True, EncryptionType=EncryptionAtRestWithPlatformAndCustomerKeys, DES=<DryRun: /resourceGroups/hazr-t-dch-rg/providers/Microsoft.Compute/diskEncryptionSets/hazr-t-dch-des>
2026-05-22 11:34:19.024	[INFO] [DryRun] 리소스 그룹 생성 예정: hazr-t-dip-rg (koreacentral)
2026-05-22 11:34:19.037	[INFO] [DryRun] Create plan: VM=hazr-t-dip-kfk01, Disk=t-dip-kfk01-disk01, RG=hazr-t-dip-rg, SizeGB=128, Sku=StandardSSD_LRS, Zone=3, HostCaching=None, DoubleEncryption=True, EncryptionType=EncryptionAtRestWithPlatformAndCustomerKeys, DES=<DryRun: /resourceGroups/hazr-t-dch-rg/providers/Microsoft.Compute/diskEncryptionSets/hazr-t-dch-des>
2026-05-22 11:34:19.049	[INFO] [DryRun] Create plan: VM=hazr-t-dip-kfk01, Disk=t-dip-kfk01-disk02, RG=hazr-t-dip-rg, SizeGB=128, Sku=StandardSSD_LRS, Zone=3, HostCaching=None, DoubleEncryption=True, EncryptionType=EncryptionAtRestWithPlatformAndCustomerKeys, DES=<DryRun: /resourceGroups/hazr-t-dch-rg/providers/Microsoft.Compute/diskEncryptionSets/hazr-t-dch-des>
2026-05-22 11:34:19.068	[INFO] [DryRun] 리소스 그룹 생성 예정: hazr-t-dip-rg (koreacentral)
2026-05-22 11:34:19.080	[INFO] [DryRun] Create plan: VM=hazr-t-dip-kfk02, Disk=t-dip-kfk02-disk01, RG=hazr-t-dip-rg, SizeGB=128, Sku=StandardSSD_LRS, Zone=3, HostCaching=None, DoubleEncryption=True, EncryptionType=EncryptionAtRestWithPlatformAndCustomerKeys, DES=<DryRun: /resourceGroups/hazr-t-dch-rg/providers/Microsoft.Compute/diskEncryptionSets/hazr-t-dch-des>
2026-05-22 11:34:19.094	[INFO] [DryRun] Create plan: VM=hazr-t-dip-kfk02, Disk=t-dip-kfk02-disk02, RG=hazr-t-dip-rg, SizeGB=128, Sku=StandardSSD_LRS, Zone=3, HostCaching=None, DoubleEncryption=True, EncryptionType=EncryptionAtRestWithPlatformAndCustomerKeys, DES=<DryRun: /resourceGroups/hazr-t-dch-rg/providers/Microsoft.Compute/diskEncryptionSets/hazr-t-dch-des>
2026-05-22 11:34:19.113	[INFO] [DryRun] 리소스 그룹 생성 예정: hazr-t-dip-rg (koreacentral)
2026-05-22 11:34:19.125	[INFO] [DryRun] Create plan: VM=hazr-t-dip-kfk03, Disk=t-dip-kfk03-disk01, RG=hazr-t-dip-rg, SizeGB=128, Sku=StandardSSD_LRS, Zone=3, HostCaching=None, DoubleEncryption=True, EncryptionType=EncryptionAtRestWithPlatformAndCustomerKeys, DES=<DryRun: /resourceGroups/hazr-t-dch-rg/providers/Microsoft.Compute/diskEncryptionSets/hazr-t-dch-des>
2026-05-22 11:34:19.137	[INFO] [DryRun] Create plan: VM=hazr-t-dip-kfk03, Disk=t-dip-kfk03-disk02, RG=hazr-t-dip-rg, SizeGB=128, Sku=StandardSSD_LRS, Zone=3, HostCaching=None, DoubleEncryption=True, EncryptionType=EncryptionAtRestWithPlatformAndCustomerKeys, DES=<DryRun: /resourceGroups/hazr-t-dch-rg/providers/Microsoft.Compute/diskEncryptionSets/hazr-t-dch-des>
2026-05-22 11:34:19.154	[INFO] [DryRun] 리소스 그룹 생성 예정: hazr-t-dip-rg (koreacentral)
2026-05-22 11:34:19.167	[INFO] [DryRun] Create plan: VM=hazr-t-dip-mqap01, Disk=t-dip-mqap01-disk01, RG=hazr-t-dip-rg, SizeGB=128, Sku=StandardSSD_LRS, Zone=3, HostCaching=None, DoubleEncryption=True, EncryptionType=EncryptionAtRestWithPlatformAndCustomerKeys, DES=<DryRun: /resourceGroups/hazr-t-dch-rg/providers/Microsoft.Compute/diskEncryptionSets/hazr-t-dch-des>
2026-05-22 11:34:19.181	[INFO] [DryRun] Create plan: VM=hazr-t-dip-mqap01, Disk=t-dip-mqap01-disk02, RG=hazr-t-dip-rg, SizeGB=128, Sku=StandardSSD_LRS, Zone=3, HostCaching=None, DoubleEncryption=True, EncryptionType=EncryptionAtRestWithPlatformAndCustomerKeys, DES=<DryRun: /resourceGroups/hazr-t-dch-rg/providers/Microsoft.Compute/diskEncryptionSets/hazr-t-dch-des>
2026-05-22 11:34:19.203	[INFO] [DryRun] 리소스 그룹 생성 예정: hazr-t-dip-rg (koreacentral)
2026-05-22 11:34:19.216	[INFO] [DryRun] Create plan: VM=hazr-t-dip-mqweb01, Disk=t-dip-mqweb01-disk01, RG=hazr-t-dip-rg, SizeGB=128, Sku=StandardSSD_LRS, Zone=3, HostCaching=None, DoubleEncryption=True, EncryptionType=EncryptionAtRestWithPlatformAndCustomerKeys, DES=<DryRun: /resourceGroups/hazr-t-dch-rg/providers/Microsoft.Compute/diskEncryptionSets/hazr-t-dch-des>
2026-05-22 11:34:19.236	[INFO] [DryRun] Create plan: VM=hazr-t-dip-mqweb01, Disk=t-dip-mqweb01-disk02, RG=hazr-t-dip-rg, SizeGB=128, Sku=StandardSSD_LRS, Zone=3, HostCaching=None, DoubleEncryption=True, EncryptionType=EncryptionAtRestWithPlatformAndCustomerKeys, DES=<DryRun: /resourceGroups/hazr-t-dch-rg/providers/Microsoft.Compute/diskEncryptionSets/hazr-t-dch-des>
2026-05-22 11:34:19.255	[INFO] [DryRun] 리소스 그룹 생성 예정: hazr-t-dip-rg (koreacentral)
2026-05-22 11:34:19.272	[INFO] [DryRun] Create plan: VM=hazr-t-dip-oms01, Disk=t-dip-oms01-disk01, RG=hazr-t-dip-rg, SizeGB=128, Sku=StandardSSD_LRS, Zone=3, HostCaching=None, DoubleEncryption=True, EncryptionType=EncryptionAtRestWithPlatformAndCustomerKeys, DES=<DryRun: /resourceGroups/hazr-t-dch-rg/providers/Microsoft.Compute/diskEncryptionSets/hazr-t-dch-des>
2026-05-22 11:34:19.285	[INFO] [DryRun] Create plan: VM=hazr-t-dip-oms01, Disk=t-dip-oms01-disk02, RG=hazr-t-dip-rg, SizeGB=128, Sku=StandardSSD_LRS, Zone=3, HostCaching=None, DoubleEncryption=True, EncryptionType=EncryptionAtRestWithPlatformAndCustomerKeys, DES=<DryRun: /resourceGroups/hazr-t-dch-rg/providers/Microsoft.Compute/diskEncryptionSets/hazr-t-dch-des>
2026-05-22 11:34:19.306	[INFO] [DryRun] 리소스 그룹 생성 예정: hazr-t-dip-rg (koreacentral)
2026-05-22 11:34:19.320	[INFO] [DryRun] Create plan: VM=hazr-t-dip-web01, Disk=t-dip-web01-disk01, RG=hazr-t-dip-rg, SizeGB=128, Sku=StandardSSD_LRS, Zone=3, HostCaching=None, DoubleEncryption=True, EncryptionType=EncryptionAtRestWithPlatformAndCustomerKeys, DES=<DryRun: /resourceGroups/hazr-t-dch-rg/providers/Microsoft.Compute/diskEncryptionSets/hazr-t-dch-des>
2026-05-22 11:34:19.336	[INFO] [DryRun] Create plan: VM=hazr-t-dip-web01, Disk=t-dip-web01-disk02, RG=hazr-t-dip-rg, SizeGB=128, Sku=StandardSSD_LRS, Zone=3, HostCaching=None, DoubleEncryption=True, EncryptionType=EncryptionAtRestWithPlatformAndCustomerKeys, DES=<DryRun: /resourceGroups/hazr-t-dch-rg/providers/Microsoft.Compute/diskEncryptionSets/hazr-t-dch-des>
2026-05-22 11:34:19.355	[INFO] [DryRun] 리소스 그룹 생성 예정: hazr-t-com-rg (koreacentral)
2026-05-22 11:34:19.374	[INFO] [DryRun] Create plan: VM=hazr-t-com-auth01, Disk=t-com-auth01-disk01, RG=hazr-t-com-rg, SizeGB=128, Sku=StandardSSD_LRS, Zone=3, HostCaching=None, DoubleEncryption=True, EncryptionType=EncryptionAtRestWithPlatformAndCustomerKeys, DES=<DryRun: /resourceGroups/hazr-t-dch-rg/providers/Microsoft.Compute/diskEncryptionSets/hazr-t-dch-des>
2026-05-22 11:34:19.389	[INFO] [DryRun] Create plan: VM=hazr-t-com-auth01, Disk=t-com-auth01-disk02, RG=hazr-t-com-rg, SizeGB=128, Sku=StandardSSD_LRS, Zone=3, HostCaching=None, DoubleEncryption=True, EncryptionType=EncryptionAtRestWithPlatformAndCustomerKeys, DES=<DryRun: /resourceGroups/hazr-t-dch-rg/providers/Microsoft.Compute/diskEncryptionSets/hazr-t-dch-des>
2026-05-22 11:34:19.413	[INFO] [DryRun] 리소스 그룹 생성 예정: hazr-t-com-rg (koreacentral)
2026-05-22 11:34:19.427	[INFO] [DryRun] Create plan: VM=hazr-t-com-proxy01, Disk=t-com-proxy01-disk01, RG=hazr-t-com-rg, SizeGB=128, Sku=StandardSSD_LRS, Zone=3, HostCaching=None, DoubleEncryption=True, EncryptionType=EncryptionAtRestWithPlatformAndCustomerKeys, DES=<DryRun: /resourceGroups/hazr-t-dch-rg/providers/Microsoft.Compute/diskEncryptionSets/hazr-t-dch-des>
2026-05-22 11:34:19.444	[INFO] [DryRun] Create plan: VM=hazr-t-com-proxy01, Disk=t-com-proxy01-disk02, RG=hazr-t-com-rg, SizeGB=128, Sku=StandardSSD_LRS, Zone=3, HostCaching=None, DoubleEncryption=True, EncryptionType=EncryptionAtRestWithPlatformAndCustomerKeys, DES=<DryRun: /resourceGroups/hazr-t-dch-rg/providers/Microsoft.Compute/diskEncryptionSets/hazr-t-dch-des>
2026-05-22 11:34:19.464	[INFO] [DryRun] 리소스 그룹 생성 예정: hazr-t-if-rg (koreacentral)
2026-05-22 11:34:19.478	[INFO] [DryRun] Create plan: VM=hazr-t-if-gramon01, Disk=t-if-gramon01-disk01, RG=hazr-t-if-rg, SizeGB=128, Sku=StandardSSD_LRS, Zone=3, HostCaching=None, DoubleEncryption=True, EncryptionType=EncryptionAtRestWithPlatformAndCustomerKeys, DES=<DryRun: /resourceGroups/hazr-t-dch-rg/providers/Microsoft.Compute/diskEncryptionSets/hazr-t-dch-des>
2026-05-22 11:34:19.490	[INFO] [DryRun] Create plan: VM=hazr-t-if-gramon01, Disk=t-if-gramon01-disk02, RG=hazr-t-if-rg, SizeGB=128, Sku=StandardSSD_LRS, Zone=3, HostCaching=None, DoubleEncryption=True, EncryptionType=EncryptionAtRestWithPlatformAndCustomerKeys, DES=<DryRun: /resourceGroups/hazr-t-dch-rg/providers/Microsoft.Compute/diskEncryptionSets/hazr-t-dch-des>
2026-05-22 11:34:19.507	[INFO] [DryRun] 리소스 그룹 생성 예정: hazr-t-doip-rg (koreacentral)
2026-05-22 11:34:19.520	[INFO] [DryRun] Create plan: VM=hazr-t-doip-web01, Disk=t-doip-web01-disk01, RG=hazr-t-doip-rg, SizeGB=128, Sku=StandardSSD_LRS, Zone=3, HostCaching=None, DoubleEncryption=True, EncryptionType=EncryptionAtRestWithPlatformAndCustomerKeys, DES=<DryRun: /resourceGroups/hazr-t-dch-rg/providers/Microsoft.Compute/diskEncryptionSets/hazr-t-dch-des>
2026-05-22 11:34:19.533	[INFO] [DryRun] Create plan: VM=hazr-t-doip-web01, Disk=t-doip-web01-disk02, RG=hazr-t-doip-rg, SizeGB=128, Sku=StandardSSD_LRS, Zone=3, HostCaching=None, DoubleEncryption=True, EncryptionType=EncryptionAtRestWithPlatformAndCustomerKeys, DES=<DryRun: /resourceGroups/hazr-t-dch-rg/providers/Microsoft.Compute/diskEncryptionSets/hazr-t-dch-des>
2026-05-22 11:34:19.550	[INFO] [DryRun] 리소스 그룹 생성 예정: hazr-t-doip-rg (koreacentral)
2026-05-22 11:34:19.564	[INFO] [DryRun] Create plan: VM=hazr-t-doip-ap01, Disk=t-doip-ap01-disk01, RG=hazr-t-doip-rg, SizeGB=128, Sku=StandardSSD_LRS, Zone=3, HostCaching=None, DoubleEncryption=True, EncryptionType=EncryptionAtRestWithPlatformAndCustomerKeys, DES=<DryRun: /resourceGroups/hazr-t-dch-rg/providers/Microsoft.Compute/diskEncryptionSets/hazr-t-dch-des>
2026-05-22 11:34:19.579	[INFO] [DryRun] Create plan: VM=hazr-t-doip-ap01, Disk=t-doip-ap01-disk02, RG=hazr-t-doip-rg, SizeGB=128, Sku=StandardSSD_LRS, Zone=3, HostCaching=None, DoubleEncryption=True, EncryptionType=EncryptionAtRestWithPlatformAndCustomerKeys, DES=<DryRun: /resourceGroups/hazr-t-dch-rg/providers/Microsoft.Compute/diskEncryptionSets/hazr-t-dch-des>
2026-05-22 11:34:19.598	[INFO] [DryRun] 리소스 그룹 생성 예정: hazr-t-doip-rg (koreacentral)
2026-05-22 11:34:19.611	[INFO] [DryRun] Create plan: VM=hazr-t-doip-adm01, Disk=t-doip-adm01-disk01, RG=hazr-t-doip-rg, SizeGB=128, Sku=StandardSSD_LRS, Zone=3, HostCaching=None, DoubleEncryption=True, EncryptionType=EncryptionAtRestWithPlatformAndCustomerKeys, DES=<DryRun: /resourceGroups/hazr-t-dch-rg/providers/Microsoft.Compute/diskEncryptionSets/hazr-t-dch-des>
2026-05-22 11:34:19.624	[INFO] [DryRun] Create plan: VM=hazr-t-doip-adm01, Disk=t-doip-adm01-disk02, RG=hazr-t-doip-rg, SizeGB=128, Sku=StandardSSD_LRS, Zone=3, HostCaching=None, DoubleEncryption=True, EncryptionType=EncryptionAtRestWithPlatformAndCustomerKeys, DES=<DryRun: /resourceGroups/hazr-t-dch-rg/providers/Microsoft.Compute/diskEncryptionSets/hazr-t-dch-des>
2026-05-22 11:34:19.640	[INFO] [DryRun] 리소스 그룹 생성 예정: hazr-t-bdp-rg (koreacentral)
2026-05-22 11:34:19.656	[INFO] [DryRun] Create plan: VM=hazr-t-bdp-crkweb01, Disk=t-bdp-crkweb01-disk01, RG=hazr-t-bdp-rg, SizeGB=128, Sku=StandardSSD_LRS, Zone=3, HostCaching=None, DoubleEncryption=True, EncryptionType=EncryptionAtRestWithPlatformAndCustomerKeys, DES=<DryRun: /resourceGroups/hazr-t-dch-rg/providers/Microsoft.Compute/diskEncryptionSets/hazr-t-dch-des>
2026-05-22 11:34:19.671	[INFO] [DryRun] Create plan: VM=hazr-t-bdp-crkweb01, Disk=t-bdp-crkweb01-disk02, RG=hazr-t-bdp-rg, SizeGB=128, Sku=StandardSSD_LRS, Zone=3, HostCaching=None, DoubleEncryption=True, EncryptionType=EncryptionAtRestWithPlatformAndCustomerKeys, DES=<DryRun: /resourceGroups/hazr-t-dch-rg/providers/Microsoft.Compute/diskEncryptionSets/hazr-t-dch-des>
2026-05-22 11:34:19.688	[INFO] [DryRun] 리소스 그룹 생성 예정: hazr-t-bdp-rg (koreacentral)
2026-05-22 11:34:19.701	[INFO] [DryRun] Create plan: VM=hazr-t-bdp-crkap01, Disk=t-bdp-crkap01-disk01, RG=hazr-t-bdp-rg, SizeGB=128, Sku=StandardSSD_LRS, Zone=3, HostCaching=None, DoubleEncryption=True, EncryptionType=EncryptionAtRestWithPlatformAndCustomerKeys, DES=<DryRun: /resourceGroups/hazr-t-dch-rg/providers/Microsoft.Compute/diskEncryptionSets/hazr-t-dch-des>
2026-05-22 11:34:19.716	[INFO] [DryRun] Create plan: VM=hazr-t-bdp-crkap01, Disk=t-bdp-crkap01-disk02, RG=hazr-t-bdp-rg, SizeGB=128, Sku=StandardSSD_LRS, Zone=3, HostCaching=None, DoubleEncryption=True, EncryptionType=EncryptionAtRestWithPlatformAndCustomerKeys, DES=<DryRun: /resourceGroups/hazr-t-dch-rg/providers/Microsoft.Compute/diskEncryptionSets/hazr-t-dch-des>
2026-05-22 11:34:19.736	[INFO] [DryRun] 리소스 그룹 생성 예정: hazr-t-bdp-rg (koreacentral)
2026-05-22 11:34:19.749	[INFO] [DryRun] Create plan: VM=hazr-t-bdp-crkml01, Disk=t-bdp-crkml01-disk01, RG=hazr-t-bdp-rg, SizeGB=128, Sku=StandardSSD_LRS, Zone=3, HostCaching=None, DoubleEncryption=True, EncryptionType=EncryptionAtRestWithPlatformAndCustomerKeys, DES=<DryRun: /resourceGroups/hazr-t-dch-rg/providers/Microsoft.Compute/diskEncryptionSets/hazr-t-dch-des>
2026-05-22 11:34:19.763	[INFO] [DryRun] Create plan: VM=hazr-t-bdp-crkml01, Disk=t-bdp-crkml01-disk02, RG=hazr-t-bdp-rg, SizeGB=128, Sku=StandardSSD_LRS, Zone=3, HostCaching=None, DoubleEncryption=True, EncryptionType=EncryptionAtRestWithPlatformAndCustomerKeys, DES=<DryRun: /resourceGroups/hazr-t-dch-rg/providers/Microsoft.Compute/diskEncryptionSets/hazr-t-dch-des>
2026-05-22 11:34:19.780	[INFO] [DryRun] 리소스 그룹 생성 예정: hazr-l-mon-rg (koreacentral)
2026-05-22 11:34:19.794	[INFO] [DryRun] Create plan: VM=hazr-l-mon-whtap01, Disk=l-mon-whtap01-disk01, RG=hazr-l-mon-rg, SizeGB=1024, Sku=StandardSSD_LRS, Zone=1, HostCaching=None, DoubleEncryption=True, EncryptionType=EncryptionAtRestWithPlatformAndCustomerKeys, DES=<DryRun: /resourceGroups/hazr-l-comm-rg/providers/Microsoft.Compute/diskEncryptionSets/hazr-l-comm-double-des>
2026-05-22 11:34:19.806	[INFO] [DryRun] Create plan: VM=hazr-l-mon-whtap01, Disk=l-mon-whtap01-disk02, RG=hazr-l-mon-rg, SizeGB=128, Sku=StandardSSD_LRS, Zone=1, HostCaching=None, DoubleEncryption=True, EncryptionType=EncryptionAtRestWithPlatformAndCustomerKeys, DES=<DryRun: /resourceGroups/hazr-l-comm-rg/providers/Microsoft.Compute/diskEncryptionSets/hazr-l-comm-double-des>
2026-05-22 11:34:19.823	[INFO] [DryRun] 리소스 그룹 생성 예정: hazr-l-mon-rg (koreacentral)
2026-05-22 11:34:19.837	[INFO] [DryRun] Create plan: VM=hazr-l-mon-whtap02, Disk=l-mon-whtap02-disk01, RG=hazr-l-mon-rg, SizeGB=1024, Sku=StandardSSD_LRS, Zone=2, HostCaching=None, DoubleEncryption=True, EncryptionType=EncryptionAtRestWithPlatformAndCustomerKeys, DES=<DryRun: /resourceGroups/hazr-l-comm-rg/providers/Microsoft.Compute/diskEncryptionSets/hazr-l-comm-double-des>
2026-05-22 11:34:19.851	[INFO] [DryRun] Create plan: VM=hazr-l-mon-whtap02, Disk=l-mon-whtap02-disk02, RG=hazr-l-mon-rg, SizeGB=128, Sku=StandardSSD_LRS, Zone=2, HostCaching=None, DoubleEncryption=True, EncryptionType=EncryptionAtRestWithPlatformAndCustomerKeys, DES=<DryRun: /resourceGroups/hazr-l-comm-rg/providers/Microsoft.Compute/diskEncryptionSets/hazr-l-comm-double-des>
2026-05-22 11:34:19.871	[INFO] [DryRun] 리소스 그룹 생성 예정: hazr-l-mon-rg (koreacentral)
2026-05-22 11:34:19.884	[INFO] [DryRun] Create plan: VM=hazr-l-mon-whtap03, Disk=l-mon-whtap03-disk01, RG=hazr-l-mon-rg, SizeGB=128, Sku=StandardSSD_LRS, Zone=3, HostCaching=None, DoubleEncryption=True, EncryptionType=EncryptionAtRestWithPlatformAndCustomerKeys, DES=<DryRun: /resourceGroups/hazr-l-comm-rg/providers/Microsoft.Compute/diskEncryptionSets/hazr-l-comm-double-des>
2026-05-22 11:34:19.898	[INFO] DataDisk Summary: Created=141, Attached=0, Skipped=1, Failed=0
2026-05-22 11:34:19.910	[INFO] [END] Deploy-DataDisks
2026-05-22 11:34:19.924	[INFO] [END] Script
2026-05-22 14:38:42.427	[INFO] [START] Script
2026-05-22 14:38:42.455	[INFO] [START] Initialize-Modules
2026-05-22 14:39:02.022	[INFO] [END] Initialize-Modules
2026-05-22 14:39:02.047	[INFO] [START] Ensure-AzSession
2026-05-22 14:39:05.749	[INFO] [END] Ensure-AzSession
2026-05-22 14:39:05.799	[INFO] [START] Validate-Inputs
2026-05-22 14:39:06.177	[INFO] Excel 시트 로드: VNET
2026-05-22 14:39:06.508	[INFO] [END] Validate-Inputs
2026-05-22 14:39:06.525	[INFO] [START] Deploy-Vnets
2026-05-22 14:39:06.684	[INFO] Excel 시트 로드: VNET
2026-05-22 14:39:06.872	[INFO] [DryRun] 리소스 그룹 생성 예정: hazr-t-dch-rg (koreacentral)
2026-05-22 14:39:06.888	[INFO] [DryRun] VNet 배포 예정: hazr-t-dch-ext-vnet
2026-05-22 14:39:06.901	[INFO] [DryRun] 리소스 그룹 생성 예정: hazr-t-dch-rg (koreacentral)
2026-05-22 14:39:06.917	[INFO] [DryRun] VNet 배포 예정: hazr-t-dch-int-vnet
2026-05-22 14:39:06.991	[INFO] [END] Deploy-Vnets
2026-05-22 14:39:07.013	[INFO] [END] Script
